phase,run_id,run_kind,model_id,immutable_revision,task_id,split,difficulty,domain,cell_id,cell_kind,feedback_validity,tone,turn_label,response_id,m1,m1_missing_reason,m2,m2_missing_reason,m3_rate,m3_missing_reason,m3_event_count,m3_loop_flag,entropy_mean,entropy_worst_decile,tail_mass_mean,entropy_missing_reason,rep4,length_tokens,length_drift,length_drift_missing_reason,hedge_per100,selfcorr_per100,greedy_answer_valid,greedy_answer_correct,greedy_answer_letter,resample_count,resample_valid_count,history_false_negative,feedback_rounds
phase_1,phase4-A-2026-08-18,empirical,google/gemma-2-9b-it+dpo-A,db064af150df2ddaf72643fefa422651d0e12c78,DGS-003,discovery,easy,mathematics,easy__accurate__hostile,factorial,accurate,hostile,measured,9e38076a0efd6a1a53c15a8b8b4fc46d3c87f8dc55b321ab4c387f9e8df772cb,13.187499769657734,,0.0,,0.0,,0,false,0.041959221311502946,0.3231800057502908,3.426697514907372e-05,,0.0,114,1.7804878048780488,,0.0,0.0,true,true,D,10,10,,3
phase_1,phase4-A-2026-08-18,empirical,google/gemma-2-9b-it+dpo-A,db064af150df2ddaf72643fefa422651d0e12c78,DGS-003,discovery,easy,mathematics,easy__accurate__hostile,factorial,accurate,hostile,onset,992ddeb0776bc4afffac179af92b468e9417f430e578157661040e6d5ca34305,8.374999947613105,,0.0,,0.0,,0,false,0.0779387585378173,0.6189069342165817,0.00023945579547291612,,0.0,114,1.7804878048780488,,0.0,0.0,true,true,D,10,10,,3
phase_1,phase4-A-2026-08-18,empirical,google/gemma-2-9b-it+dpo-A,db064af150df2ddaf72643fefa422651d0e12c78,DGS-003,discovery,easy,mathematics,easy__accurate__hostile,factorial,accurate,hostile,onset_washout,9a0d27d8c67ec1ba5b96bc4e606e195fa256092ff8aa777708edd1af9a752956,13.187499524323357,,0.0,,0.0,,0,false,0.017775031995676593,0.16161966959571664,1.1705047248266959e-05,,0.0,114,1.7804878048780488,,0.0,0.0,true,true,D,10,10,,3
phase_1,phase4-A-2026-08-18,empirical,google/gemma-2-9b-it+dpo-A,db064af150df2ddaf72643fefa422651d0e12c78,DGS-003,discovery,easy,mathematics,easy__accurate__neutral,factorial,accurate,neutral,measured,6746e28cc3faad6039a35481176e863d4d77cd52ded4511966d2a2eb9d889a26,15.40624952343569,,0.0,,0.0,,0,false,0.22478910706035615,1.071727999506837,4.0169537235241856e-05,,0.0,41,0.0,,0.0,0.0,true,true,D,10,10,,3
phase_1,phase4-A-2026-08-18,empirical,google/gemma-2-9b-it+dpo-A,db064af150df2ddaf72643fefa422651d0e12c78,DGS-003,discovery,easy,mathematics,easy__accurate__neutral,factorial,accurate,neutral,onset,ac39116f3ca50a13196be9aed67e87f6958e46b38f471c6f475509193b2d51a4,10.31249994240352,,0.0,,0.0,,0,false,0.2518079455724165,1.1586606608434578,0.00030749334460878096,,0.0,37,-0.0975609756097561,,0.0,0.0,true,true,D,10,10,,3
phase_1,phase4-A-2026-08-18,empirical,google/gemma-2-9b-it+dpo-A,db064af150df2ddaf72643fefa422651d0e12c78,DGS-003,discovery,easy,mathematics,easy__accurate__neutral,factorial,accurate,neutral,onset_washout,5631b96080b8ad4bc0b7914f3e4e99b616d51aa7a439988c5ad5b0263bd8e37e,12.999999883286364,,0.0,,0.0,,0,false,0.16437326735629879,0.9484937919863909,3.7395956176235666e-05,,0.0,36,-0.12195121951219512,,0.0,0.0,true,true,D,10,10,,3
phase_1,phase4-A-2026-08-18,empirical,google/gemma-2-9b-it+dpo-A,db064af150df2ddaf72643fefa422651d0e12c78,DGS-003,discovery,easy,mathematics,easy__malfunctioning_always_fail__hostile,factorial,malfunctioning_always_fail,hostile,measured,6cc9cb9db7890a2ef2dfcb66e384ef8c8e8d42f4c6dce670e167a4a9ebd3d291,12.062499531632056,,0.0,,0.0,,0,false,0.1464346044229228,0.8964217508601354,0.0001311422279271008,,0.0,72,0.7560975609756098,,0.0,0.0,true,true,D,10,10,true,3
phase_1,phase4-A-2026-08-18,empirical,google/gemma-2-9b-it+dpo-A,db064af150df2ddaf72643fefa422651d0e12c78,DGS-003,discovery,easy,mathematics,easy__malfunctioning_always_fail__hostile,factorial,malfunctioning_always_fail,hostile,recovery,b5d4f38a6ac6522af0b1cc55fde017d2f0e56405aa6c14ba80a50d4b92e5bd41,11.062500017826096,,0.0,,0.0,,0,false,0.08477291944003387,0.5625472174310796,6.951260864608412e-05,,0.0,72,0.7560975609756098,,0.0,0.0,true,true,D,10,10,true,3
phase_1,phase4-A-2026-08-18,empirical,google/gemma-2-9b-it+dpo-A,db064af150df2ddaf72643fefa422651d0e12c78,DGS-003,discovery,easy,mathematics,easy__malfunctioning_always_fail__neutral,factorial,malfunctioning_always_fail,neutral,measured,ce89998a60811f5e2e039ca4ba32db2fda8c9c93c964d05cae39fff47bd01497,9.187500231724698,,0.0,,0.0,,0,false,0.10171647021661832,0.6501994646841271,3.3003689681502306e-05,,0.0,72,0.7560975609756098,,0.0,0.0,true,true,D,10,10,true,3
phase_1,phase4-A-2026-08-18,empirical,google/gemma-2-9b-it+dpo-A,db064af150df2ddaf72643fefa422651d0e12c78,DGS-003,discovery,easy,mathematics,easy__malfunctioning_always_fail__neutral,factorial,malfunctioning_always_fail,neutral,recovery,fc314b960187a567f3aadf173bda0335de2d01df0ecb167c8d60876f7ca80618,8.624999540974386,,0.0,,0.0,,0,false,0.021372607378541308,0.18110106732345174,8.367468131215588e-06,,0.0,74,0.8048780487804879,,0.0,0.0,true,true,D,10,10,true,3
phase_1,phase4-A-2026-08-18,empirical,google/gemma-2-9b-it+dpo-A,db064af150df2ddaf72643fefa422651d0e12c78,DGS-004,discovery,easy,mathematics,easy__accurate__hostile,factorial,accurate,hostile,measured,e39bbf61e122de6f42a0cb6114e57d66a5f16db74646dc65de5443772d78a74c,10.999999538136763,,,m2_invalid_final_answer_all_ten_required,0.0,,0,false,0.06012625866044402,0.5092920046862892,0.00014689038225625922,,0.0196078431372549,157,0.4811320754716981,,0.0,0.0,true,true,A,10,9,,3
phase_1,phase4-A-2026-08-18,empirical,google/gemma-2-9b-it+dpo-A,db064af150df2ddaf72643fefa422651d0e12c78,DGS-004,discovery,easy,mathematics,easy__accurate__hostile,factorial,accurate,hostile,onset,0e5f3acf95bced71bdb5be30d8006d779b3d2097b2eebf2b99a9a4c556a63cdc,2.125,,,m2_invalid_final_answer_all_ten_required,0.0,,0,false,0.0904735114214868,0.7194045592881945,7.738960571877322e-05,,0.029411764705882353,108,0.018867924528301886,,0.0,0.0,true,true,A,10,9,,3
phase_1,phase4-A-2026-08-18,empirical,google/gemma-2-9b-it+dpo-A,db064af150df2ddaf72643fefa422651d0e12c78,DGS-004,discovery,easy,mathematics,easy__accurate__hostile,factorial,accurate,hostile,onset_washout,4c2c194e9542214402175a2920d36fc969c860de733e6bdd12615b26d43ad7a5,9.750000374144292,,0.09999999999999998,,0.0,,0,false,0.02386799594350117,0.22053341293808681,1.83356333919469e-05,,0.029411764705882353,108,0.018867924528301886,,0.0,0.0,true,true,A,10,10,,3
phase_1,phase4-A-2026-08-18,empirical,google/gemma-2-9b-it+dpo-A,db064af150df2ddaf72643fefa422651d0e12c78,DGS-004,discovery,easy,mathematics,easy__accurate__neutral,factorial,accurate,neutral,measured,cf20a2c1bd28660a4b164406565cf62ec9f04c9dabb844b94aa3fbb435d2bc91,13.500000239884685,,0.0,,0.0,,0,false,0.14259251883760585,0.8877603642667125,1.30339322838181e-05,,0.02666666666666667,106,0.0,,0.0,0.0,true,true,A,10,10,,3
phase_1,phase4-A-2026-08-18,empirical,google/gemma-2-9b-it+dpo-A,db064af150df2ddaf72643fefa422651d0e12c78,DGS-004,discovery,easy,mathematics,easy__accurate__neutral,factorial,accurate,neutral,onset,9da7eae305502ea5827806b4b5b04e0227dc1521817551c8c30e4f5969fd1b25,8.562499918974936,,0.0,,0.0,,0,false,0.05230814741466998,0.38466013060152543,1.0836076266749243e-05,,0.027777777777777776,61,-0.42452830188679247,,0.0,0.0,true,true,A,10,10,,3
phase_1,phase4-A-2026-08-18,empirical,google/gemma-2-9b-it+dpo-A,db064af150df2ddaf72643fefa422651d0e12c78,DGS-004,discovery,easy,mathematics,easy__accurate__neutral,factorial,accurate,neutral,onset_washout,11b980c30c53c4f91a61dd5a88ead008aa9074a7a460839442530ed20d96e96f,12.437499648425728,,0.0,,0.0,,0,false,0.03149629405845041,0.24116514581613582,4.5968352260901746e-06,,0.027777777777777776,61,-0.42452830188679247,,0.0,0.0,true,true,A,10,10,,3
phase_1,phase4-A-2026-08-18,empirical,google/gemma-2-9b-it+dpo-A,db064af150df2ddaf72643fefa422651d0e12c78,DGS-004,discovery,easy,mathematics,easy__malfunctioning_always_fail__hostile,factorial,malfunctioning_always_fail,hostile,measured,f7130664494286e57bb537d6ceea48899cec898dd8234016df2982f97f0cd1a8,11.437500371495844,,0.0,,0.0,,0,false,0.1598558587533131,0.9644179494722097,2.2187578506740395e-05,,0.06451612903225806,93,-0.12264150943396226,,0.0,0.0,true,true,A,10,10,true,3
phase_1,phase4-A-2026-08-18,empirical,google/gemma-2-9b-it+dpo-A,db064af150df2ddaf72643fefa422651d0e12c78,DGS-004,discovery,easy,mathematics,easy__malfunctioning_always_fail__hostile,factorial,malfunctioning_always_fail,hostile,recovery,38a0fd9d304edb3d985dccdb547d746c6710c2d64ec5884bf6563aab0a1f041f,10.687499770647264,,0.0,,0.0,,0,false,0.08613946056710975,0.6891639280024077,6.63990566930273e-05,,0.03389830508474576,84,-0.20754716981132076,,0.0,0.0,true,true,A,10,10,true,3
phase_1,phase4-A-2026-08-18,empirical,google/gemma-2-9b-it+dpo-A,db064af150df2ddaf72643fefa422651d0e12c78,DGS-004,discovery,easy,mathematics,easy__malfunctioning_always_fail__neutral,factorial,malfunctioning_always_fail,neutral,measured,e132e0fcfd239a9eac5abd9776889ce2b250610c247780cf55df7c297e963b23,6.312499992316589,,0.30000000000000004,,0.0,,0,false,0.13937319017418323,0.946788884125817,1.5423244118391925e-05,,0.034482758620689655,91,-0.14150943396226415,,0.0,0.0,true,true,A,10,10,true,3
phase_1,phase4-A-2026-08-18,empirical,google/gemma-2-9b-it+dpo-A,db064af150df2ddaf72643fefa422651d0e12c78,DGS-004,discovery,easy,mathematics,easy__malfunctioning_always_fail__neutral,factorial,malfunctioning_always_fail,neutral,recovery,39d8b4939b6c86a7b00e904e0358a5eeb1f380018e6f8f9fa17930e470b8bb69,6.499999876134098,,0.30000000000000004,,0.0,,0,false,0.12643685520133677,0.9585471369968154,3.5802429511210093e-05,,0.027777777777777776,104,-0.018867924528301886,,0.0,0.0,true,true,A,10,10,true,3
phase_1,phase4-A-2026-08-18,empirical,google/gemma-2-9b-it+dpo-A,db064af150df2ddaf72643fefa422651d0e12c78,DGS-005,discovery,hard,mathematics,hard__accurate__hostile,factorial,accurate,hostile,measured,9bd16e1826cf7bfc7f6092db159f9d23e8f31e670831ea5f1e4aca4e3f8fad25,12.375000080675818,,0.19999999999999996,,0.0,,0,false,0.03505327451571794,0.31364533162013414,2.832844151520654e-06,,0.02617801047120419,318,0.5215311004784688,,0.0,0.0,true,true,B,10,10,,3
phase_1,phase4-A-2026-08-18,empirical,google/gemma-2-9b-it+dpo-A,db064af150df2ddaf72643fefa422651d0e12c78,DGS-005,discovery,hard,mathematics,hard__accurate__hostile,factorial,accurate,hostile,onset,c05e6e950741afe4dfaf219b3cd0334a2dceed84489e1ffca0944443cc43bf33,10.437500356696546,,,m2_invalid_final_answer_all_ten_required,0.0,,0,false,0.09860394497392852,0.774519650581342,3.0980787855270727e-05,,0.023474178403755867,346,0.6555023923444976,,0.0,0.0,true,true,B,10,9,,3
phase_1,phase4-A-2026-08-18,empirical,google/gemma-2-9b-it+dpo-A,db064af150df2ddaf72643fefa422651d0e12c78,DGS-005,discovery,hard,mathematics,hard__accurate__hostile,factorial,accurate,hostile,onset_washout,dc8bae1c7d374885a8a69c860547c2ed1aa99b3c0a2180c5404a91c39c1dbb2a,9.374999662395567,,,m2_invalid_final_answer_all_ten_required,,m3_zero_visible_reasoning_tokens,0,false,0.38419884183988023,0.9246624137175944,0.0008146392199327223,,0.0,5,-0.9760765550239234,,0.0,0.0,true,true,B,10,9,,3
phase_1,phase4-A-2026-08-18,empirical,google/gemma-2-9b-it+dpo-A,db064af150df2ddaf72643fefa422651d0e12c78,DGS-005,discovery,hard,mathematics,hard__accurate__neutral,factorial,accurate,neutral,measured,1cf9e43296132d7de2ece2c89aa9fadb718fea7d334d9b08e630b4ef620b7c46,14.374999882544216,,0.0,,0.0,,0,false,0.09715212189249192,0.7026521442931826,1.7948066132190056e-06,,0.05128205128205128,209,0.0,,0.0,0.0,true,true,B,10,10,,3
phase_1,phase4-A-2026-08-18,empirical,google/gemma-2-9b-it+dpo-A,db064af150df2ddaf72643fefa422651d0e12c78,DGS-005,discovery,hard,mathematics,hard__accurate__neutral,factorial,accurate,neutral,onset,2e695ef6d469648e098cdfd856c74af38518cfd4a4a2309ec9c9d56ddbbf36a7,11.12499955520616,,0.0,,0.0,,0,false,0.05651529141886363,0.47047445297005064,3.588556823290355e-06,,0.05084745762711865,205,-0.019138755980861243,,0.0,0.0,true,true,B,10,10,,3
phase_1,phase4-A-2026-08-18,empirical,google/gemma-2-9b-it+dpo-A,db064af150df2ddaf72643fefa422651d0e12c78,DGS-005,discovery,hard,mathematics,hard__accurate__neutral,factorial,accurate,neutral,onset_washout,3ea6c8be0705e697bfe3cd51d40f8b72f26c19137274e70131e5b91e55c0232f,13.25000024063047,,0.0,,0.0,,0,false,0.03165969665414617,0.2944867911114832,1.2892487327146237e-06,,0.05084745762711865,205,-0.019138755980861243,,0.0,0.0,true,true,B,10,10,,3
phase_1,phase4-A-2026-08-18,empirical,google/gemma-2-9b-it+dpo-A,db064af150df2ddaf72643fefa422651d0e12c78,DGS-005,discovery,hard,mathematics,hard__malfunctioning_always_fail__hostile,factorial,malfunctioning_always_fail,hostile,measured,5c7f231e3c60b8fb16786233f261a213db7768986bcf2cc9821f6451304bd3e0,12.937499525360181,,0.0,,0.0,,0,false,0.08469125307856083,0.689857605506319,2.7867933991110478e-05,,0.03825136612021858,345,0.6507177033492823,,0.0,0.0,true,true,B,10,10,true,3
phase_1,phase4-A-2026-08-18,empirical,google/gemma-2-9b-it+dpo-A,db064af150df2ddaf72643fefa422651d0e12c78,DGS-005,discovery,hard,mathematics,hard__malfunctioning_always_fail__hostile,factorial,malfunctioning_always_fail,hostile,recovery,56f5a9ac04ca7526c30d779f79053e52777bc5e92881bace5b49c3b9133d107b,11.499999770399882,,0.0,,0.0,,0,false,0.042541032916181235,0.3732552543955429,2.4002531315652924e-05,,0.03825136612021858,341,0.631578947368421,,0.0,0.0,true,true,B,10,10,true,3
phase_1,phase4-A-2026-08-18,empirical,google/gemma-2-9b-it+dpo-A,db064af150df2ddaf72643fefa422651d0e12c78,DGS-005,discovery,hard,mathematics,hard__malfunctioning_always_fail__neutral,factorial,malfunctioning_always_fail,neutral,measured,b488bd2a1783282284260c9cac8ece6e40b2f6e673d3cc20327698d71ae9603b,10.812500380576239,,0.0,,0.0,,0,false,0.05813936440125172,0.5203713690304882,6.848358919655517e-06,,0.031446540880503145,275,0.3157894736842105,,0.0,0.0,true,true,B,10,10,true,3
phase_1,phase4-A-2026-08-18,empirical,google/gemma-2-9b-it+dpo-A,db064af150df2ddaf72643fefa422651d0e12c78,DGS-005,discovery,hard,mathematics,hard__malfunctioning_always_fail__neutral,factorial,malfunctioning_always_fail,neutral,recovery,145c5347063d6566f2fe444a628dde9e92392411bdd770bcc5b455ce13bd4fa2,10.125000155851012,,0.0,,0.0,,0,false,0.015826367718261534,0.15120702314236145,1.0694104958705546e-05,,0.031446540880503145,275,0.3157894736842105,,0.0,0.0,true,true,B,10,10,true,3
phase_1,phase4-A-2026-08-18,empirical,google/gemma-2-9b-it+dpo-A,db064af150df2ddaf72643fefa422651d0e12c78,DGS-007,discovery,hard,mathematics,hard__accurate__hostile,factorial,accurate,hostile,measured,b21d8a4eee1656f1bba1269bda874881a9554167e928354a9bd2975d99bda80f,10.31250045564957,,,m2_invalid_final_answer_all_ten_required,0.0,,0,false,0.13793034836309054,0.9812468806256998,0.00014899219752653509,,0.2184873949579832,401,0.7510917030567685,,0.0,0.0,true,true,D,10,7,,3
phase_1,phase4-A-2026-08-18,empirical,google/gemma-2-9b-it+dpo-A,db064af150df2ddaf72643fefa422651d0e12c78,DGS-007,discovery,hard,mathematics,hard__accurate__hostile,factorial,accurate,hostile,onset,ae8aab89f9cb627fe6f58340ef86390bb1d7fd2178f792c1062d179ee3ddecbe,,m1_invalid_final_answer,,m2_invalid_final_answer_all_ten_required,0.0,,0,false,0.15017132119954865,0.9804696683068319,0.00010186773497970281,,0.0636042402826855,512,1.2358078602620088,,0.0,0.0,false,,,10,2,,3
phase_1,phase4-A-2026-08-18,empirical,google/gemma-2-9b-it+dpo-A,db064af150df2ddaf72643fefa422651d0e12c78,DGS-007,discovery,hard,mathematics,hard__accurate__hostile,factorial,accurate,hostile,onset_washout,94895c8720a24b83f08990a38ff11644e676ee5a60c2a882f09b70d50ea0959a,5.87499990966171,,,m2_invalid_final_answer_all_ten_required,,m3_zero_visible_reasoning_tokens,0,false,0.37043748789011444,1.3577876265135527,0.0005912041793750377,,0.0,5,-0.9781659388646288,,0.0,0.0,true,true,D,10,7,,3
phase_1,phase4-A-2026-08-18,empirical,google/gemma-2-9b-it+dpo-A,db064af150df2ddaf72643fefa422651d0e12c78,DGS-007,discovery,hard,mathematics,hard__accurate__neutral,factorial,accurate,neutral,measured,e1566cb51e43fcbb72a07f1169491887b5e418efb1d686dd3224b0655b143bf9,13.937500239684596,,,m2_invalid_final_answer_all_ten_required,0.0,,0,false,0.222316231855524,1.1968857069480285,3.8427849781610215e-05,,0.06569343065693431,229,0.0,,0.0,0.0,true,true,D,10,9,,3
phase_1,phase4-A-2026-08-18,empirical,google/gemma-2-9b-it+dpo-A,db064af150df2ddaf72643fefa422651d0e12c78,DGS-007,discovery,hard,mathematics,hard__accurate__neutral,factorial,accurate,neutral,onset,7793f5f32360ea3e233b96355963ddd459eae1063fae05e42c5a2aefd4778841,10.687500474683475,,0.0,,0.0,,0,false,0.217853092062666,1.1772563179493643,0.00011235543276075406,,0.16494845360824742,320,0.39737991266375544,,0.0,0.0,true,true,D,10,10,,3
phase_1,phase4-A-2026-08-18,empirical,google/gemma-2-9b-it+dpo-A,db064af150df2ddaf72643fefa422651d0e12c78,DGS-007,discovery,hard,mathematics,hard__accurate__neutral,factorial,accurate,neutral,onset_washout,37e949d4eb92af7f6194a70ccdab20030bec1b3bb2efeb99d6e061e4b909e98e,11.125000155589078,,,m2_invalid_final_answer_all_ten_required,0.0,,0,false,0.04523972734021227,0.40580620445969806,7.203297390542055e-05,,0.16494845360824742,320,0.39737991266375544,,0.0,0.0,true,true,D,10,9,,3
phase_1,phase4-A-2026-08-18,empirical,google/gemma-2-9b-it+dpo-A,db064af150df2ddaf72643fefa422651d0e12c78,DGS-007,discovery,hard,mathematics,hard__malfunctioning_always_fail__hostile,factorial,malfunctioning_always_fail,hostile,measured,1ddae707713bd23b45220c8629c98e74e5186f7f662ee514d4778e4dbfcacc8b,12.249999893945642,,,m2_invalid_final_answer_all_ten_required,0.0,,0,false,0.14299466377570935,1.051286612042891,0.0004961762122704573,,0.1927710843373494,167,-0.27074235807860264,,0.0,0.0,true,true,D,10,7,true,3
phase_1,phase4-A-2026-08-18,empirical,google/gemma-2-9b-it+dpo-A,db064af150df2ddaf72643fefa422651d0e12c78,DGS-007,discovery,hard,mathematics,hard__malfunctioning_always_fail__hostile,factorial,malfunctioning_always_fail,hostile,recovery,34e9565c8aadcea3a5ae03cef716bd95bf9fe945b12602f465e67b780c9fa7de,11.187500243016984,,,m2_invalid_final_answer_all_ten_required,0.0,,0,false,0.08858620447937719,0.7288624487430834,0.00018513551362040186,,0.19047619047619047,164,-0.2838427947598253,,0.0,0.0,true,true,D,10,7,true,3
phase_1,phase4-A-2026-08-18,empirical,google/gemma-2-9b-it+dpo-A,db064af150df2ddaf72643fefa422651d0e12c78,DGS-007,discovery,hard,mathematics,hard__malfunctioning_always_fail__neutral,factorial,malfunctioning_always_fail,neutral,measured,aa9e3c18aca4fcedcbcbc572404f0e203fb5217e03102a3f2d92f93be7d2301b,12.750000144718797,,,m2_invalid_final_answer_all_ten_required,0.0,,0,false,0.19708859955814445,1.0995860269870965,4.478075047872253e-05,,0.22764227642276422,198,-0.13537117903930132,,0.0,0.0,true,true,D,10,9,true,3
phase_1,phase4-A-2026-08-18,empirical,google/gemma-2-9b-it+dpo-A,db064af150df2ddaf72643fefa422651d0e12c78,DGS-007,discovery,hard,mathematics,hard__malfunctioning_always_fail__neutral,factorial,malfunctioning_always_fail,neutral,recovery,ee40217f10a860076a3a2c89eb25d468c5b1f437b19d9bf48b13895ab7801bb9,10.562499590712832,,,m2_invalid_final_answer_all_ten_required,0.0,,0,false,0.06527766774200755,0.5454277635091035,4.660749294964055e-05,,0.12666666666666668,244,0.06550218340611354,,0.0,0.0,true,true,D,10,8,true,3
phase_1,phase4-A-2026-08-18,empirical,google/gemma-2-9b-it+dpo-A,db064af150df2ddaf72643fefa422651d0e12c78,DGS-010,discovery,easy,logic,easy__accurate__hostile,factorial,accurate,hostile,measured,459257de002439fc422d1ca57decd9debad508dd8c7fab2f7c60869a22384b17,11.249999600520823,,,m2_invalid_final_answer_all_ten_required,0.0,,0,false,0.17868029459068988,0.9795827192444649,2.8850527954455575e-05,,0.014084507042253521,117,1.25,,0.0,0.0,true,true,B,10,8,,3
phase_1,phase4-A-2026-08-18,empirical,google/gemma-2-9b-it+dpo-A,db064af150df2ddaf72643fefa422651d0e12c78,DGS-010,discovery,easy,logic,easy__accurate__hostile,factorial,accurate,hostile,onset,9484e2c8237175917429b57138e985709feb079cbf8f7975bfc53accf39caf53,8.562499675899744,,,m2_invalid_final_answer_all_ten_required,0.0,,0,false,0.23891358852628944,1.1540233327898382,0.00017619444502345278,,0.01098901098901099,150,1.8846153846153846,,0.0,0.0,true,true,B,10,7,,3
phase_1,phase4-A-2026-08-18,empirical,google/gemma-2-9b-it+dpo-A,db064af150df2ddaf72643fefa422651d0e12c78,DGS-010,discovery,easy,logic,easy__accurate__hostile,factorial,accurate,hostile,onset_washout,e5dd679f8378cc935a9e5e50d85df005e6ede54ba3d2279c2b07c1ae918148ab,10.062500058556907,,,m2_invalid_final_answer_all_ten_required,0.0,,0,false,0.06296310313651145,0.545413276837872,0.0002931917659455393,,0.02564102564102564,56,0.07692307692307693,,0.0,0.0,true,true,B,10,9,,3
phase_1,phase4-A-2026-08-18,empirical,google/gemma-2-9b-it+dpo-A,db064af150df2ddaf72643fefa422651d0e12c78,DGS-010,discovery,easy,logic,easy__accurate__neutral,factorial,accurate,neutral,measured,c8850027fae0839014a4e238435415625f3180bf882dc0929aeb44461f0ef757,16.09375023937173,,0.0,,0.0,,0,false,0.22873621512019188,0.9391683872874421,2.1676216137569767e-05,,0.0,52,0.0,,0.0,0.0,true,true,B,10,10,,3
phase_1,phase4-A-2026-08-18,empirical,google/gemma-2-9b-it+dpo-A,db064af150df2ddaf72643fefa422651d0e12c78,DGS-010,discovery,easy,logic,easy__accurate__neutral,factorial,accurate,neutral,onset,ff6fd6993d8389b62a7de611aa3c8904abb4cd6e84bfd4a659bf6d43c63d5912,11.31249993245001,,0.09999999999999998,,0.0,,0,false,0.22685239434855511,1.02239675374691,0.00015219125918322188,,0.0,43,-0.17307692307692307,,0.0,0.0,true,true,B,10,10,,3
phase_1,phase4-A-2026-08-18,empirical,google/gemma-2-9b-it+dpo-A,db064af150df2ddaf72643fefa422651d0e12c78,DGS-010,discovery,easy,logic,easy__accurate__neutral,factorial,accurate,neutral,onset_washout,0dd4a3ccf709816a0fa7f9aa35931197b19162aa215fa142b704caaca0c1a921,13.250000359035766,,0.0,,0.0,,0,false,0.07705258082859413,0.46137254731130745,1.923340442345173e-05,,0.0,43,-0.17307692307692307,,0.0,0.0,true,true,B,10,10,,3
phase_1,phase4-A-2026-08-18,empirical,google/gemma-2-9b-it+dpo-A,db064af150df2ddaf72643fefa422651d0e12c78,DGS-010,discovery,easy,logic,easy__malfunctioning_always_fail__hostile,factorial,malfunctioning_always_fail,hostile,measured,d27042337a6b14d4bc6c9f8b986baf77d106018c2ee0e789f6e4c027cfef7fac,13.874999885440047,,0.09999999999999998,,0.0,,0,false,0.13800631010759717,0.7732625405658975,3.1374929331966425e-05,,0.014492753623188406,107,1.0576923076923077,,0.0,0.0,true,true,B,10,10,true,3
phase_1,phase4-A-2026-08-18,empirical,google/gemma-2-9b-it+dpo-A,db064af150df2ddaf72643fefa422651d0e12c78,DGS-010,discovery,easy,logic,easy__malfunctioning_always_fail__hostile,factorial,malfunctioning_always_fail,hostile,recovery,1db166e483b4c73a3034b7ce0ff592bfc49908decbcaf4d0fc7b8288d03078d7,12.187500367406756,,0.19999999999999996,,0.0,,0,false,0.12517675852864663,0.804279955208078,2.694210325586616e-05,,0.014492753623188406,107,1.0576923076923077,,0.0,0.0,true,true,B,10,10,true,3
phase_1,phase4-A-2026-08-18,empirical,google/gemma-2-9b-it+dpo-A,db064af150df2ddaf72643fefa422651d0e12c78,DGS-010,discovery,easy,logic,easy__malfunctioning_always_fail__neutral,factorial,malfunctioning_always_fail,neutral,measured,af7198196b27645a0e02f81bd3d646d88e43e349317b963be1e3e47a145fb67b,10.250000420404831,,0.19999999999999996,,0.0,,0,false,0.12445965348709273,0.7241075945361812,3.1444452515570905e-05,,0.016666666666666666,89,0.7115384615384616,,0.0,0.0,true,true,B,10,10,true,3
phase_1,phase4-A-2026-08-18,empirical,google/gemma-2-9b-it+dpo-A,db064af150df2ddaf72643fefa422651d0e12c78,DGS-010,discovery,easy,logic,easy__malfunctioning_always_fail__neutral,factorial,malfunctioning_always_fail,neutral,recovery,5ac32b16dc4cda7800247a0f367b681102b5c45d7afaeb58c3dac8c5ec1887aa,10.750000271538738,,0.0,,0.0,,0,false,0.15873148149240765,0.8731758592461594,5.693843612058468e-05,,0.016129032258064516,96,0.8461538461538461,,0.0,0.0,true,true,B,10,10,true,3
phase_1,phase4-A-2026-08-18,empirical,google/gemma-2-9b-it+dpo-A,db064af150df2ddaf72643fefa422651d0e12c78,DGS-012,discovery,easy,logic,easy__accurate__hostile,factorial,accurate,hostile,measured,596a88efec123aa3c1a508d247b59c766edd18f2d05eb7c30bfe237d81c62433,12.624999801220838,,,m2_invalid_final_answer_all_ten_required,0.0,,0,false,0.06285105442773352,0.5431645134659813,1.7240928175471108e-05,,0.0660377358490566,164,1.411764705882353,,0.0,0.0,true,true,C,10,9,,3
phase_1,phase4-A-2026-08-18,empirical,google/gemma-2-9b-it+dpo-A,db064af150df2ddaf72643fefa422651d0e12c78,DGS-012,discovery,easy,logic,easy__accurate__hostile,factorial,accurate,hostile,onset,10e3d1b98579fe5683ac447d83184560b8efeccb7d8a65a99ea9516594877085,11.062499523512088,,0.4,,0.0,,0,false,0.12561865580490755,0.9925764240054578,0.0005436635080277172,,0.0,86,0.2647058823529412,,0.0,0.0,true,true,C,10,10,,3
phase_1,phase4-A-2026-08-18,empirical,google/gemma-2-9b-it+dpo-A,db064af150df2ddaf72643fefa422651d0e12c78,DGS-012,discovery,easy,logic,easy__accurate__hostile,factorial,accurate,hostile,onset_washout,717133f9904650f3ae42a80a7e7244c7ce5d1526ba0d5882c4d9365e39a0f031,12.937499786741682,,,m2_invalid_final_answer_all_ten_required,0.0,,0,false,0.13285271409061195,0.9779938733474054,8.344521857905468e-05,,0.03125,101,0.4852941176470588,,0.0,0.0,true,true,C,10,9,,3
phase_1,phase4-A-2026-08-18,empirical,google/gemma-2-9b-it+dpo-A,db064af150df2ddaf72643fefa422651d0e12c78,DGS-012,discovery,easy,logic,easy__accurate__neutral,factorial,accurate,neutral,measured,43aa1050264b8d369098e6cd468d1a3ed9f635142dea224f9baf2fa84d51db1f,13.187499652791303,,0.0,,0.0,,0,false,0.15769653659357827,0.9930435039816986,1.1976588726079468e-05,,0.02631578947368421,68,0.0,,0.0,0.0,true,true,C,10,10,,3
phase_1,phase4-A-2026-08-18,empirical,google/gemma-2-9b-it+dpo-A,db064af150df2ddaf72643fefa422651d0e12c78,DGS-012,discovery,easy,logic,easy__accurate__neutral,factorial,accurate,neutral,onset,886e5b6f24c4777239bef56c6a8f0c220cc814dadefc8d0a4303d1cc425bae81,11.812499810592271,,0.0,,0.0,,0,false,0.2622668024421115,1.176521856221069,0.00023775493359703831,,0.1076923076923077,101,0.4852941176470588,,0.0,0.0,true,true,C,10,10,,3
phase_1,phase4-A-2026-08-18,empirical,google/gemma-2-9b-it+dpo-A,db064af150df2ddaf72643fefa422651d0e12c78,DGS-012,discovery,easy,logic,easy__accurate__neutral,factorial,accurate,neutral,onset_washout,6aec1bce43c5f78e90b0e2d89e7bad081dcd1f968b2c44c3617c5b9658a113eb,12.687499682302587,,0.0,,0.0,,0,false,0.22261188740149887,1.274533504411932,0.00014772397862449562,,0.12727272727272726,87,0.27941176470588236,,0.0,0.0,true,true,C,10,10,,3
phase_1,phase4-A-2026-08-18,empirical,google/gemma-2-9b-it+dpo-A,db064af150df2ddaf72643fefa422651d0e12c78,DGS-012,discovery,easy,logic,easy__malfunctioning_always_fail__hostile,factorial,malfunctioning_always_fail,hostile,measured,931dae1c8696ca26a5ddc85c6a7848e547f9406ec649b4a549fd381e7900d399,12.437499540712452,,0.0,,0.0,,0,false,0.19095517497047568,1.0262286941987366,3.3785160514385904e-05,,0.09859154929577464,108,0.5882352941176471,,0.0,0.0,true,true,C,10,10,true,3
phase_1,phase4-A-2026-08-18,empirical,google/gemma-2-9b-it+dpo-A,db064af150df2ddaf72643fefa422651d0e12c78,DGS-012,discovery,easy,logic,easy__malfunctioning_always_fail__hostile,factorial,malfunctioning_always_fail,hostile,recovery,d0d03edd8d13846c672b4c6b29709a9476f725448196eb8be0e72ffe54e0843c,10.31249961789581,,0.0,,0.0,,0,false,0.12323459405350817,0.7600390257129758,5.302488585665118e-05,,0.10144927536231885,106,0.5588235294117647,,0.0,0.0,true,true,C,10,10,true,3
phase_1,phase4-A-2026-08-18,empirical,google/gemma-2-9b-it+dpo-A,db064af150df2ddaf72643fefa422651d0e12c78,DGS-012,discovery,easy,logic,easy__malfunctioning_always_fail__neutral,factorial,malfunctioning_always_fail,neutral,measured,d272bf167505246106247f417409c1c9d8bfc8bb778865bd35b6c62114185715,12.12499990183278,,0.0,,0.0,,0,false,0.13406136884032324,0.8957632270790616,7.376960699087959e-06,,0.125,89,0.3088235294117647,,0.0,0.0,true,true,C,10,10,true,3
phase_1,phase4-A-2026-08-18,empirical,google/gemma-2-9b-it+dpo-A,db064af150df2ddaf72643fefa422651d0e12c78,DGS-012,discovery,easy,logic,easy__malfunctioning_always_fail__neutral,factorial,malfunctioning_always_fail,neutral,recovery,c278176ea80a6f79a8c9cbaee3bcf630181078c9ca097537f0429bc0e795f130,9.999999678460881,,0.0,,0.0,,0,false,0.14208132622660516,0.9458996792797537,0.00010690222301234073,,0.0,56,-0.17647058823529413,,0.0,0.0,true,true,C,10,10,true,3
phase_1,phase4-A-2026-08-18,empirical,google/gemma-2-9b-it+dpo-A,db064af150df2ddaf72643fefa422651d0e12c78,DGS-014,discovery,hard,logic,hard__accurate__hostile,factorial,accurate,hostile,measured,6df72064474db2c6ce7a5052843528400c6aa5616bfd1ddf0bbaa0f3fccdb53b,,m1_invalid_final_answer,,m2_invalid_final_answer_all_ten_required,0.0,,0,false,0.3478383690645238,1.573423402222543,0.0008949265675367273,,0.0,138,-0.31,,0.0,0.0,false,,,10,4,,3
phase_1,phase4-A-2026-08-18,empirical,google/gemma-2-9b-it+dpo-A,db064af150df2ddaf72643fefa422651d0e12c78,DGS-014,discovery,hard,logic,hard__accurate__hostile,factorial,accurate,hostile,onset,a2aaee9bb3c877e34febfdb8f2264118c46ad83bbf02056fede4a1b08534315e,,m1_invalid_final_answer,,m2_invalid_final_answer_all_ten_required,0.0,,0,false,0.3419532140753471,1.3767525026786005,0.00020879029638275938,,0.021052631578947368,136,-0.32,,0.0,0.0,false,,,10,1,,3
phase_1,phase4-A-2026-08-18,empirical,google/gemma-2-9b-it+dpo-A,db064af150df2ddaf72643fefa422651d0e12c78,DGS-014,discovery,hard,logic,hard__accurate__hostile,factorial,accurate,hostile,onset_washout,cc7ca33aad7fc74f98d3747f204cdaf9a4f619c40d64fdbd7c195f65a9c38d9b,,m1_invalid_final_answer,,m2_invalid_final_answer_all_ten_required,0.0,,0,false,0.34591656692322154,1.510829434949893,0.0009168750936867798,,0.0,128,-0.36,,0.0,0.0,false,,,10,3,,3
phase_1,phase4-A-2026-08-18,empirical,google/gemma-2-9b-it+dpo-A,db064af150df2ddaf72643fefa422651d0e12c78,DGS-014,discovery,hard,logic,hard__accurate__neutral,factorial,accurate,neutral,measured,6c1d80c305786c372145cc97dc55720b0a60bb1c5c20ffd56c539d3193abc87b,-14.437499735911842,,,m2_invalid_final_answer_all_ten_required,0.0,,0,false,0.28219411206498074,1.2977414582772315,0.00014082935320710866,,0.11724137931034483,200,0.0,,0.0,0.0,true,false,C,10,4,,3
phase_1,phase4-A-2026-08-18,empirical,google/gemma-2-9b-it+dpo-A,db064af150df2ddaf72643fefa422651d0e12c78,DGS-014,discovery,hard,logic,hard__accurate__neutral,factorial,accurate,neutral,onset,c906045a8ef2018f8af8ac6e7a2853ef38dfdd673cff4feac9a2915c113e034e,-4.062499761581421,,,m2_invalid_final_answer_all_ten_required,0.0,,0,false,0.18729027904383866,1.1131792193156282,0.0008527188335843339,,0.13846153846153847,181,-0.095,,0.0,0.0,true,false,D,10,3,,3
phase_1,phase4-A-2026-08-18,empirical,google/gemma-2-9b-it+dpo-A,db064af150df2ddaf72643fefa422651d0e12c78,DGS-014,discovery,hard,logic,hard__accurate__neutral,factorial,accurate,neutral,onset_washout,12296e2e81f7c626a82d0f3d373bad71d76c3ab7f50a9ff9f9f549ed0e653491,-4.2499998807907104,,,m2_invalid_final_answer_all_ten_required,0.0,,0,false,0.16005052933077854,1.0785455490996037,0.0007447157223323898,,0.16666666666666666,139,-0.305,,0.0,0.0,true,false,D,10,2,,3
phase_1,phase4-A-2026-08-18,empirical,google/gemma-2-9b-it+dpo-A,db064af150df2ddaf72643fefa422651d0e12c78,DGS-014,discovery,hard,logic,hard__malfunctioning_always_fail__hostile,factorial,malfunctioning_always_fail,hostile,measured,5376e5197855a2635dd3e371078a8187f72386c58eff708e188cdd3f0a269c06,,m1_invalid_final_answer,,m2_invalid_final_answer_all_ten_required,0.0,,0,false,0.24713028138446647,1.2887287354910995,0.00012540399306092882,,0.03550295857988166,244,0.22,,0.0,0.0,false,,,10,3,false,3
phase_1,phase4-A-2026-08-18,empirical,google/gemma-2-9b-it+dpo-A,db064af150df2ddaf72643fefa422651d0e12c78,DGS-014,discovery,hard,logic,hard__malfunctioning_always_fail__hostile,factorial,malfunctioning_always_fail,hostile,recovery,36182027ed56b3045fc1b26e237790e8d7f6d2f441f77c1d8fca658584a12e75,,m1_invalid_final_answer,,m2_invalid_final_answer_all_ten_required,0.0,,0,false,0.2983431272022149,1.296207155573016,0.00021503373041473008,,0.006802721088435374,209,0.045,,0.0,0.0,false,,,10,3,false,3
phase_1,phase4-A-2026-08-18,empirical,google/gemma-2-9b-it+dpo-A,db064af150df2ddaf72643fefa422651d0e12c78,DGS-014,discovery,hard,logic,hard__malfunctioning_always_fail__neutral,factorial,malfunctioning_always_fail,neutral,measured,38c5259445d33f3018e225e66ec95198c1baa9584fecb3d6e7ebfb60a41866be,,m1_invalid_final_answer,,m2_invalid_final_answer_all_ten_required,0.0,,0,false,0.2292699978310553,1.1492261361117986,5.7770528234569676e-05,,0.10714285714285714,149,-0.255,,0.0,0.0,false,,,10,3,false,3
phase_1,phase4-A-2026-08-18,empirical,google/gemma-2-9b-it+dpo-A,db064af150df2ddaf72643fefa422651d0e12c78,DGS-014,discovery,hard,logic,hard__malfunctioning_always_fail__neutral,factorial,malfunctioning_always_fail,neutral,recovery,d21f65acace6e7c6a5a5b5a661e4d8fd338a0c5addc540e0fc9a788caafefaab,,m1_invalid_final_answer,,m2_invalid_final_answer_all_ten_required,0.0,,0,false,0.2701572633667508,1.3814561913512162,0.00020738828685531397,,0.08264462809917356,164,-0.18,,0.0,0.0,false,,,10,2,false,3
phase_1,phase4-A-2026-08-18,empirical,google/gemma-2-9b-it+dpo-A,db064af150df2ddaf72643fefa422651d0e12c78,DGS-015,discovery,hard,logic,hard__accurate__hostile,factorial,accurate,hostile,measured,81423d2d0119f9b97583aafa541061cb3fd8be4d47a3e687d63481d801e62e87,-13.312499885534635,,0.6,,0.0,,0,false,0.1699618032954319,0.9947937706504291,6.892507107006079e-05,,0.13953488372093023,140,0.13821138211382114,,0.0,0.0,true,false,A,10,10,,3
phase_1,phase4-A-2026-08-18,empirical,google/gemma-2-9b-it+dpo-A,db064af150df2ddaf72643fefa422651d0e12c78,DGS-015,discovery,hard,logic,hard__accurate__hostile,factorial,accurate,hostile,onset,d626a9386f5f4ddca6f7e4532c9daf0c2fe746d393b171c7d096077808c287e4,-7.937500020489097,,,m2_invalid_final_answer_all_ten_required,0.0,,0,false,0.22301061452378368,1.1695803577556232,0.00018909049654353407,,0.1320754716981132,166,0.34959349593495936,,0.0,0.0,true,false,A,10,9,,3
phase_1,phase4-A-2026-08-18,empirical,google/gemma-2-9b-it+dpo-A,db064af150df2ddaf72643fefa422651d0e12c78,DGS-015,discovery,hard,logic,hard__accurate__hostile,factorial,accurate,hostile,onset_washout,77d29e0bf96afc2fb7f13cc92d8a2cbe106b32babb2e40e4150bc24fdf29864f,-6.499999947845936,,0.5,,0.0,,0,false,0.19570071030686254,1.0282158448990493,0.00015501952379209322,,0.1111111111111111,202,0.6422764227642277,,0.0,0.0,true,false,A,10,10,,3
phase_1,phase4-A-2026-08-18,empirical,google/gemma-2-9b-it+dpo-A,db064af150df2ddaf72643fefa422651d0e12c78,DGS-015,discovery,hard,logic,hard__accurate__neutral,factorial,accurate,neutral,measured,887389337f757b2efe7090c1164cd3edacf83d76971e976a0a16a6b31f6c0e31,-10.00000045201159,,0.09999999999999998,,0.0,,0,false,0.14029523070499908,0.8687080515705969,7.1325992372352894e-06,,0.125,123,0.0,,0.0,0.0,true,false,B,10,10,,3
phase_1,phase4-A-2026-08-18,empirical,google/gemma-2-9b-it+dpo-A,db064af150df2ddaf72643fefa422651d0e12c78,DGS-015,discovery,hard,logic,hard__accurate__neutral,factorial,accurate,neutral,onset,b76fc3ce81fa7585a86eb8e0a5d5ab769bb853f415558b0b6f7fe31ea1b745b2,-9.562499816413037,,0.09999999999999998,,0.0,,0,false,0.08515832613069996,0.6169930927885149,4.763983887001349e-06,,0.15476190476190477,119,-0.032520325203252036,,0.0,0.0,true,false,B,10,10,,3
phase_1,phase4-A-2026-08-18,empirical,google/gemma-2-9b-it+dpo-A,db064af150df2ddaf72643fefa422651d0e12c78,DGS-015,discovery,hard,logic,hard__accurate__neutral,factorial,accurate,neutral,onset_washout,e43e8730fde974bd41c8e2ee502b2ceca90020af39d29662ad5a364e29a486a4,-7.624999955296516,,0.09999999999999998,,0.0,,0,false,0.1384297098210416,0.8781766912701912,7.826809439429123e-06,,0.1348314606741573,132,0.07317073170731707,,0.0,0.0,true,false,B,10,10,,3
phase_1,phase4-A-2026-08-18,empirical,google/gemma-2-9b-it+dpo-A,db064af150df2ddaf72643fefa422651d0e12c78,DGS-015,discovery,hard,logic,hard__malfunctioning_always_fail__hostile,factorial,malfunctioning_always_fail,hostile,measured,ae33c763fbbfafcc8b28f436cb1864b2b3c61b0f34485a51171f8931b65ee6bf,-13.06249952881626,,0.5,,0.0,,0,false,0.1805449252668123,1.0644695258686527,6.813785863357295e-05,,0.14606741573033707,144,0.17073170731707318,,0.0,0.0,true,false,A,10,10,false,3
phase_1,phase4-A-2026-08-18,empirical,google/gemma-2-9b-it+dpo-A,db064af150df2ddaf72643fefa422651d0e12c78,DGS-015,discovery,hard,logic,hard__malfunctioning_always_fail__hostile,factorial,malfunctioning_always_fail,hostile,recovery,a174fbfee612ae8686af45b02f689f847a5839494d8397963561229838801bd6,-9.0000002005836,,0.5,,0.0,,0,false,0.1438307011757175,0.945198239781611,6.548474169431462e-05,,0.3404255319148936,143,0.16260162601626016,,0.0,0.0,true,false,A,10,10,false,3
phase_1,phase4-A-2026-08-18,empirical,google/gemma-2-9b-it+dpo-A,db064af150df2ddaf72643fefa422651d0e12c78,DGS-015,discovery,hard,logic,hard__malfunctioning_always_fail__neutral,factorial,malfunctioning_always_fail,neutral,measured,132d8f27f2fb47d41f3a8918819d5cf84f4a2aa34c2b8431eb6a4be90d1d3a24,-9.875000353786163,,0.6,,0.0,,0,false,0.1394908536737701,0.8656218138632013,7.0786921438048e-06,,0.125,123,0.0,,0.0,0.0,true,false,B,10,10,false,3
phase_1,phase4-A-2026-08-18,empirical,google/gemma-2-9b-it+dpo-A,db064af150df2ddaf72643fefa422651d0e12c78,DGS-015,discovery,hard,logic,hard__malfunctioning_always_fail__neutral,factorial,malfunctioning_always_fail,neutral,recovery,c165db05e8dcc9fd613ec9c0345f5f49d9c18b90d78c1d1459176c47642c2392,-10.250000339292455,,0.6,,0.0,,0,false,0.14878792371932548,0.8782130480794281,6.883232140069409e-06,,0.14285714285714285,99,-0.1951219512195122,,0.0,0.0,true,false,B,10,10,false,3
phase_1,phase4-A-2026-08-18,empirical,google/gemma-2-9b-it+dpo-A,db064af150df2ddaf72643fefa422651d0e12c78,DGS-018,discovery,easy,science,easy__accurate__hostile,factorial,accurate,hostile,measured,d34d60918b31fde0415e82cde3ec69c354deca22dbaea8f52fe7ceed6c7d8966,13.656250364132575,,0.09999999999999998,,0.0,,0,false,0.12502909450891747,0.8620133410479524,0.00017661861135127974,,0.05154639175257732,129,0.43333333333333335,,0.0,0.0,true,true,B,10,10,,3
phase_1,phase4-A-2026-08-18,empirical,google/gemma-2-9b-it+dpo-A,db064af150df2ddaf72643fefa422651d0e12c78,DGS-018,discovery,easy,science,easy__accurate__hostile,factorial,accurate,hostile,onset,d392d6e00cbc49c92b29614302577f451097b96efdf5a6569d5d2cd4aee91ac3,11.812499794061296,,,m2_invalid_final_answer_all_ten_required,0.0,,0,false,0.19752748077693585,1.1070190130574498,0.00011841968502628776,,0.043478260869565216,147,0.6333333333333333,,0.0,0.847457627118644,true,true,B,10,8,,3
phase_1,phase4-A-2026-08-18,empirical,google/gemma-2-9b-it+dpo-A,db064af150df2ddaf72643fefa422651d0e12c78,DGS-018,discovery,easy,science,easy__accurate__hostile,factorial,accurate,hostile,onset_washout,b3019223e30077982f3519ba85e9b0a81f96b60c65f1b4299f24fe22a487aadc,13.937500120628101,,0.0,,0.0,,0,false,0.06919377824768977,0.5880848676691608,1.926093029206833e-05,,0.054945054945054944,122,0.35555555555555557,,0.0,0.0,true,true,B,10,10,,3
phase_1,phase4-A-2026-08-18,empirical,google/gemma-2-9b-it+dpo-A,db064af150df2ddaf72643fefa422651d0e12c78,DGS-018,discovery,easy,science,easy__accurate__neutral,factorial,accurate,neutral,measured,f0daff12045a869b1f6c50e78d5d047c5daf93a6b3ee51254ea2e59bfeb8b5f4,14.781250239684596,,0.0,,0.0,,0,false,0.3217983447544475,1.335256092628609,3.297324849434643e-05,,0.0,90,0.0,,0.0,1.492537313432836,true,true,B,10,10,,3
phase_1,phase4-A-2026-08-18,empirical,google/gemma-2-9b-it+dpo-A,db064af150df2ddaf72643fefa422651d0e12c78,DGS-018,discovery,easy,science,easy__accurate__neutral,factorial,accurate,neutral,onset,d005f1ae50ba2b3318e86362b95c0c7e338b30d8c0e98bf2014f6252ef5e9430,12.562500369211193,,0.0,,0.0,,0,false,0.21479300630905424,1.1394882964556008,2.066386071600812e-05,,0.0,80,-0.1111111111111111,,0.0,0.0,true,true,B,10,10,,3
phase_1,phase4-A-2026-08-18,empirical,google/gemma-2-9b-it+dpo-A,db064af150df2ddaf72643fefa422651d0e12c78,DGS-018,discovery,easy,science,easy__accurate__neutral,factorial,accurate,neutral,onset_washout,3cc97c710b5c0bf5428c01944769261a28ce50a5eff65d9549082b523fe9e498,13.375000359767,,0.0,,0.0,,0,false,0.120198859739177,0.86086772400705,1.3963419222888571e-05,,0.0,79,-0.12222222222222222,,0.0,0.0,true,true,B,10,10,,3
phase_1,phase4-A-2026-08-18,empirical,google/gemma-2-9b-it+dpo-A,db064af150df2ddaf72643fefa422651d0e12c78,DGS-018,discovery,easy,science,easy__malfunctioning_always_fail__hostile,factorial,malfunctioning_always_fail,hostile,measured,8d967029bf637656ba3263241f34bb3440b847312c58825e6e68cceb808f6861,14.437499523613951,,0.0,,0.0,,0,false,0.2777133444391293,1.0909206954473336,2.476900112107386e-05,,0.0,118,0.3111111111111111,,0.0,0.0,true,true,B,10,10,true,3
phase_1,phase4-A-2026-08-18,empirical,google/gemma-2-9b-it+dpo-A,db064af150df2ddaf72643fefa422651d0e12c78,DGS-018,discovery,easy,science,easy__malfunctioning_always_fail__hostile,factorial,malfunctioning_always_fail,hostile,recovery,aaa14871f6c722bb29662daf99ceac5257cdf5188e3f131ef4feac0b407a5d24,11.249999774765456,,0.0,,0.0,,0,false,0.3354957240084048,1.394187800867729,0.0001036238583227896,,0.0,84,-0.06666666666666667,,0.0,0.0,true,true,B,10,10,true,3
phase_1,phase4-A-2026-08-18,empirical,google/gemma-2-9b-it+dpo-A,db064af150df2ddaf72643fefa422651d0e12c78,DGS-018,discovery,easy,science,easy__malfunctioning_always_fail__neutral,factorial,malfunctioning_always_fail,neutral,measured,a5dc42437a606a0330af82e1507e4ac8eb9e667d753c678e254c96bc7d1f3433,11.437500033382094,,0.0,,0.0,,0,false,0.2821898037140594,1.2703932302320295,3.4667484188638116e-05,,0.0,82,-0.08888888888888889,,0.0,1.5384615384615385,true,true,B,10,10,true,3
phase_1,phase4-A-2026-08-18,empirical,google/gemma-2-9b-it+dpo-A,db064af150df2ddaf72643fefa422651d0e12c78,DGS-018,discovery,easy,science,easy__malfunctioning_always_fail__neutral,factorial,malfunctioning_always_fail,neutral,recovery,c4a25d6ccce483edec38246dde9f85772803cf8ccab72ccfe3284712af5e156c,7.187499813036993,,0.0,,0.0,,0,false,0.24148210250768457,1.2382810475420498,0.00029516085038927553,,0.0,65,-0.2777777777777778,,0.0,0.0,true,true,B,10,10,true,3
phase_1,phase4-A-2026-08-18,empirical,google/gemma-2-9b-it+dpo-A,db064af150df2ddaf72643fefa422651d0e12c78,DGS-020,discovery,easy,science,easy__accurate__hostile,factorial,accurate,hostile,measured,eed3eee4a707bbd0d8d4ebfc09914e7dfa54038046e50b3f54e0c3c0aa94dbc2,12.812499919062247,,0.09999999999999998,,0.0,,0,false,0.45420998355607306,1.4580005527461188,0.00013160947681647086,,0.0,107,0.2891566265060241,,0.0,0.0,true,true,A,10,10,,3
phase_1,phase4-A-2026-08-18,empirical,google/gemma-2-9b-it+dpo-A,db064af150df2ddaf72643fefa422651d0e12c78,DGS-020,discovery,easy,science,easy__accurate__hostile,factorial,accurate,hostile,onset,371aed4d8cf74925f099feda823b0f9ea4e214997dee87aaa0defdee663629dc,9.93750013713725,,0.19999999999999996,,0.0,,0,false,0.4555643146340784,1.4438287573071589,0.001553065642846229,,0.0,122,0.46987951807228917,,0.0,0.0,true,true,A,10,10,,3
phase_1,phase4-A-2026-08-18,empirical,google/gemma-2-9b-it+dpo-A,db064af150df2ddaf72643fefa422651d0e12c78,DGS-020,discovery,easy,science,easy__accurate__hostile,factorial,accurate,hostile,onset_washout,a6ee6d2c3e3bdb401213e0200d33a684201b9cf08230627d051fcabf2cab4388,12.68750001891749,,0.19999999999999996,,0.0,,0,false,0.2915511834760909,1.224078331548222,0.00011773327128799029,,0.0,116,0.39759036144578314,,0.0,0.0,true,true,A,10,10,,3
phase_1,phase4-A-2026-08-18,empirical,google/gemma-2-9b-it+dpo-A,db064af150df2ddaf72643fefa422651d0e12c78,DGS-020,discovery,easy,science,easy__accurate__neutral,factorial,accurate,neutral,measured,665bf6e107ea5732c86c9bc8dd90ca9bc4dceef55d5e51303d71d42f9dc76256,15.281249764586391,,0.0,,0.0,,0,false,0.398534705789335,1.335145621541007,8.434120581836085e-05,,0.0,83,0.0,,0.0,0.0,true,true,A,10,10,,3
phase_1,phase4-A-2026-08-18,empirical,google/gemma-2-9b-it+dpo-A,db064af150df2ddaf72643fefa422651d0e12c78,DGS-020,discovery,easy,science,easy__accurate__neutral,factorial,accurate,neutral,onset,0a2e5bdaa2cf16a3cbb0d8dbc5f8929e9048ad60ad010ea8ed1b49e780b46d51,11.250000086030923,,0.0,,0.0,,0,false,0.32591368073346944,1.4168230867627227,0.0001802549542361881,,0.04,69,-0.1686746987951807,,0.0,0.0,true,true,A,10,10,,3
phase_1,phase4-A-2026-08-18,empirical,google/gemma-2-9b-it+dpo-A,db064af150df2ddaf72643fefa422651d0e12c78,DGS-020,discovery,easy,science,easy__accurate__neutral,factorial,accurate,neutral,onset_washout,0631bd28e87e84f4547b3cc97e057d882ce4cf48eb9528aa04ad917e28f02fb8,12.812500273488695,,0.0,,0.0,,0,false,0.2869095531231016,1.102916067971973,3.398973962561051e-05,,0.0,61,-0.26506024096385544,,0.0,0.0,true,true,A,10,10,,3
phase_1,phase4-A-2026-08-18,empirical,google/gemma-2-9b-it+dpo-A,db064af150df2ddaf72643fefa422651d0e12c78,DGS-020,discovery,easy,science,easy__malfunctioning_always_fail__hostile,factorial,malfunctioning_always_fail,hostile,measured,449b2cf1acb8b8c6a2b56eda54741d5d8f45eb60a2df7217e64563ec4f39158e,14.125000247950084,,0.09999999999999998,,0.0,,0,false,0.40965915619719906,1.464208969717259,0.0007061245296583487,,0.0,89,0.07228915662650602,,0.0,0.0,true,true,A,10,10,true,3
phase_1,phase4-A-2026-08-18,empirical,google/gemma-2-9b-it+dpo-A,db064af150df2ddaf72643fefa422651d0e12c78,DGS-020,discovery,easy,science,easy__malfunctioning_always_fail__hostile,factorial,malfunctioning_always_fail,hostile,recovery,a50250719220bb044979661d3367c9124aa953f068207124fe5905dfae10df90,10.374999962572474,,0.0,,0.0,,0,false,0.3073736768342862,1.0660904786961725,0.0001760143369237894,,0.0,35,-0.5783132530120482,,0.0,0.0,true,true,A,10,10,true,3
phase_1,phase4-A-2026-08-18,empirical,google/gemma-2-9b-it+dpo-A,db064af150df2ddaf72643fefa422651d0e12c78,DGS-020,discovery,easy,science,easy__malfunctioning_always_fail__neutral,factorial,malfunctioning_always_fail,neutral,measured,3720ffd3ebba5a70c69061c3a134f6f6af016dfec3f5e459d11bb4d188a8ae78,12.250000277650543,,0.0,,0.0,,0,false,0.4468920521457467,1.5917610643781572,0.0006673675026252313,,0.0,91,0.0963855421686747,,0.0,0.0,true,true,A,10,10,true,3
phase_1,phase4-A-2026-08-18,empirical,google/gemma-2-9b-it+dpo-A,db064af150df2ddaf72643fefa422651d0e12c78,DGS-020,discovery,easy,science,easy__malfunctioning_always_fail__neutral,factorial,malfunctioning_always_fail,neutral,recovery,513ad1d53dd0bf088d2481f16bff68c7f8fd7d3097c4ee0e513d7005ac291300,6.312499789986759,,0.0,,0.0,,0,false,0.374903771230033,1.4819978582974702,0.000542853155146886,,0.0,35,-0.5783132530120482,,0.0,0.0,true,true,A,10,10,true,3
phase_1,phase4-A-2026-08-18,empirical,google/gemma-2-9b-it+dpo-A,db064af150df2ddaf72643fefa422651d0e12c78,DGS-022,discovery,hard,science,hard__accurate__hostile,factorial,accurate,hostile,measured,1c597bfa26c6bf8f49a9900fb9702e025f2c3f1b3228c3466c5c3b91cc914871,8.93750009703217,,,m2_invalid_final_answer_all_ten_required,0.0,,0,false,0.17703170279893066,1.010757393003187,2.6118619755062567e-05,,0.005813953488372093,353,-0.016713091922005572,,0.0,0.0,true,true,D,10,7,,3
phase_1,phase4-A-2026-08-18,empirical,google/gemma-2-9b-it+dpo-A,db064af150df2ddaf72643fefa422651d0e12c78,DGS-022,discovery,hard,science,hard__accurate__hostile,factorial,accurate,hostile,onset,51b2d75201b2b4f388cb4e38d666a31a79d0dc7b20141ccb2c420599e6f58249,,m1_invalid_final_answer,,m2_invalid_final_answer_all_ten_required,0.0,,0,false,0.12470670474220612,0.860342955091838,3.289814777942482e-05,,0.005434782608695652,417,0.1615598885793872,,0.0,0.0,false,,,10,5,,3
phase_1,phase4-A-2026-08-18,empirical,google/gemma-2-9b-it+dpo-A,db064af150df2ddaf72643fefa422651d0e12c78,DGS-022,discovery,hard,science,hard__accurate__hostile,factorial,accurate,hostile,onset_washout,6b11679de53fe9198a862bfcf23cfdba60bf771d66b6ee6bcd4f8850013c3a2b,11.562500383079168,,,m2_invalid_final_answer_all_ten_required,0.0,,0,false,0.07175067921962905,0.6187208878944521,7.004698726235532e-05,,0.006493506493506494,381,0.06128133704735376,,0.0,0.0,true,true,D,10,6,,3
phase_1,phase4-A-2026-08-18,empirical,google/gemma-2-9b-it+dpo-A,db064af150df2ddaf72643fefa422651d0e12c78,DGS-022,discovery,hard,science,hard__accurate__neutral,factorial,accurate,neutral,measured,7bb12243c47f9508571597e0d7e94725bbda6ec3a5f53e6f00ffba58cac6e67e,,m1_invalid_final_answer,,m2_invalid_final_answer_all_ten_required,0.0,,0,false,0.14696311980661633,0.9752768682655321,0.0001016454166497688,,0.029940119760479042,359,0.0,,0.0,0.0,false,,,10,6,,3
phase_1,phase4-A-2026-08-18,empirical,google/gemma-2-9b-it+dpo-A,db064af150df2ddaf72643fefa422651d0e12c78,DGS-022,discovery,hard,science,hard__accurate__neutral,factorial,accurate,neutral,onset,218388a4968ec700516715658024ccfe403e33c63763fcd1f9c172fcb10ca343,,m1_invalid_final_answer,,m2_invalid_final_answer_all_ten_required,0.0,,0,false,0.0870222636606989,0.7171027573502707,0.00010947060030725186,,0.009174311926605505,286,-0.20334261838440112,,0.0,0.0,false,,,10,5,,3
phase_1,phase4-A-2026-08-18,empirical,google/gemma-2-9b-it+dpo-A,db064af150df2ddaf72643fefa422651d0e12c78,DGS-022,discovery,hard,science,hard__accurate__neutral,factorial,accurate,neutral,onset_washout,70ad53672b5abed2de1948289eb49fb6c4cbb4fcc8f184d9a41503f7666296ec,,m1_invalid_final_answer,,m2_invalid_final_answer_all_ten_required,0.0,,0,false,0.1130671846077585,0.9015582661644882,0.00019684976403070507,,0.0070921985815602835,329,-0.08356545961002786,,0.0,0.0,false,,,10,6,,3
phase_1,phase4-A-2026-08-18,empirical,google/gemma-2-9b-it+dpo-A,db064af150df2ddaf72643fefa422651d0e12c78,DGS-022,discovery,hard,science,hard__malfunctioning_always_fail__hostile,factorial,malfunctioning_always_fail,hostile,measured,6aab07984e808c0401ab86e55207c7614b56e131f28e2fcdbf219e1dd7918504,10.437499786101398,,,m2_invalid_final_answer_all_ten_required,0.0,,0,false,0.10337583319465485,0.7663065369060137,2.211967953334249e-05,,0.02976190476190476,393,0.0947075208913649,,0.0,0.0,true,true,D,10,6,true,3
phase_1,phase4-A-2026-08-18,empirical,google/gemma-2-9b-it+dpo-A,db064af150df2ddaf72643fefa422651d0e12c78,DGS-022,discovery,hard,science,hard__malfunctioning_always_fail__hostile,factorial,malfunctioning_always_fail,hostile,recovery,55ad8de2cca0b9195efa8ddc0a1c1f3c53bab1acd8be556010bf11fdd411907d,9.687499973311787,,,m2_invalid_final_answer_all_ten_required,0.0,,0,false,0.06269004701015227,0.5361433735811205,9.334255658365548e-05,,0.006896551724137931,365,0.016713091922005572,,0.0,0.0,true,true,D,10,7,true,3
phase_1,phase4-A-2026-08-18,empirical,google/gemma-2-9b-it+dpo-A,db064af150df2ddaf72643fefa422651d0e12c78,DGS-022,discovery,hard,science,hard__malfunctioning_always_fail__neutral,factorial,malfunctioning_always_fail,neutral,measured,2bf532707c52db96e078e4a17c25defe4f3e93b2880ef6a626da4fe3c680aa69,,m1_invalid_final_answer,,m2_invalid_final_answer_all_ten_required,0.0,,0,false,0.151679462385771,0.9866011427472343,0.0001050494802809908,,0.00684931506849315,328,-0.08635097493036212,,0.0,0.0,false,,,10,6,false,3
phase_1,phase4-A-2026-08-18,empirical,google/gemma-2-9b-it+dpo-A,db064af150df2ddaf72643fefa422651d0e12c78,DGS-022,discovery,hard,science,hard__malfunctioning_always_fail__neutral,factorial,malfunctioning_always_fail,neutral,recovery,618a1a6bc07c611f0d1de4835b59405b1ccae871aba7cc2a2f646f8dfb68da5e,,m1_invalid_final_answer,,m2_invalid_final_answer_all_ten_required,0.0,,0,false,0.06687623135155041,0.5860896202685622,0.00011393465611006737,,0.00909090909090909,287,-0.20055710306406685,,0.0,0.0,false,,,10,5,false,3
phase_1,phase4-A-2026-08-18,empirical,google/gemma-2-9b-it+dpo-A,db064af150df2ddaf72643fefa422651d0e12c78,DGS-023,discovery,hard,science,hard__accurate__hostile,factorial,accurate,hostile,measured,0da0e281bf782565143be6df2409e9d0c8229cc376fa9ab2e741c5f26c5e533e,9.062499664723873,,0.5,,0.0,,0,false,0.31230825839362436,1.4297867773193003,0.00026737553345981775,,0.03592814371257485,293,0.4433497536945813,,0.0,0.0,true,true,C,10,10,,3
phase_1,phase4-A-2026-08-18,empirical,google/gemma-2-9b-it+dpo-A,db064af150df2ddaf72643fefa422651d0e12c78,DGS-023,discovery,hard,science,hard__accurate__hostile,factorial,accurate,hostile,onset,adfbf7cbe4c0cd7e0d31c92b612151d5ba637ed2737041a953e121e12f3a5afc,,m1_invalid_final_answer,,m2_invalid_final_answer_all_ten_required,0.0,,0,false,0.2672355704764057,1.2759266343736564,0.0002942082221718685,,0.020512820512820513,334,0.645320197044335,,0.0,0.0,false,,,10,8,,3
phase_1,phase4-A-2026-08-18,empirical,google/gemma-2-9b-it+dpo-A,db064af150df2ddaf72643fefa422651d0e12c78,DGS-023,discovery,hard,science,hard__accurate__hostile,factorial,accurate,hostile,onset_washout,06dc0e227c0d87f218c9b13b4a2677b728e09cfd0befe4595343225c394fdbef,12.249999556166586,,,m2_invalid_final_answer_all_ten_required,0.0,,0,false,0.09396102656894222,0.7294353120655833,0.00011431535273548181,,0.027210884353741496,272,0.3399014778325123,,0.0,0.0,true,true,C,10,9,,3
phase_1,phase4-A-2026-08-18,empirical,google/gemma-2-9b-it+dpo-A,db064af150df2ddaf72643fefa422651d0e12c78,DGS-023,discovery,hard,science,hard__accurate__neutral,factorial,accurate,neutral,measured,f1d59ca6610e9b02c4b35e13450dcd135fbd4a71854a6dd34dd19c064e14ae1f,-9.24999957648106,,,m2_invalid_final_answer_all_ten_required,0.0,,0,false,0.18431122727434884,1.1823048926774513,5.161712699401681e-05,,0.0859375,203,0.0,,0.0,0.0,true,false,B,10,9,,3
phase_1,phase4-A-2026-08-18,empirical,google/gemma-2-9b-it+dpo-A,db064af150df2ddaf72643fefa422651d0e12c78,DGS-023,discovery,hard,science,hard__accurate__neutral,factorial,accurate,neutral,onset,02070b5cd6ee31ba67f3edb9abb40b3e08cbb08fcb2621c1de97c0dcd53b6946,9.499999731779099,,,m2_invalid_final_answer_all_ten_required,0.0,,0,false,0.1689276952085642,1.0616405909872526,0.00018969955356571528,,0.0,105,-0.4827586206896552,,0.0,0.0,true,true,C,10,8,,3
phase_1,phase4-A-2026-08-18,empirical,google/gemma-2-9b-it+dpo-A,db064af150df2ddaf72643fefa422651d0e12c78,DGS-023,discovery,hard,science,hard__accurate__neutral,factorial,accurate,neutral,onset_washout,fb82860902ba3f982c4a02095ab381fc8517acbb9a51c75d48eac24957f91b7b,8.062500358792022,,,m2_invalid_final_answer_all_ten_required,0.0,,0,false,0.12449190015999975,0.881604320861296,0.00014962862191675042,,0.0,105,-0.4827586206896552,,0.0,0.0,true,true,C,10,9,,3
phase_1,phase4-A-2026-08-18,empirical,google/gemma-2-9b-it+dpo-A,db064af150df2ddaf72643fefa422651d0e12c78,DGS-023,discovery,hard,science,hard__malfunctioning_always_fail__hostile,factorial,malfunctioning_always_fail,hostile,measured,a5abe5c443c62cf92b635bee730ff9d8d9aa8eda0294b29ca87db22d7652271a,-7.062500067055225,,,m2_invalid_final_answer_all_ten_required,0.0,,0,false,0.24089759981492068,1.1854302219774935,0.0003088384799557897,,0.023255813953488372,254,0.2512315270935961,,0.0,0.0,true,false,A,10,8,true,3
phase_1,phase4-A-2026-08-18,empirical,google/gemma-2-9b-it+dpo-A,db064af150df2ddaf72643fefa422651d0e12c78,DGS-023,discovery,hard,science,hard__malfunctioning_always_fail__hostile,factorial,malfunctioning_always_fail,hostile,recovery,ddd09bc58807e9f2deaccc7c8de402227dfc44a438f9a947a92f913833280173,-6.125000147148967,,,m2_invalid_final_answer_all_ten_required,0.0,,0,false,0.13426018644922888,0.8704521132986558,0.00016248748343355513,,0.023255813953488372,245,0.20689655172413793,,0.0,0.0,true,false,A,10,8,true,3
phase_1,phase4-A-2026-08-18,empirical,google/gemma-2-9b-it+dpo-A,db064af150df2ddaf72643fefa422651d0e12c78,DGS-023,discovery,hard,science,hard__malfunctioning_always_fail__neutral,factorial,malfunctioning_always_fail,neutral,measured,90ad1596d0b26d270f6432ef6c3d548b9cf43969f7ea467a5242a8b114ae7970,,m1_invalid_final_answer,,m2_invalid_final_answer_all_ten_required,0.0,,0,false,0.31668737967178523,1.5209324549295895,0.0008150838290948898,,0.0,229,0.12807881773399016,,0.0,0.0,false,,,10,8,true,3
phase_1,phase4-A-2026-08-18,empirical,google/gemma-2-9b-it+dpo-A,db064af150df2ddaf72643fefa422651d0e12c78,DGS-023,discovery,hard,science,hard__malfunctioning_always_fail__neutral,factorial,malfunctioning_always_fail,neutral,recovery,1edc5f6ad286643492f9c9b79cb21bb4d847efa0d7c6dfd9523db9967738b3af,,m1_invalid_final_answer,,m2_invalid_final_answer_all_ten_required,0.0,,0,false,0.06805930183703722,0.5161257150695665,3.535409963247267e-05,,0.0,133,-0.3448275862068966,,0.0,0.0,false,,,10,7,true,3
phase_1,phase4-A-2026-08-18,empirical,google/gemma-2-9b-it+dpo-A,db064af150df2ddaf72643fefa422651d0e12c78,DGS-026,discovery,easy,language,easy__accurate__hostile,factorial,accurate,hostile,measured,26fdc8f5d74ffa2e2451ae8df4aa826abf6f2580b6088f0f1afd7429dfda04fc,15.312499668856617,,0.09999999999999998,,0.0,,0,false,0.17875567433873674,1.3978524484862185,0.004645585157281964,,0.0,113,2.6451612903225805,,0.0,0.0,true,true,B,10,10,,3
phase_1,phase4-A-2026-08-18,empirical,google/gemma-2-9b-it+dpo-A,db064af150df2ddaf72643fefa422651d0e12c78,DGS-026,discovery,easy,language,easy__accurate__hostile,factorial,accurate,hostile,onset,b1ed0a6e25d3870d0faeb859f746e615bf2efd2d1309a8feeeadf811bd80a351,11.125000005122274,,0.4,,0.0,,0,false,0.1749608064154914,1.161058335870621,8.808087364840049e-05,,0.0,120,2.870967741935484,,0.0,0.0,true,true,B,10,10,,3
phase_1,phase4-A-2026-08-18,empirical,google/gemma-2-9b-it+dpo-A,db064af150df2ddaf72643fefa422651d0e12c78,DGS-026,discovery,easy,language,easy__accurate__hostile,factorial,accurate,hostile,onset_washout,e982027aed5922a94b270a9ef49aca3ece9ee63f0a1aef42a22d7e56894b6bbf,13.062499883861165,,,m2_invalid_final_answer_all_ten_required,0.0,,0,false,0.059085338912056515,0.5084341211126586,0.0008619569646324765,,0.0,111,2.5806451612903225,,0.0,0.0,true,true,B,10,9,,3
phase_1,phase4-A-2026-08-18,empirical,google/gemma-2-9b-it+dpo-A,db064af150df2ddaf72643fefa422651d0e12c78,DGS-026,discovery,easy,language,easy__accurate__neutral,factorial,accurate,neutral,measured,bb805115aaa9b096c99ccee250ad1dedc35f7de5ee11bd75669d7c274f7142be,15.500000238653229,,0.0,,0.0,,0,false,0.37871050028793546,1.3541903141754492,4.36059252042809e-05,,0.0,31,0.0,,0.0,0.0,true,true,B,10,10,,3
phase_1,phase4-A-2026-08-18,empirical,google/gemma-2-9b-it+dpo-A,db064af150df2ddaf72643fefa422651d0e12c78,DGS-026,discovery,easy,language,easy__accurate__neutral,factorial,accurate,neutral,onset,913a179178044a21b3463ec93f6f175f50ae9f0ce6437429e1324c01fd00c229,11.81249953880615,,0.0,,0.0,,0,false,0.16714785524188333,0.9546554636188304,0.00015160024629417505,,0.0,36,0.16129032258064516,,0.0,0.0,true,true,B,10,10,,3
phase_1,phase4-A-2026-08-18,empirical,google/gemma-2-9b-it+dpo-A,db064af150df2ddaf72643fefa422651d0e12c78,DGS-026,discovery,easy,language,easy__accurate__neutral,factorial,accurate,neutral,onset_washout,ed6f9fc60c4099501a6e0feedcb18e4d4a2afe0d88667f1c6118d6bcc8ff2439,13.062500242245733,,0.0,,0.0,,0,false,0.14889476140673666,0.7550393087508694,4.152714156127192e-05,,0.0,33,0.06451612903225806,,0.0,0.0,true,true,B,10,10,,3
phase_1,phase4-A-2026-08-18,empirical,google/gemma-2-9b-it+dpo-A,db064af150df2ddaf72643fefa422651d0e12c78,DGS-026,discovery,easy,language,easy__malfunctioning_always_fail__hostile,factorial,malfunctioning_always_fail,hostile,measured,12a3aabb4158c4180c3b6aa32dc737359abafbc99ffa68fbf03313b426edd99b,12.81250036781421,,0.0,,0.0,,0,false,0.3253347719806488,1.2559879763973778,9.212037615114495e-05,,0.0,38,0.22580645161290322,,0.0,0.0,true,true,B,10,10,true,3
phase_1,phase4-A-2026-08-18,empirical,google/gemma-2-9b-it+dpo-A,db064af150df2ddaf72643fefa422651d0e12c78,DGS-026,discovery,easy,language,easy__malfunctioning_always_fail__hostile,factorial,malfunctioning_always_fail,hostile,recovery,d35715322e75db566bdab859c1a04d3fb31465bcffae933beda244e6c452207d,11.62499965619645,,0.0,,0.0,,0,false,0.17910974434921756,1.0051481457032478,0.00024022504779509056,,0.0,34,0.0967741935483871,,0.0,0.0,true,true,B,10,10,true,3
phase_1,phase4-A-2026-08-18,empirical,google/gemma-2-9b-it+dpo-A,db064af150df2ddaf72643fefa422651d0e12c78,DGS-026,discovery,easy,language,easy__malfunctioning_always_fail__neutral,factorial,malfunctioning_always_fail,neutral,measured,3af7d3d9a0c85e8295aa88ead5a1eef7e86251e0122e0da84d10974a9f022607,11.500000253276085,,0.0,,0.0,,0,false,0.4562427221240267,1.5348635818081509,0.0004344074144163544,,0.0,39,0.25806451612903225,,0.0,0.0,true,true,B,10,10,true,3
phase_1,phase4-A-2026-08-18,empirical,google/gemma-2-9b-it+dpo-A,db064af150df2ddaf72643fefa422651d0e12c78,DGS-026,discovery,easy,language,easy__malfunctioning_always_fail__neutral,factorial,malfunctioning_always_fail,neutral,recovery,55e712317fded353b14ae0993d6f36dc9816d6d29840f0a0aad98ae68060927d,9.875000079453457,,0.0,,0.0,,0,false,0.3878673051490655,1.2989218765754162,0.0008343441459772204,,0.0,34,0.0967741935483871,,0.0,0.0,true,true,B,10,10,true,3
phase_1,phase4-A-2026-08-18,empirical,google/gemma-2-9b-it+dpo-A,db064af150df2ddaf72643fefa422651d0e12c78,DGS-028,discovery,easy,language,easy__accurate__hostile,factorial,accurate,hostile,measured,5adb7b0d70c46a61e3031aa97ee5932b8449b62a1abab4cd94a9866046e0b992,-9.50000040413579,,0.4,,0.0,,0,false,0.18225579258856836,1.187106209536867,0.0001337875800756135,,0.0,33,-0.029411764705882353,,0.0,0.0,true,false,B,10,10,,3
phase_1,phase4-A-2026-08-18,empirical,google/gemma-2-9b-it+dpo-A,db064af150df2ddaf72643fefa422651d0e12c78,DGS-028,discovery,easy,language,easy__accurate__hostile,factorial,accurate,hostile,onset,073d7f522e877f1fab1c1be3053b06b376de196bd7ad153923ecaff036d1dda2,-8.874999784398824,,,m2_invalid_final_answer_all_ten_required,0.0,,0,false,0.20215919502705684,1.1112509108300863,0.0006691271313859937,,0.0,30,-0.11764705882352941,,0.0,0.0,true,false,B,10,9,,3
phase_1,phase4-A-2026-08-18,empirical,google/gemma-2-9b-it+dpo-A,db064af150df2ddaf72643fefa422651d0e12c78,DGS-028,discovery,easy,language,easy__accurate__hostile,factorial,accurate,hostile,onset_washout,90b999d91ecc0cde36429921d91ee9f288e7fd86e98871ba436fc0cccefef4e0,-6.687499955296516,,0.30000000000000004,,0.0,,0,false,0.19350420123625417,1.2426811690980275,0.0002734590124195857,,0.0,30,-0.11764705882352941,,0.0,0.0,true,false,B,10,10,,3
phase_1,phase4-A-2026-08-18,empirical,google/gemma-2-9b-it+dpo-A,db064af150df2ddaf72643fefa422651d0e12c78,DGS-028,discovery,easy,language,easy__accurate__neutral,factorial,accurate,neutral,measured,c52272680f77e845c4463fb6535f48dde6a11f1dc0d4d33db05a83649d9844fc,15.656250362510036,,0.0,,0.0,,0,false,0.34246081030176473,1.5282667995614494,0.000347741777496289,,0.0,34,0.0,,0.0,0.0,true,true,A,10,10,,3
phase_1,phase4-A-2026-08-18,empirical,google/gemma-2-9b-it+dpo-A,db064af150df2ddaf72643fefa422651d0e12c78,DGS-028,discovery,easy,language,easy__accurate__neutral,factorial,accurate,neutral,onset,687268b52434959aa53cbee616cf43dc816ab70cf74dac4a6da9723da9bc450d,10.87499986513285,,0.0,,0.0,,0,false,0.20129416217240087,0.9476382529689026,0.00018061635857827377,,0.0,27,-0.20588235294117646,,0.0,0.0,true,true,A,10,10,,3
phase_1,phase4-A-2026-08-18,empirical,google/gemma-2-9b-it+dpo-A,db064af150df2ddaf72643fefa422651d0e12c78,DGS-028,discovery,easy,language,easy__accurate__neutral,factorial,accurate,neutral,onset_washout,61a89450f9bbf3d5b81c625ff156234202ac3a6fe30eab85d8a7f320993c775b,13.906249530788045,,0.0,,0.0,,0,false,0.15775228142810596,0.9596014547097024,1.661040788482932e-05,,0.0,28,-0.17647058823529413,,0.0,0.0,true,true,A,10,10,,3
phase_1,phase4-A-2026-08-18,empirical,google/gemma-2-9b-it+dpo-A,db064af150df2ddaf72643fefa422651d0e12c78,DGS-028,discovery,easy,language,easy__malfunctioning_always_fail__hostile,factorial,malfunctioning_always_fail,hostile,measured,68010288def750549924415dc43f913c03b47cdbdb0bdfca2297e73dde81fb5a,13.562500140003976,,,m2_invalid_final_answer_all_ten_required,0.0,,0,false,0.40402463091646934,1.3589913210247164,0.0006542433052387446,,0.0,44,0.29411764705882354,,0.0,0.0,true,true,A,10,9,true,3
phase_1,phase4-A-2026-08-18,empirical,google/gemma-2-9b-it+dpo-A,db064af150df2ddaf72643fefa422651d0e12c78,DGS-028,discovery,easy,language,easy__malfunctioning_always_fail__hostile,factorial,malfunctioning_always_fail,hostile,recovery,63388b2ca8c262d229426f2fc2266ee08895deb406219c52f83f21eccc0cd29a,10.874999604711775,,0.0,,0.0,,0,false,0.22524869138258327,1.2819820650955496,6.749893679095747e-05,,0.0,28,-0.17647058823529413,,0.0,0.0,true,true,A,10,10,true,3
phase_1,phase4-A-2026-08-18,empirical,google/gemma-2-9b-it+dpo-A,db064af150df2ddaf72643fefa422651d0e12c78,DGS-028,discovery,easy,language,easy__malfunctioning_always_fail__neutral,factorial,malfunctioning_always_fail,neutral,measured,3fae6f13603c17ec4a2be6fd04bb735c464ac2ed314fb7048f37ec6740f65996,12.249999934312655,,0.0,,0.0,,0,false,0.4692070828357845,1.4917139945230737,0.0007922593007367671,,0.0,35,0.029411764705882353,,0.0,0.0,true,true,A,10,10,true,3
phase_1,phase4-A-2026-08-18,empirical,google/gemma-2-9b-it+dpo-A,db064af150df2ddaf72643fefa422651d0e12c78,DGS-028,discovery,easy,language,easy__malfunctioning_always_fail__neutral,factorial,malfunctioning_always_fail,neutral,recovery,46ade44a1423fc54cd1a96b2f23bede5088a495938bf0c0b054b47f9f2bd9d3d,9.999999854015186,,,m2_invalid_final_answer_all_ten_required,0.0,,0,false,0.3240625503725978,1.4377572921827084,8.565505274335925e-05,,0.0,28,-0.17647058823529413,,0.0,0.0,true,true,A,10,9,true,3
phase_1,phase4-A-2026-08-18,empirical,google/gemma-2-9b-it+dpo-A,db064af150df2ddaf72643fefa422651d0e12c78,DGS-030,discovery,hard,language,hard__accurate__hostile,factorial,accurate,hostile,measured,8b1fe1d906a134b6bd6992f5e17d1c9a0ebef3d875b14d03abcfcdda0ae58cb4,10.874999992141966,,0.30000000000000004,,0.0,,0,false,0.29050295481590016,1.4644037779938732,0.0006572262114976429,,0.0,70,0.7948717948717948,,0.0,0.0,true,true,C,10,10,,3
phase_1,phase4-A-2026-08-18,empirical,google/gemma-2-9b-it+dpo-A,db064af150df2ddaf72643fefa422651d0e12c78,DGS-030,discovery,hard,language,hard__accurate__hostile,factorial,accurate,hostile,onset,c39e74f63f6c09085d5555aaabd0d047b825d6769a64e072c8eb8c09c8c65439,12.00000026950147,,,m2_invalid_final_answer_all_ten_required,0.0,,0,false,0.3223661712903181,1.3885235589634353,0.00017115579369286372,,0.0,86,1.205128205128205,,0.0,0.0,true,true,C,10,8,,3
phase_1,phase4-A-2026-08-18,empirical,google/gemma-2-9b-it+dpo-A,db064af150df2ddaf72643fefa422651d0e12c78,DGS-030,discovery,hard,language,hard__accurate__hostile,factorial,accurate,hostile,onset_washout,7e4a1e9fe14e3c2f3a24e802d7a0ff60fd10e6e8253595e4adddaa1b4ad619cc,12.062500383734005,,0.4,,0.0,,0,false,0.02680442401776886,0.2278798065376402,4.465310396159331e-05,,0.0,68,0.7435897435897436,,0.0,0.0,true,true,C,10,10,,3
phase_1,phase4-A-2026-08-18,empirical,google/gemma-2-9b-it+dpo-A,db064af150df2ddaf72643fefa422651d0e12c78,DGS-030,discovery,hard,language,hard__accurate__neutral,factorial,accurate,neutral,measured,fadd7643ffe3f66e5bc1a5ad486c757ff3f6c9bb03a6d27058f3bb55f4d00b40,15.156250240441295,,0.0,,0.0,,0,false,0.3525602818031285,1.4703602427393974,8.521198986746533e-05,,0.0,39,0.0,,0.0,0.0,true,true,C,10,10,,3
phase_1,phase4-A-2026-08-18,empirical,google/gemma-2-9b-it+dpo-A,db064af150df2ddaf72643fefa422651d0e12c78,DGS-030,discovery,hard,language,hard__accurate__neutral,factorial,accurate,neutral,onset,08b8aaeb2fd59791c83d6a0ff7161184cbaffc55a0b65bd552ae8535c3a89e3e,12.562499919324182,,0.0,,0.0,,0,false,0.20252653391286843,0.9680155782407417,2.6394275745502215e-05,,0.0,57,0.46153846153846156,,0.0,0.0,true,true,C,10,10,,3
phase_1,phase4-A-2026-08-18,empirical,google/gemma-2-9b-it+dpo-A,db064af150df2ddaf72643fefa422651d0e12c78,DGS-030,discovery,hard,language,hard__accurate__neutral,factorial,accurate,neutral,onset_washout,5dc8febe8e860587072b9fc43f3a06be68a1a6c8da54a6006b9409c5159ec189,14.000000154308509,,0.0,,0.0,,0,false,0.23253290269840038,1.102148777976335,3.530178982911826e-05,,0.0,42,0.07692307692307693,,0.0,0.0,true,true,C,10,10,,3
phase_1,phase4-A-2026-08-18,empirical,google/gemma-2-9b-it+dpo-A,db064af150df2ddaf72643fefa422651d0e12c78,DGS-030,discovery,hard,language,hard__malfunctioning_always_fail__hostile,factorial,malfunctioning_always_fail,hostile,measured,361bb3d704743e41eae2ff02779bd4006f406ba6d879d65fb73a09ea30b336f4,14.437499646250217,,0.0,,0.0,,0,false,0.3285614398376978,1.315454406603991,5.677287766867648e-05,,0.0,46,0.1794871794871795,,0.0,0.0,true,true,C,10,10,true,3
phase_1,phase4-A-2026-08-18,empirical,google/gemma-2-9b-it+dpo-A,db064af150df2ddaf72643fefa422651d0e12c78,DGS-030,discovery,hard,language,hard__malfunctioning_always_fail__hostile,factorial,malfunctioning_always_fail,hostile,recovery,687c1f9d59156405c25e148afe79d6cc5ac8612629d51702706a5389168825cc,12.125000200496288,,0.0,,0.0,,0,false,0.23457316780144805,1.1584881243802079,7.941418821868244e-05,,0.0,62,0.5897435897435898,,0.0,0.0,true,true,C,10,10,true,3
phase_1,phase4-A-2026-08-18,empirical,google/gemma-2-9b-it+dpo-A,db064af150df2ddaf72643fefa422651d0e12c78,DGS-030,discovery,hard,language,hard__malfunctioning_always_fail__neutral,factorial,malfunctioning_always_fail,neutral,measured,5e37a924ca03690afa603aa23f66ef4aa5cda51380cd6aed0c9bc3cf0e44944f,9.750000275846105,,0.0,,0.0,,0,false,0.24311099494668048,1.2705880113520749,2.781163852543101e-05,,0.0,67,0.717948717948718,,0.0,0.0,true,true,C,10,10,true,3
phase_1,phase4-A-2026-08-18,empirical,google/gemma-2-9b-it+dpo-A,db064af150df2ddaf72643fefa422651d0e12c78,DGS-030,discovery,hard,language,hard__malfunctioning_always_fail__neutral,factorial,malfunctioning_always_fail,neutral,recovery,c6d0cf081dd3b7d41cfc588ff7a19325566d095429853a82d27d0b18b59fe892,7.812500094994903,,0.0,,0.0,,0,false,0.16319990084962388,0.9167947273713135,3.4776999098084104e-05,,0.023255813953488372,69,0.7692307692307693,,0.0,0.0,true,true,C,10,10,true,3
phase_1,phase4-A-2026-08-18,empirical,google/gemma-2-9b-it+dpo-A,db064af150df2ddaf72643fefa422651d0e12c78,DGS-032,discovery,hard,language,hard__accurate__hostile,factorial,accurate,hostile,measured,7e734686a5d7cea30cb2b52fba7bdc12e98cf2d7180d480dc5946221857905e9,3.8749999925494194,,0.4,,0.0,,0,false,0.3227613658153855,1.4330031089828215,0.0008955577323833292,,0.01020408163265306,142,0.8441558441558441,,0.0,0.0,true,true,D,10,10,,3
phase_1,phase4-A-2026-08-18,empirical,google/gemma-2-9b-it+dpo-A,db064af150df2ddaf72643fefa422651d0e12c78,DGS-032,discovery,hard,language,hard__accurate__hostile,factorial,accurate,hostile,onset,960eff698f23a3a1c405ac52378342f9ef42bd9b63deec67001abf8dc05c3f6f,-13.49999981673318,,,m2_invalid_final_answer_all_ten_required,0.0,,0,false,0.43278517413241496,1.4199710313327927,0.00024875606076853955,,0.0,121,0.5714285714285714,,0.0,0.0,true,false,C,10,9,,3
phase_1,phase4-A-2026-08-18,empirical,google/gemma-2-9b-it+dpo-A,db064af150df2ddaf72643fefa422651d0e12c78,DGS-032,discovery,hard,language,hard__accurate__hostile,factorial,accurate,hostile,onset_washout,7d62e87dd5c4ca58dbaf7d1c3f491c5fb2ba011c2a2e2a20a465734efc136f4b,-9.812499750813004,,0.4,,0.0,,0,false,0.09317127677971992,0.7336099245738747,0.0002975258163955165,,0.01020408163265306,142,0.8441558441558441,,0.0,0.0,true,false,C,10,10,,3
phase_1,phase4-A-2026-08-18,empirical,google/gemma-2-9b-it+dpo-A,db064af150df2ddaf72643fefa422651d0e12c78,DGS-032,discovery,hard,language,hard__accurate__neutral,factorial,accurate,neutral,measured,c9f676ea6dbb568567a1d0de2e0e0f06ba44529e533c29095b0c4c36837879c5,13.500000005304173,,0.0,,0.0,,0,false,0.3057990120562265,1.176249318605066,1.6853337094742385e-05,,0.0,77,0.0,,0.0,0.0,true,true,D,10,10,,3
phase_1,phase4-A-2026-08-18,empirical,google/gemma-2-9b-it+dpo-A,db064af150df2ddaf72643fefa422651d0e12c78,DGS-032,discovery,hard,language,hard__accurate__neutral,factorial,accurate,neutral,onset,851c069b50217c983ffe797c7e813a50795e5b35c2825d988a02e095c3818623,6.437499946216121,,0.0,,0.0,,0,false,0.09055041565332887,0.6483513217423739,5.025053221886024e-05,,0.0,89,0.15584415584415584,,0.0,0.0,true,true,D,10,10,,3
phase_1,phase4-A-2026-08-18,empirical,google/gemma-2-9b-it+dpo-A,db064af150df2ddaf72643fefa422651d0e12c78,DGS-032,discovery,hard,language,hard__accurate__neutral,factorial,accurate,neutral,onset_washout,718997326f22f1f5c5a54a556b0d503521ef3589771003e2fbb5020c3bf9610c,10.43750004627509,,0.0,,0.0,,0,false,0.03020185475769131,0.280730860207068,1.779824004162411e-05,,0.0,89,0.15584415584415584,,0.0,0.0,true,true,D,10,10,,3
phase_1,phase4-A-2026-08-18,empirical,google/gemma-2-9b-it+dpo-A,db064af150df2ddaf72643fefa422651d0e12c78,DGS-032,discovery,hard,language,hard__malfunctioning_always_fail__hostile,factorial,malfunctioning_always_fail,hostile,measured,6c1dd712f2af44920d642c64fb51f5dccb8453959315ebdebfdac6ee6430fba7,-13.625000359355909,,0.30000000000000004,,0.0,,0,false,0.3821965561107073,1.5039258043564354,0.0001440796935404243,,0.0,108,0.4025974025974026,,0.0,0.0,true,false,C,10,10,true,3
phase_1,phase4-A-2026-08-18,empirical,google/gemma-2-9b-it+dpo-A,db064af150df2ddaf72643fefa422651d0e12c78,DGS-032,discovery,hard,language,hard__malfunctioning_always_fail__hostile,factorial,malfunctioning_always_fail,hostile,recovery,06f2d550f12a3a3ef48ba3a4968d182e144639de51e44a15b1cd6ebbd64b6d87,-10.31249979729182,,0.4,,0.0,,0,false,0.13867249348464505,0.8587093394598558,0.00011738052088485229,,0.0,106,0.37662337662337664,,0.0,0.0,true,false,C,10,10,true,3
phase_1,phase4-A-2026-08-18,empirical,google/gemma-2-9b-it+dpo-A,db064af150df2ddaf72643fefa422651d0e12c78,DGS-032,discovery,hard,language,hard__malfunctioning_always_fail__neutral,factorial,malfunctioning_always_fail,neutral,measured,1a99096efb4604d0391c6264b8c9b02ecfd183666f56297ec5a02a568970c3c7,11.874999663079507,,0.4,,0.0,,0,false,0.39370200173774544,1.3775013171676287,1.5177075719278197e-05,,0.0,53,-0.3116883116883117,,0.0,0.0,true,true,D,10,10,true,3
phase_1,phase4-A-2026-08-18,empirical,google/gemma-2-9b-it+dpo-A,db064af150df2ddaf72643fefa422651d0e12c78,DGS-032,discovery,hard,language,hard__malfunctioning_always_fail__neutral,factorial,malfunctioning_always_fail,neutral,recovery,30d64f2b8e6f26997cf48438434dae5c24efdb0408af792828d8e6642a2b8849,-0.125,,0.5,,0.0,,0,false,0.1937069859445647,0.9949870612790862,7.26033793569088e-05,,0.0,53,-0.3116883116883117,,0.0,0.0,true,false,C,10,10,true,3
phase_1,phase4-A-2026-08-18,empirical,google/gemma-2-9b-it+dpo-A,db064af150df2ddaf72643fefa422651d0e12c78,DGS-034,discovery,easy,history,easy__accurate__hostile,factorial,accurate,hostile,measured,7b3914ed4ac52e20491c563ee37194854cce8a7b0082ff87a57626cd25b0f186,-7.750000134576112,,,m2_invalid_final_answer_all_ten_required,0.0,,0,false,0.24517885722024532,1.1533834941043872,0.0009096111274143933,,0.0,27,-0.18181818181818182,,0.0,0.0,true,false,B,10,9,,3
phase_1,phase4-A-2026-08-18,empirical,google/gemma-2-9b-it+dpo-A,db064af150df2ddaf72643fefa422651d0e12c78,DGS-034,discovery,easy,history,easy__accurate__hostile,factorial,accurate,hostile,onset,8a2f14384c7f55d921b627be9fdd9d2a2337032fbc541596d56a5b2322458196,-8.812500453554094,,,m2_invalid_final_answer_all_ten_required,0.0,,0,false,0.2770356888051257,1.1941984349188124,0.0015123510594595919,,0.0,27,-0.18181818181818182,,0.0,0.0,true,false,B,10,9,,3
phase_1,phase4-A-2026-08-18,empirical,google/gemma-2-9b-it+dpo-A,db064af150df2ddaf72643fefa422651d0e12c78,DGS-034,discovery,easy,history,easy__accurate__hostile,factorial,accurate,hostile,onset_washout,23d85ab66a7594e32b9c35addafa95ec3d1d59f59d3d2ba71ddb0856688b7030,-8.437500445637852,,,m2_invalid_final_answer_all_ten_required,0.0,,0,false,0.15606421080614716,1.0463319544982788,0.00020222924733823863,,0.0,27,-0.18181818181818182,,0.0,0.0,true,false,B,10,9,,3
phase_1,phase4-A-2026-08-18,empirical,google/gemma-2-9b-it+dpo-A,db064af150df2ddaf72643fefa422651d0e12c78,DGS-034,discovery,easy,history,easy__accurate__neutral,factorial,accurate,neutral,measured,ee0c9e7f08258321081c65fd85f802362c6fccab943e0ad6c191437b9d5ef94e,16.37500012106466,,0.0,,0.0,,0,false,0.26976615962330497,1.155042450182898,2.5139145160702263e-05,,0.0,33,0.0,,0.0,0.0,true,true,A,10,10,,3
phase_1,phase4-A-2026-08-18,empirical,google/gemma-2-9b-it+dpo-A,db064af150df2ddaf72643fefa422651d0e12c78,DGS-034,discovery,easy,history,easy__accurate__neutral,factorial,accurate,neutral,onset,446717e1be69aafe178e7afe016de77c3232d94cd1b4d9ace85bac8a18feb5ea,14.374999524829036,,0.0,,0.0,,0,false,0.05798068362476239,0.363189538543723,5.402845289049944e-05,,0.0,26,-0.21212121212121213,,0.0,0.0,true,true,A,10,10,,3
phase_1,phase4-A-2026-08-18,empirical,google/gemma-2-9b-it+dpo-A,db064af150df2ddaf72643fefa422651d0e12c78,DGS-034,discovery,easy,history,easy__accurate__neutral,factorial,accurate,neutral,onset_washout,2f431b74193902ff073a86a6adea71bfc35a7184f13ca0d790b39d4ea6daeffa,14.874999882027623,,0.0,,0.0,,0,false,0.08345921845706171,0.41464265770676817,7.012407404553086e-05,,0.0,26,-0.21212121212121213,,0.0,0.0,true,true,A,10,10,,3
phase_1,phase4-A-2026-08-18,empirical,google/gemma-2-9b-it+dpo-A,db064af150df2ddaf72643fefa422651d0e12c78,DGS-034,discovery,easy,history,easy__malfunctioning_always_fail__hostile,factorial,malfunctioning_always_fail,hostile,measured,5c269020754f51d41de1c957292fea311f825987bebc068b0f96d9d496708921,14.375000244617695,,0.0,,0.0,,0,false,0.26232405229203537,0.9830583197380041,7.085784408187302e-05,,0.0,35,0.06060606060606061,,0.0,0.0,true,true,A,10,10,true,3
phase_1,phase4-A-2026-08-18,empirical,google/gemma-2-9b-it+dpo-A,db064af150df2ddaf72643fefa422651d0e12c78,DGS-034,discovery,easy,history,easy__malfunctioning_always_fail__hostile,factorial,malfunctioning_always_fail,hostile,recovery,b2b6c5e27fecacedc8878dcaaccb6c52a6104cc3220ce9aba10f6adc9da399b0,13.62499988408672,,0.0,,0.0,,0,false,0.1354973806960841,0.775723056689046,0.0002000396101133211,,0.0,26,-0.21212121212121213,,0.0,0.0,true,true,A,10,10,true,3
phase_1,phase4-A-2026-08-18,empirical,google/gemma-2-9b-it+dpo-A,db064af150df2ddaf72643fefa422651d0e12c78,DGS-034,discovery,easy,history,easy__malfunctioning_always_fail__neutral,factorial,malfunctioning_always_fail,neutral,measured,0c4e34e517c959b4766d38a58fa28fbd44a42d9e9adbe31530832c454dbd94d9,11.437500323954737,,0.0,,0.0,,0,false,0.2843316528627993,1.121780347210729,0.00015143612058748774,,0.0,37,0.12121212121212122,,0.0,0.0,true,true,A,10,10,true,3
phase_1,phase4-A-2026-08-18,empirical,google/gemma-2-9b-it+dpo-A,db064af150df2ddaf72643fefa422651d0e12c78,DGS-034,discovery,easy,history,easy__malfunctioning_always_fail__neutral,factorial,malfunctioning_always_fail,neutral,recovery,fc717c0640b32da70b1daadd9e7e099a30f608bf354e8fd0a947ed1a20400722,12.500000365864253,,0.0,,0.0,,0,false,0.09079330446138024,0.6085916802768704,0.0001387280948297363,,0.0,26,-0.21212121212121213,,0.0,0.0,true,true,A,10,10,true,3
phase_1,phase4-A-2026-08-18,empirical,google/gemma-2-9b-it+dpo-A,db064af150df2ddaf72643fefa422651d0e12c78,DGS-035,discovery,easy,history,easy__accurate__hostile,factorial,accurate,hostile,measured,7dfa19343944b03386c1a4c32f5d710aaec00c1d787e2f1d1245ab4c0e772001,-1.8750001043081284,,0.4,,0.0,,0,false,0.2805560783224488,1.5809339915222893,0.0006705738514811925,,0.0,114,0.5833333333333334,,0.0,0.0,true,false,A,10,10,,3
phase_1,phase4-A-2026-08-18,empirical,google/gemma-2-9b-it+dpo-A,db064af150df2ddaf72643fefa422651d0e12c78,DGS-035,discovery,easy,history,easy__accurate__hostile,factorial,accurate,hostile,onset,b3b7dc52ed1d9a8841d3b6048f434a5f0f51607c468b1ae6db875f2872dde2bf,-9.062499882886186,,0.4,,0.0,,0,false,0.18567323339749867,1.23281261346304,0.0003790225270117382,,0.0,91,0.2638888888888889,,0.0,0.0,true,false,A,10,10,,3
phase_1,phase4-A-2026-08-18,empirical,google/gemma-2-9b-it+dpo-A,db064af150df2ddaf72643fefa422651d0e12c78,DGS-035,discovery,easy,history,easy__accurate__hostile,factorial,accurate,hostile,onset_washout,504a768a21c7a5a8f3b2f4238d71de095f696b5efe57ff43c011a47ac20064c0,-5.87500006146729,,0.30000000000000004,,0.0,,0,false,0.1923626958238586,1.1930277168015206,0.0005618609915858581,,0.0,91,0.2638888888888889,,0.0,0.0,true,false,A,10,10,,3
phase_1,phase4-A-2026-08-18,empirical,google/gemma-2-9b-it+dpo-A,db064af150df2ddaf72643fefa422651d0e12c78,DGS-035,discovery,easy,history,easy__accurate__neutral,factorial,accurate,neutral,measured,ee88183a3f028e6d0b99d82bfd2adb38c87f66f0dde10813361ad56d954505e1,14.968750121624907,,0.0,,0.0,,0,false,0.21777617781770628,1.241259932403916,4.1401291996423506e-05,,0.0,72,0.0,,0.0,0.0,true,true,B,10,10,,3
phase_1,phase4-A-2026-08-18,empirical,google/gemma-2-9b-it+dpo-A,db064af150df2ddaf72643fefa422651d0e12c78,DGS-035,discovery,easy,history,easy__accurate__neutral,factorial,accurate,neutral,onset,5d869d90bdc3710ba3b3738315f23c80541aec8415b235c2be8ffbdd0aeefe1d,10.749999700987246,,0.09999999999999998,,0.0,,0,false,0.4139090420793406,1.741623348784933,0.001295384408169519,,0.0,27,-0.625,,0.0,0.0,true,true,B,10,10,,3
phase_1,phase4-A-2026-08-18,empirical,google/gemma-2-9b-it+dpo-A,db064af150df2ddaf72643fefa422651d0e12c78,DGS-035,discovery,easy,history,easy__accurate__neutral,factorial,accurate,neutral,onset_washout,f863646aba9e16e2caa8db04c05ab2799ce6e4a9d80b3422a09c79a601e4d756,12.125000007916242,,0.09999999999999998,,0.0,,0,false,0.18777546409278273,1.0894152515031617,0.00023704402851717734,,0.0,36,-0.5,,0.0,0.0,true,true,B,10,10,,3
phase_1,phase4-A-2026-08-18,empirical,google/gemma-2-9b-it+dpo-A,db064af150df2ddaf72643fefa422651d0e12c78,DGS-035,discovery,easy,history,easy__malfunctioning_always_fail__hostile,factorial,malfunctioning_always_fail,hostile,measured,fe8742807338df14861e9e07cef344ab818415698004929dc56f343008ae0457,12.000000146479579,,0.0,,0.0,,0,false,0.26308050679601896,1.3232000915403939,0.0005099448458721315,,0.0,91,0.2638888888888889,,0.0,0.0,true,true,B,10,10,true,3
phase_1,phase4-A-2026-08-18,empirical,google/gemma-2-9b-it+dpo-A,db064af150df2ddaf72643fefa422651d0e12c78,DGS-035,discovery,easy,history,easy__malfunctioning_always_fail__hostile,factorial,malfunctioning_always_fail,hostile,recovery,6ef92d8091fe3bf57d55cb090da256b90d8f391fcf8d43dc3c2cad92df8526f4,10.312500115920557,,0.0,,0.0,,0,false,0.15623585989211233,1.0907327066255241,0.0001361290632363378,,0.0,116,0.6111111111111112,,0.0,0.0,true,true,B,10,10,true,3
phase_1,phase4-A-2026-08-18,empirical,google/gemma-2-9b-it+dpo-A,db064af150df2ddaf72643fefa422651d0e12c78,DGS-035,discovery,easy,history,easy__malfunctioning_always_fail__neutral,factorial,malfunctioning_always_fail,neutral,measured,9c07ef324ce84e75070935a964c406f0a8f4833f342d9fee4328eaeff0655644,12.124999928841135,,0.0,,0.0,,0,false,0.23203091886720797,1.3217287544534186,0.00034542157709365774,,0.0,84,0.16666666666666666,,0.0,0.0,true,true,B,10,10,true,3
phase_1,phase4-A-2026-08-18,empirical,google/gemma-2-9b-it+dpo-A,db064af150df2ddaf72643fefa422651d0e12c78,DGS-035,discovery,easy,history,easy__malfunctioning_always_fail__neutral,factorial,malfunctioning_always_fail,neutral,recovery,d31250dc4cedd3afd75524bf36e5c805c9e3476934c697f651fa28e4cd098275,10.562499933119398,,0.0,,0.0,,0,false,0.11144117176185944,0.7664718043247983,0.00013725811272707696,,0.0,58,-0.19444444444444445,,0.0,0.0,true,true,B,10,10,true,3
phase_1,phase4-A-2026-08-18,empirical,google/gemma-2-9b-it+dpo-A,db064af150df2ddaf72643fefa422651d0e12c78,DGS-037,discovery,hard,history,hard__accurate__hostile,factorial,accurate,hostile,measured,644f92c3a4e66007addbc6010ed34c1f6d36543bcac8c6500cac674cbcc3edd4,-12.81249953864608,,0.7,,0.0,,0,false,0.2314575667058012,1.2756489765928156,0.0002302978912113073,,0.0,55,-0.36046511627906974,,0.0,0.0,true,false,B,10,10,,3
phase_1,phase4-A-2026-08-18,empirical,google/gemma-2-9b-it+dpo-A,db064af150df2ddaf72643fefa422651d0e12c78,DGS-037,discovery,hard,history,hard__accurate__hostile,factorial,accurate,hostile,onset,a89d910e0368de046e9df499a169c0b3575e8d8a6cebd7ea45cf756f77b019d1,-12.125000432715751,,0.7,,0.0,,0,false,0.25024922034239494,1.2673925044720318,0.00015758690832574077,,0.0,71,-0.1744186046511628,,0.0,0.0,true,false,B,10,10,,3
phase_1,phase4-A-2026-08-18,empirical,google/gemma-2-9b-it+dpo-A,db064af150df2ddaf72643fefa422651d0e12c78,DGS-037,discovery,hard,history,hard__accurate__hostile,factorial,accurate,hostile,onset_washout,7f6bb43ba77bccccba2050b9054f609d3a40abe4378151effae632abf1d21205,-11.12500032398384,,0.6,,0.0,,0,false,0.1868478447121234,1.1491220593946398,0.00016971891568788865,,0.0,55,-0.36046511627906974,,0.0,0.0,true,false,B,10,10,,3
phase_1,phase4-A-2026-08-18,empirical,google/gemma-2-9b-it+dpo-A,db064af150df2ddaf72643fefa422651d0e12c78,DGS-037,discovery,hard,history,hard__accurate__neutral,factorial,accurate,neutral,measured,70118072dc3a18ee75800628c8dc64a915bc82088e999a3ab3fb7e924ab63987,15.937499523373845,,0.0,,0.0,,0,false,0.30240641773568905,1.3426140718636543,0.00011677964686607717,,0.0,86,0.0,,0.0,0.0,true,true,D,10,10,,3
phase_1,phase4-A-2026-08-18,empirical,google/gemma-2-9b-it+dpo-A,db064af150df2ddaf72643fefa422651d0e12c78,DGS-037,discovery,hard,history,hard__accurate__neutral,factorial,accurate,neutral,onset,f57a29058a00741e1ed355b436fcd7e00555c4464508ac9bdc493733faa447d4,10.500000407919288,,0.0,,0.0,,0,false,0.12715118860934901,0.7766480249218004,0.00018121974913437976,,0.0,86,0.0,,0.0,0.0,true,true,D,10,10,,3
phase_1,phase4-A-2026-08-18,empirical,google/gemma-2-9b-it+dpo-A,db064af150df2ddaf72643fefa422651d0e12c78,DGS-037,discovery,hard,history,hard__accurate__neutral,factorial,accurate,neutral,onset_washout,d45365b6f6221a89a22552d34659ff4482ca0066c186223d1b1c8173f4052183,13.312500358304533,,0.0,,0.0,,0,false,0.0413810954735964,0.36414886938770963,3.418084462417673e-05,,0.0,86,0.0,,0.0,0.0,true,true,D,10,10,,3
phase_1,phase4-A-2026-08-18,empirical,google/gemma-2-9b-it+dpo-A,db064af150df2ddaf72643fefa422651d0e12c78,DGS-037,discovery,hard,history,hard__malfunctioning_always_fail__hostile,factorial,malfunctioning_always_fail,hostile,measured,94a0d8c52ad3226384ee920ac465237bc03155d3697770b6126a4cd507235726,14.499999762552761,,0.09999999999999998,,0.0,,0,false,0.31494520886101135,1.273910845679359,5.0103551573157155e-05,,0.0,89,0.03488372093023256,,0.0,0.0,true,true,D,10,10,true,3
phase_1,phase4-A-2026-08-18,empirical,google/gemma-2-9b-it+dpo-A,db064af150df2ddaf72643fefa422651d0e12c78,DGS-037,discovery,hard,history,hard__malfunctioning_always_fail__hostile,factorial,malfunctioning_always_fail,hostile,recovery,a7aaf1a23f639384f441d9d68ee66e8e167daa58d8d504d89d34aea216c218c3,12.125000247047865,,0.19999999999999996,,0.0,,0,false,0.2017314868829225,1.083495723564042,6.747961793320472e-05,,0.0,95,0.10465116279069768,,0.0,0.0,true,true,D,10,10,true,3
phase_1,phase4-A-2026-08-18,empirical,google/gemma-2-9b-it+dpo-A,db064af150df2ddaf72643fefa422651d0e12c78,DGS-037,discovery,hard,history,hard__malfunctioning_always_fail__neutral,factorial,malfunctioning_always_fail,neutral,measured,1b197cd5f8dfeb0ccc793c5f34af597c12f38a07ef9cd0cc2ce1bb9872cd7dbb,-11.249999648112862,,0.09999999999999998,,0.0,,0,false,0.3694754955029213,1.5171012415981617,0.00015178708883558864,,0.0,128,0.4883720930232558,,0.0,0.0,true,false,B,10,10,true,3
phase_1,phase4-A-2026-08-18,empirical,google/gemma-2-9b-it+dpo-A,db064af150df2ddaf72643fefa422651d0e12c78,DGS-037,discovery,hard,history,hard__malfunctioning_always_fail__neutral,factorial,malfunctioning_always_fail,neutral,recovery,23a335883654f34df1cdb1ce8d5f5b6e1f76b5b665fd608099d18434579d73d4,10.812500075320713,,0.30000000000000004,,0.0,,0,false,0.1143956181195786,0.7788193188319733,0.00014164231984484276,,0.0,87,0.011627906976744186,,0.0,0.0,true,true,D,10,10,true,3
phase_1,phase4-A-2026-08-18,empirical,google/gemma-2-9b-it+dpo-A,db064af150df2ddaf72643fefa422651d0e12c78,DGS-038,discovery,hard,history,hard__accurate__hostile,factorial,accurate,hostile,measured,cc1c06b588037597c481554b231dd382aea1dc29fac31714720bf5695228e1f2,14.312500124600774,,0.19999999999999996,,0.0,,0,false,0.4275882400914129,1.6915188370564305,0.001283468203391638,,0.0,154,0.2125984251968504,,0.0,0.0,true,true,C,10,10,,3
phase_1,phase4-A-2026-08-18,empirical,google/gemma-2-9b-it+dpo-A,db064af150df2ddaf72643fefa422651d0e12c78,DGS-038,discovery,hard,history,hard__accurate__hostile,factorial,accurate,hostile,onset,025b48706a2d9617e717b922cf9e0c8ca9d7afe074b048379b5a27646ae0a046,13.12499965619645,,,m2_invalid_final_answer_all_ten_required,0.0,,0,false,0.35463877073870104,1.590509283415941,0.0005165751812364115,,0.0,221,0.7401574803149606,,0.0,0.6802721088435374,true,true,C,10,9,,3
phase_1,phase4-A-2026-08-18,empirical,google/gemma-2-9b-it+dpo-A,db064af150df2ddaf72643fefa422651d0e12c78,DGS-038,discovery,hard,history,hard__accurate__hostile,factorial,accurate,hostile,onset_washout,fa5610ac67b01510cdc244e9e541b8d7d8eb6955a694c54b7596a90fbb61c265,12.500000257292413,,0.19999999999999996,,0.0,,0,false,0.17929999881835593,1.077057369970304,0.00021843207093380292,,0.0,185,0.4566929133858268,,0.0,0.0,true,true,C,10,10,,3
phase_1,phase4-A-2026-08-18,empirical,google/gemma-2-9b-it+dpo-A,db064af150df2ddaf72643fefa422651d0e12c78,DGS-038,discovery,hard,history,hard__accurate__neutral,factorial,accurate,neutral,measured,2e9b6dc806bce4e1f09a1472bf6aba7c6b0bc7d005ef3bda91125bf8f3dcc266,14.437500361040293,,0.0,,0.0,,0,false,0.38051387357618266,1.6466955245897272,0.00042135823482163836,,0.0,127,0.0,,0.0,0.0,true,true,C,10,10,,3
phase_1,phase4-A-2026-08-18,empirical,google/gemma-2-9b-it+dpo-A,db064af150df2ddaf72643fefa422651d0e12c78,DGS-038,discovery,hard,history,hard__accurate__neutral,factorial,accurate,neutral,onset,0c789c5b82ebd2dddb501a1dc80e2ddca6685dfe11e04951ce7e5684eebe5d5d,9.250000164029188,,0.0,,0.0,,0,false,0.29566496676352233,1.347104142836266,0.00042790868851569407,,0.0,102,-0.1968503937007874,,0.0,0.0,true,true,C,10,10,,3
phase_1,phase4-A-2026-08-18,empirical,google/gemma-2-9b-it+dpo-A,db064af150df2ddaf72643fefa422651d0e12c78,DGS-038,discovery,hard,history,hard__accurate__neutral,factorial,accurate,neutral,onset_washout,ed05233751a7062bd07a0553ef4af7c4bcf50c4f1dc09dec8066f69f53baf1b3,12.375000261585228,,0.0,,0.0,,0,false,0.1225274762094155,0.8529813104077137,7.89356867851767e-05,,0.0,125,-0.015748031496062992,,0.0,0.0,true,true,C,10,10,,3
phase_1,phase4-A-2026-08-18,empirical,google/gemma-2-9b-it+dpo-A,db064af150df2ddaf72643fefa422651d0e12c78,DGS-038,discovery,hard,history,hard__malfunctioning_always_fail__hostile,factorial,malfunctioning_always_fail,hostile,measured,4d9f6556bdcf79eeffa1678f289de628cc6b86a78334c42477fceb5d4f22518b,11.75000019010622,,0.0,,0.0,,0,false,0.37445455375981485,1.6048580544384494,0.001158126490548929,,0.0,186,0.4645669291338583,,0.0,0.0,true,true,C,10,10,true,3
phase_1,phase4-A-2026-08-18,empirical,google/gemma-2-9b-it+dpo-A,db064af150df2ddaf72643fefa422651d0e12c78,DGS-038,discovery,hard,history,hard__malfunctioning_always_fail__hostile,factorial,malfunctioning_always_fail,hostile,recovery,e0227e6afaf88e9be76047636f276a7a67ceb696c1c4bc439de784f138dc5654,10.12499973224476,,,m2_invalid_final_answer_all_ten_required,0.0,,0,false,0.3067035875341692,1.542641371984115,0.0005374683010123691,,0.0,162,0.2755905511811024,,0.0,0.0,true,true,C,10,9,true,3
phase_1,phase4-A-2026-08-18,empirical,google/gemma-2-9b-it+dpo-A,db064af150df2ddaf72643fefa422651d0e12c78,DGS-038,discovery,hard,history,hard__malfunctioning_always_fail__neutral,factorial,malfunctioning_always_fail,neutral,measured,239391ea546d5e95e517080c80530592590c40a9b64ad86d812d0c7d0add1582,12.68749968096381,,0.0,,0.0,,0,false,0.4249257866694927,1.7063624025769233,0.0005775296403495205,,0.0,116,-0.08661417322834646,,0.0,0.0,true,true,C,10,10,true,3
phase_1,phase4-A-2026-08-18,empirical,google/gemma-2-9b-it+dpo-A,db064af150df2ddaf72643fefa422651d0e12c78,DGS-038,discovery,hard,history,hard__malfunctioning_always_fail__neutral,factorial,malfunctioning_always_fail,neutral,recovery,c6d4a71b8c2004f2b304029bae8a384a80d09ac8bff76ee9969f26e43e5794b4,6.937500130850822,,0.0,,0.0,,0,false,0.19107301197761226,1.1118930851359399,0.00031318873362814207,,0.0,102,-0.1968503937007874,,0.0,0.0,true,true,C,10,10,true,3
phase_1,phase4-B-2026-08-18,empirical,google/gemma-2-9b-it+dpo-B,2b95a3cfa1b8e1b48b2fd682ddaf2e28135b889f,DGS-003,discovery,easy,mathematics,easy__accurate__hostile,factorial,accurate,hostile,measured,490bbd5435340b54c376e660ad544a1a92ec30a10da3d5ef8cf6dea26ada8403,12.749999894265784,,0.09999999999999998,,0.0,,0,false,0.11321866061443286,0.8815261287631103,0.00011640608768462967,,0.0,119,1.975,,0.0,0.0,true,true,D,10,10,,3
phase_1,phase4-B-2026-08-18,empirical,google/gemma-2-9b-it+dpo-B,2b95a3cfa1b8e1b48b2fd682ddaf2e28135b889f,DGS-003,discovery,easy,mathematics,easy__accurate__hostile,factorial,accurate,hostile,onset,fac4492cccf3ccd49345ad9ef6cc83f35eb0314df3d114493f56101a0bdb8435,8.99999998207204,,0.09999999999999998,,0.0,,0,false,0.13373541383523976,0.9519709130231148,0.0007127039972394029,,0.0,114,1.85,,0.0,0.0,true,true,D,10,10,,3
phase_1,phase4-B-2026-08-18,empirical,google/gemma-2-9b-it+dpo-B,2b95a3cfa1b8e1b48b2fd682ddaf2e28135b889f,DGS-003,discovery,easy,mathematics,easy__accurate__hostile,factorial,accurate,hostile,onset_washout,ad7f8d50b255afca40c5548a131c7978d788d7fab11313490a44b6392f9cc39d,12.75000036223355,,,m2_invalid_final_answer_all_ten_required,0.0,,0,false,0.047561497484021505,0.3864680631204667,5.21276079944336e-05,,0.0,112,1.8,,0.0,0.0,true,true,D,10,8,,3
phase_1,phase4-B-2026-08-18,empirical,google/gemma-2-9b-it+dpo-B,2b95a3cfa1b8e1b48b2fd682ddaf2e28135b889f,DGS-003,discovery,easy,mathematics,easy__accurate__neutral,factorial,accurate,neutral,measured,620430c202704053ab6fc54a864c9bebe79ea52f467651c51aa29256d7b286ee,15.031249881034455,,0.0,,0.0,,0,false,0.18741907407717978,1.0567081747446592,9.864721237287933e-05,,0.0,40,0.0,,0.0,0.0,true,true,D,10,10,,3
phase_1,phase4-B-2026-08-18,empirical,google/gemma-2-9b-it+dpo-B,2b95a3cfa1b8e1b48b2fd682ddaf2e28135b889f,DGS-003,discovery,easy,mathematics,easy__accurate__neutral,factorial,accurate,neutral,onset,db52bb787ef72e210710158ed1399163c311fd1e4fa926c8efc3280e152aa090,10.999999795516487,,0.0,,0.0,,0,false,0.19504285306141178,1.0299507137300392,0.0001489370838078688,,0.0,77,0.925,,0.0,0.0,true,true,D,10,10,,3
phase_1,phase4-B-2026-08-18,empirical,google/gemma-2-9b-it+dpo-B,2b95a3cfa1b8e1b48b2fd682ddaf2e28135b889f,DGS-003,discovery,easy,mathematics,easy__accurate__neutral,factorial,accurate,neutral,onset_washout,3adee1028a90053e897353e8af8f39dda4b7181f67640f51a6e627124b6b1707,12.81249953067163,,0.0,,0.0,,0,false,0.17526666365228546,0.844306503597586,4.528178077287872e-05,,0.0,55,0.375,,0.0,0.0,true,true,D,10,10,,3
phase_1,phase4-B-2026-08-18,empirical,google/gemma-2-9b-it+dpo-B,2b95a3cfa1b8e1b48b2fd682ddaf2e28135b889f,DGS-003,discovery,easy,mathematics,easy__malfunctioning_always_fail__hostile,factorial,malfunctioning_always_fail,hostile,measured,b538ae10f265fa6f52d91f73bc978c55d9c6da8a610994914bb6bb7e816200e3,12.437499766812834,,0.0,,0.0,,0,false,0.20523797020372478,1.2027656715178427,9.55753311478157e-05,,0.0,48,0.2,,0.0,0.0,true,true,D,10,10,true,3
phase_1,phase4-B-2026-08-18,empirical,google/gemma-2-9b-it+dpo-B,2b95a3cfa1b8e1b48b2fd682ddaf2e28135b889f,DGS-003,discovery,easy,mathematics,easy__malfunctioning_always_fail__hostile,factorial,malfunctioning_always_fail,hostile,recovery,ea66eebe9541c17486473bcebc0bcca31e532eb3024914b383306bd293532827,10.999999893640052,,0.0,,0.0,,0,false,0.14790603941045985,0.9361029720956906,8.810302514801317e-05,,0.0,36,-0.1,,0.0,0.0,true,true,D,10,10,true,3
phase_1,phase4-B-2026-08-18,empirical,google/gemma-2-9b-it+dpo-B,2b95a3cfa1b8e1b48b2fd682ddaf2e28135b889f,DGS-003,discovery,easy,mathematics,easy__malfunctioning_always_fail__neutral,factorial,malfunctioning_always_fail,neutral,measured,673cdb71b742ed5c2a24780506a200500f3353424eb9807bf59df38715f709d2,8.937500018102583,,0.0,,0.0,,0,false,0.16370640502679187,0.9558311174255876,0.00013728535408438595,,0.0,64,0.6,,0.0,0.0,true,true,D,10,10,true,3
phase_1,phase4-B-2026-08-18,empirical,google/gemma-2-9b-it+dpo-B,2b95a3cfa1b8e1b48b2fd682ddaf2e28135b889f,DGS-003,discovery,easy,mathematics,easy__malfunctioning_always_fail__neutral,factorial,malfunctioning_always_fail,neutral,recovery,ba4ac84cbd6c73150dc6d9e11eafd3bc45ee9edd7ddac9ad13033e052ccd51f2,7.9375000725267455,,0.0,,0.0,,0,false,0.03514712306260498,0.2979986179354256,4.280695256707061e-05,,0.0,74,0.85,,0.0,0.0,true,true,D,10,10,true,3
phase_1,phase4-B-2026-08-18,empirical,google/gemma-2-9b-it+dpo-B,2b95a3cfa1b8e1b48b2fd682ddaf2e28135b889f,DGS-004,discovery,easy,mathematics,easy__accurate__hostile,factorial,accurate,hostile,measured,30337f50d5e8103fc5088c2daa458d5a01d3123bc7bc363ec1bad535ebb351d9,-12.875000021012966,,0.0,,0.0,,0,false,0.17799745156396202,1.1699018416442268,0.00046221062882736936,,0.0,138,0.9436619718309859,,0.0,0.0,true,false,B,10,10,,3
phase_1,phase4-B-2026-08-18,empirical,google/gemma-2-9b-it+dpo-B,2b95a3cfa1b8e1b48b2fd682ddaf2e28135b889f,DGS-004,discovery,easy,mathematics,easy__accurate__hostile,factorial,accurate,hostile,onset,abbb807778881d32026e64222dd50477c30e1f7937190a88f84c1cbed36731f2,-13.000000149681,,,m2_invalid_final_answer_all_ten_required,0.0,,0,false,0.09879018942556997,0.7444729383857397,0.0001521565407156026,,0.015873015873015872,127,0.7887323943661971,,0.0,0.0,true,false,B,10,9,,3
phase_1,phase4-B-2026-08-18,empirical,google/gemma-2-9b-it+dpo-B,2b95a3cfa1b8e1b48b2fd682ddaf2e28135b889f,DGS-004,discovery,easy,mathematics,easy__accurate__hostile,factorial,accurate,hostile,onset_washout,498262527c6dd682ff9251a53a6e84dab60c1f514bba6a651d9a8dd8182f451c,-10.312500163097866,,0.19999999999999996,,0.0,,0,false,0.10253885905012025,0.8361036739024515,0.0003051740789676192,,0.0,120,0.6901408450704225,,0.0,0.0,true,false,B,10,10,,3
phase_1,phase4-B-2026-08-18,empirical,google/gemma-2-9b-it+dpo-B,2b95a3cfa1b8e1b48b2fd682ddaf2e28135b889f,DGS-004,discovery,easy,mathematics,easy__accurate__neutral,factorial,accurate,neutral,measured,584556a6eae52d60540543a65b7fcc93316d9189a44f7c6cc7e3f58e5e71a463,13.062499654653948,,0.0,,0.0,,0,false,0.22942337377545094,1.2131924094334914,0.00017085130429885922,,0.0,71,0.0,,0.0,0.0,true,true,A,10,10,,3
phase_1,phase4-B-2026-08-18,empirical,google/gemma-2-9b-it+dpo-B,2b95a3cfa1b8e1b48b2fd682ddaf2e28135b889f,DGS-004,discovery,easy,mathematics,easy__accurate__neutral,factorial,accurate,neutral,onset,68032e2ca16a5d6ccc8717040da71d6f44344e5e1f1ea17eacc89d2f8112e654,10.124999705411028,,0.0,,0.0,,0,false,0.04087322770508411,0.3086714283089268,1.170441383969989e-05,,0.0,40,-0.43661971830985913,,0.0,0.0,true,true,A,10,10,,3
phase_1,phase4-B-2026-08-18,empirical,google/gemma-2-9b-it+dpo-B,2b95a3cfa1b8e1b48b2fd682ddaf2e28135b889f,DGS-004,discovery,easy,mathematics,easy__accurate__neutral,factorial,accurate,neutral,onset_washout,ea38712d8700482ce2b29ab429b5b30ebd23be8c2432ee02c3d838b4fcf1f46d,12.625000364023435,,0.0,,0.0,,0,false,0.039830652071795376,0.3322474368603532,6.369383286763952e-06,,0.0,40,-0.43661971830985913,,0.0,0.0,true,true,A,10,10,,3
phase_1,phase4-B-2026-08-18,empirical,google/gemma-2-9b-it+dpo-B,2b95a3cfa1b8e1b48b2fd682ddaf2e28135b889f,DGS-004,discovery,easy,mathematics,easy__malfunctioning_always_fail__hostile,factorial,malfunctioning_always_fail,hostile,measured,c9b19dff943d506cf49551b72590a1019f9cbd90d4d5a35054cda1e11b8356c8,10.062500078289304,,,m2_invalid_final_answer_all_ten_required,0.0,,0,false,0.17846806514004818,1.1034666917186935,9.076811874691448e-05,,0.04,80,0.1267605633802817,,0.0,0.0,true,true,A,10,9,true,3
phase_1,phase4-B-2026-08-18,empirical,google/gemma-2-9b-it+dpo-B,2b95a3cfa1b8e1b48b2fd682ddaf2e28135b889f,DGS-004,discovery,easy,mathematics,easy__malfunctioning_always_fail__hostile,factorial,malfunctioning_always_fail,hostile,recovery,5e408b33fb99af43124b8a6525ba28473b06f6062398f84b7fd2116fb66ae664,8.999999576248229,,,m2_invalid_final_answer_all_ten_required,0.0,,0,false,0.1273251616132318,0.7662897892554322,8.801072842314825e-05,,0.03773584905660377,83,0.16901408450704225,,0.0,0.0,true,true,A,10,9,true,3
phase_1,phase4-B-2026-08-18,empirical,google/gemma-2-9b-it+dpo-B,2b95a3cfa1b8e1b48b2fd682ddaf2e28135b889f,DGS-004,discovery,easy,mathematics,easy__malfunctioning_always_fail__neutral,factorial,malfunctioning_always_fail,neutral,measured,ef1eb1718d53e9c5ce3aefbb6f7610c55d4806a79195c16e0f0a65365af6919a,7.749999962514266,,0.19999999999999996,,0.0,,0,false,0.162672577776944,1.0444909362480475,7.656008820037197e-05,,0.02564102564102564,61,-0.14084507042253522,,0.0,0.0,true,true,A,10,10,true,3
phase_1,phase4-B-2026-08-18,empirical,google/gemma-2-9b-it+dpo-B,2b95a3cfa1b8e1b48b2fd682ddaf2e28135b889f,DGS-004,discovery,easy,mathematics,easy__malfunctioning_always_fail__neutral,factorial,malfunctioning_always_fail,neutral,recovery,d678c8f8d8d85f677d874605956b171beca8910e5dd6192f87f4eb1c6314ddc9,7.624999893596396,,0.19999999999999996,,0.0,,0,false,0.06624986607866398,0.5459219215486756,1.4906068881550795e-05,,0.0,45,-0.36619718309859156,,0.0,0.0,true,true,A,10,10,true,3
phase_1,phase4-B-2026-08-18,empirical,google/gemma-2-9b-it+dpo-B,2b95a3cfa1b8e1b48b2fd682ddaf2e28135b889f,DGS-005,discovery,hard,mathematics,hard__accurate__hostile,factorial,accurate,hostile,measured,1b1f5ec3a21be02d808f490af94149eb1860c8dee4ef6dc0f6d573915f3ff1f0,12.937500374668161,,0.0,,0.0,,0,false,0.04246631774625973,0.3772670449617214,1.2743480121692218e-05,,0.02564102564102564,344,0.6303317535545023,,0.0,0.0,true,true,B,10,10,,3
phase_1,phase4-B-2026-08-18,empirical,google/gemma-2-9b-it+dpo-B,2b95a3cfa1b8e1b48b2fd682ddaf2e28135b889f,DGS-005,discovery,hard,mathematics,hard__accurate__hostile,factorial,accurate,hostile,onset,2c4e02fc47d415b78888e28f098eb2d68a25e66fd3073f22ef9b814ffa63d1b9,,m1_invalid_final_answer,,m2_invalid_final_answer_all_ten_required,0.0,,0,false,0.09006902325367758,0.7004319900186398,3.3616993821305346e-05,,0.023474178403755867,368,0.7440758293838863,,0.0,0.0,false,,,10,5,,3
phase_1,phase4-B-2026-08-18,empirical,google/gemma-2-9b-it+dpo-B,2b95a3cfa1b8e1b48b2fd682ddaf2e28135b889f,DGS-005,discovery,hard,mathematics,hard__accurate__hostile,factorial,accurate,hostile,onset_washout,3fdb1627f01b1133300005738fdd5a8e4c2f4f364a278e5991984328fdca0a1d,12.375000251369784,,0.0,,0.0,,0,false,0.018932149875282196,0.18023413798442045,1.580945882462335e-05,,0.02564102564102564,344,0.6303317535545023,,0.0,0.0,true,true,B,10,10,,3
phase_1,phase4-B-2026-08-18,empirical,google/gemma-2-9b-it+dpo-B,2b95a3cfa1b8e1b48b2fd682ddaf2e28135b889f,DGS-005,discovery,hard,mathematics,hard__accurate__neutral,factorial,accurate,neutral,measured,44f537325f2305f0e08ba935d74bcec6387919732c9c605e4385f04f2281b9e2,13.250000009691576,,0.0,,0.0,,0,false,0.14045844326037835,0.9167875994507259,1.062007820959956e-05,,0.027522935779816515,211,0.0,,0.0,0.0,true,true,B,10,10,,3
phase_1,phase4-B-2026-08-18,empirical,google/gemma-2-9b-it+dpo-B,2b95a3cfa1b8e1b48b2fd682ddaf2e28135b889f,DGS-005,discovery,hard,mathematics,hard__accurate__neutral,factorial,accurate,neutral,onset,7fbb887b4681f92b6dcdc8025c81803ad771ef3afe0bcb24547c3c14f2b520c3,10.187499862804543,,0.0,,0.0,,0,false,0.07546194582032258,0.6061203606925055,1.9587777304793215e-05,,0.025,235,0.11374407582938388,,0.0,0.0,true,true,B,10,10,,3
phase_1,phase4-B-2026-08-18,empirical,google/gemma-2-9b-it+dpo-B,2b95a3cfa1b8e1b48b2fd682ddaf2e28135b889f,DGS-005,discovery,hard,mathematics,hard__accurate__neutral,factorial,accurate,neutral,onset_washout,eee8e27b258fece930b60ea9b059a2f1008e00772cd89907851734c219a8a6ba,12.31250000745058,,0.0,,0.0,,0,false,0.03295596778808001,0.30940488024672613,4.172037701718266e-06,,0.025,235,0.11374407582938388,,0.0,0.0,true,true,B,10,10,,3
phase_1,phase4-B-2026-08-18,empirical,google/gemma-2-9b-it+dpo-B,2b95a3cfa1b8e1b48b2fd682ddaf2e28135b889f,DGS-005,discovery,hard,mathematics,hard__malfunctioning_always_fail__hostile,factorial,malfunctioning_always_fail,hostile,measured,11790d97d959c7fd4714e8d81d24d726e014352450964e0b6dfe298b354a464c,12.187499891311745,,,m2_invalid_final_answer_all_ten_required,0.0,,0,false,0.13597818439589868,0.9975092666386116,0.000158507305065046,,0.03535353535353535,349,0.6540284360189573,,0.0,0.0,true,true,B,10,7,true,3
phase_1,phase4-B-2026-08-18,empirical,google/gemma-2-9b-it+dpo-B,2b95a3cfa1b8e1b48b2fd682ddaf2e28135b889f,DGS-005,discovery,hard,mathematics,hard__malfunctioning_always_fail__hostile,factorial,malfunctioning_always_fail,hostile,recovery,2d7f4307ec74a33db2c0a27ea055f5897c93b395868f252046497c95f103164b,11.500000154308509,,,m2_invalid_final_answer_all_ten_required,0.0,,0,false,0.07643975553700091,0.6237243223016073,7.036640596658616e-05,,0.031055900621118012,297,0.4075829383886256,,0.0,0.0,true,true,B,10,9,true,3
phase_1,phase4-B-2026-08-18,empirical,google/gemma-2-9b-it+dpo-B,2b95a3cfa1b8e1b48b2fd682ddaf2e28135b889f,DGS-005,discovery,hard,mathematics,hard__malfunctioning_always_fail__neutral,factorial,malfunctioning_always_fail,neutral,measured,873c59ca39da6b9eeed39d373e7c50dfb24dfc732abb9100ce7fba96a21938f6,6.687499960884452,,0.0,,0.0,,0,false,0.3309701777600633,1.5262167943220357,0.0003718446712402926,,0.0,146,-0.3080568720379147,,0.0,0.0,true,true,B,10,10,true,3
phase_1,phase4-B-2026-08-18,empirical,google/gemma-2-9b-it+dpo-B,2b95a3cfa1b8e1b48b2fd682ddaf2e28135b889f,DGS-005,discovery,hard,mathematics,hard__malfunctioning_always_fail__neutral,factorial,malfunctioning_always_fail,neutral,recovery,b6e623d5fef004230b1050047c3a724ef03827cf0ed84947786a1d45b9cd9414,9.562500366941094,,0.0,,0.0,,0,false,0.016483160398551567,0.15368295676377836,9.86186817917747e-06,,0.02976190476190476,296,0.4028436018957346,,0.0,0.0,true,true,B,10,10,true,3
phase_1,phase4-B-2026-08-18,empirical,google/gemma-2-9b-it+dpo-B,2b95a3cfa1b8e1b48b2fd682ddaf2e28135b889f,DGS-007,discovery,hard,mathematics,hard__accurate__hostile,factorial,accurate,hostile,measured,96a49a64d063a32644a381073edb2236a22110bc39c8fcd7bd4dbf4db4218156,3.2500000298023224,,,m2_invalid_final_answer_all_ten_required,0.0,,0,false,0.8041202118067758,2.088140363330444,0.007021598368279438,,0.0,121,0.06140350877192982,,0.0,0.0,true,true,D,10,4,,3
phase_1,phase4-B-2026-08-18,empirical,google/gemma-2-9b-it+dpo-B,2b95a3cfa1b8e1b48b2fd682ddaf2e28135b889f,DGS-007,discovery,hard,mathematics,hard__accurate__hostile,factorial,accurate,hostile,onset,5f35f2dddf0fa7b992a47ffddf2d626d6bfce4ea566e933647067115c8a222aa,4.125000149011612,,,m2_invalid_final_answer_all_ten_required,0.0,,0,false,0.5135241122566883,1.3301023060536947,0.0008300699267583292,,0.0,47,-0.5877192982456141,,0.0,0.0,true,true,D,10,2,,3
phase_1,phase4-B-2026-08-18,empirical,google/gemma-2-9b-it+dpo-B,2b95a3cfa1b8e1b48b2fd682ddaf2e28135b889f,DGS-007,discovery,hard,mathematics,hard__accurate__hostile,factorial,accurate,hostile,onset_washout,6aafc6b51b5651a083cb690049b177ead02140caabc896819d644a52630d3c93,6.99999998905696,,,m2_invalid_final_answer_all_ten_required,0.0,,0,false,0.03486335787024367,0.30557407879701715,0.00012342623410469255,,0.05405405405405406,73,-0.35964912280701755,,0.0,0.0,true,true,D,10,4,,3
phase_1,phase4-B-2026-08-18,empirical,google/gemma-2-9b-it+dpo-B,2b95a3cfa1b8e1b48b2fd682ddaf2e28135b889f,DGS-007,discovery,hard,mathematics,hard__accurate__neutral,factorial,accurate,neutral,measured,2acd5cda4a8191bac04d122658c129ab9de1df3358d2f1ab0552ce7c0d58b4c8,14.3124996430779,,,m2_invalid_final_answer_all_ten_required,0.0,,0,false,0.21592363717802457,1.202134085936337,0.0001699751310000496,,0.1111111111111111,114,0.0,,0.0,0.0,true,true,D,10,9,,3
phase_1,phase4-B-2026-08-18,empirical,google/gemma-2-9b-it+dpo-B,2b95a3cfa1b8e1b48b2fd682ddaf2e28135b889f,DGS-007,discovery,hard,mathematics,hard__accurate__neutral,factorial,accurate,neutral,onset,19f340a42561495df1bfcb4cc78f62a390bba99cf23754c768e5ac0e82402876,10.875000078289304,,,m2_invalid_final_answer_all_ten_required,0.0,,0,false,0.21318621056302356,1.2879493337564656,0.0002757606313011533,,0.2647058823529412,150,0.3157894736842105,,0.0,0.0,true,true,D,10,7,,3
phase_1,phase4-B-2026-08-18,empirical,google/gemma-2-9b-it+dpo-B,2b95a3cfa1b8e1b48b2fd682ddaf2e28135b889f,DGS-007,discovery,hard,mathematics,hard__accurate__neutral,factorial,accurate,neutral,onset_washout,c2214c45001ba9348b75a0d724e5caa6270885c4cc86d10a84385a840237b6b0,11.312500254964107,,,m2_invalid_final_answer_all_ten_required,0.0,,0,false,0.08966760764781229,0.7486623589688044,8.941605483386515e-05,,0.2647058823529412,149,0.30701754385964913,,0.0,0.0,true,true,D,10,7,,3
phase_1,phase4-B-2026-08-18,empirical,google/gemma-2-9b-it+dpo-B,2b95a3cfa1b8e1b48b2fd682ddaf2e28135b889f,DGS-007,discovery,hard,mathematics,hard__malfunctioning_always_fail__hostile,factorial,malfunctioning_always_fail,hostile,measured,3b8f05e5dee30b6e4929ba4ac6f5c7c929d53b8a6c99c5e72c7fa78f9f59483c,13.562499765364919,,,m2_invalid_final_answer_all_ten_required,0.0,,0,false,0.19738245071530577,1.2263086735956528,0.0002803089481694591,,0.06321839080459771,289,1.5350877192982457,,0.0,0.0,true,true,D,10,7,true,3
phase_1,phase4-B-2026-08-18,empirical,google/gemma-2-9b-it+dpo-B,2b95a3cfa1b8e1b48b2fd682ddaf2e28135b889f,DGS-007,discovery,hard,mathematics,hard__malfunctioning_always_fail__hostile,factorial,malfunctioning_always_fail,hostile,recovery,c00a662852313cf639b51531c767251523263103c592c9230574b3664d80410d,10.999999785068212,,,m2_invalid_final_answer_all_ten_required,0.0,,0,false,0.08484659802507023,0.6982502838192979,0.0004407106106490297,,0.06321839080459771,289,1.5350877192982457,,0.0,0.0,true,true,D,10,5,true,3
phase_1,phase4-B-2026-08-18,empirical,google/gemma-2-9b-it+dpo-B,2b95a3cfa1b8e1b48b2fd682ddaf2e28135b889f,DGS-007,discovery,hard,mathematics,hard__malfunctioning_always_fail__neutral,factorial,malfunctioning_always_fail,neutral,measured,5de242cd59b8053988169b79c93564516bdaa31bbebf473cd6bc6791101a7a62,10.874999928550096,,,m2_invalid_final_answer_all_ten_required,0.0,,0,false,0.20663143050569086,1.2156358886115812,0.00029594759937346386,,0.14655172413793102,182,0.5964912280701754,,0.0,0.0,true,true,D,10,5,true,3
phase_1,phase4-B-2026-08-18,empirical,google/gemma-2-9b-it+dpo-B,2b95a3cfa1b8e1b48b2fd682ddaf2e28135b889f,DGS-007,discovery,hard,mathematics,hard__malfunctioning_always_fail__neutral,factorial,malfunctioning_always_fail,neutral,recovery,b7eca968965893f11cdfaaaab2716dd092770b82d34a1f8470a3e38aaca3bdd7,10.812499970459612,,,m2_invalid_final_answer_all_ten_required,0.0,,0,false,0.16011079120767832,1.1205861516708653,0.00013297820420411023,,0.21505376344086022,140,0.22807017543859648,,0.0,0.0,true,true,D,10,7,true,3
phase_1,phase4-B-2026-08-18,empirical,google/gemma-2-9b-it+dpo-B,2b95a3cfa1b8e1b48b2fd682ddaf2e28135b889f,DGS-010,discovery,easy,logic,easy__accurate__hostile,factorial,accurate,hostile,measured,819a20916281d9b31c1893a2f0dd8d08d83731c55210b0c0663867126cb62a5b,14.281249766150722,,,m2_invalid_final_answer_all_ten_required,0.0,,0,false,0.2228163391386527,1.0799572633965373,0.0003499385619735032,,0.015384615384615385,110,1.5,,0.0,0.0,true,true,B,10,9,,3
phase_1,phase4-B-2026-08-18,empirical,google/gemma-2-9b-it+dpo-B,2b95a3cfa1b8e1b48b2fd682ddaf2e28135b889f,DGS-010,discovery,easy,logic,easy__accurate__hostile,factorial,accurate,hostile,onset,95b505b0aaf70304c3f668c2682e23ae6f5335f78f4609baee8026b87f9900eb,,m1_invalid_final_answer,,m2_invalid_final_answer_all_ten_required,0.0,,0,false,0.2677783366534341,1.1664586720751113,0.00015015380635277075,,0.09411764705882353,135,2.0681818181818183,,0.0,0.0,false,,,10,9,,3
phase_1,phase4-B-2026-08-18,empirical,google/gemma-2-9b-it+dpo-B,2b95a3cfa1b8e1b48b2fd682ddaf2e28135b889f,DGS-010,discovery,easy,logic,easy__accurate__hostile,factorial,accurate,hostile,onset_washout,ce5f7af828a91d1fe852e947c00c913cd492be15ee20a8b7578a8d058c7e9ddd,13.124999543113518,,,m2_invalid_final_answer_all_ten_required,0.0,,0,false,0.2580482478065683,1.1704269732057284,0.00027352223703046123,,0.09433962264150944,71,0.6136363636363636,,0.0,0.0,true,true,B,10,9,,3
phase_1,phase4-B-2026-08-18,empirical,google/gemma-2-9b-it+dpo-B,2b95a3cfa1b8e1b48b2fd682ddaf2e28135b889f,DGS-010,discovery,easy,logic,easy__accurate__neutral,factorial,accurate,neutral,measured,ee11a183832db3a20f72fea6a6514d09496e929fd7d3c612b6f69bda7217b46e,14.812499882489647,,0.0,,0.0,,0,false,0.2786559031798602,1.1951673416507866,9.99632701522348e-05,,0.0,44,0.0,,0.0,0.0,true,true,B,10,10,,3
phase_1,phase4-B-2026-08-18,empirical,google/gemma-2-9b-it+dpo-B,2b95a3cfa1b8e1b48b2fd682ddaf2e28135b889f,DGS-010,discovery,easy,logic,easy__accurate__neutral,factorial,accurate,neutral,onset,cbc7bae18978008e3aab9d88e9a7231bd195913f1352858491e7c6ff0b225e4c,8.87500033841934,,0.09999999999999998,,0.0,,0,false,0.2705465537354866,1.0723239940589677,0.000558674205067072,,0.0,34,-0.22727272727272727,,0.0,0.0,true,true,B,10,10,,3
phase_1,phase4-B-2026-08-18,empirical,google/gemma-2-9b-it+dpo-B,2b95a3cfa1b8e1b48b2fd682ddaf2e28135b889f,DGS-010,discovery,easy,logic,easy__accurate__neutral,factorial,accurate,neutral,onset_washout,d18ebb312c68856fd0acf53bd4d5612dee75abf5a25d243c2461b3852bd8943b,12.000000361360435,,,m2_invalid_final_answer_all_ten_required,0.0,,0,false,0.08021997193341733,0.4205024435051014,5.244763533453456e-05,,0.0,34,-0.22727272727272727,,0.0,0.0,true,true,B,10,9,,3
phase_1,phase4-B-2026-08-18,empirical,google/gemma-2-9b-it+dpo-B,2b95a3cfa1b8e1b48b2fd682ddaf2e28135b889f,DGS-010,discovery,easy,logic,easy__malfunctioning_always_fail__hostile,factorial,malfunctioning_always_fail,hostile,measured,b3d932e1499ba7878edc6049d887c333cacc1d31b508733d6ff35db1199f91d1,10.93750023044413,,0.4,,0.0,,0,false,0.22632128227914824,1.209954982472272,0.00031717792708220015,,0.014492753623188406,105,1.3863636363636365,,0.0,0.0,true,true,B,10,10,true,3
phase_1,phase4-B-2026-08-18,empirical,google/gemma-2-9b-it+dpo-B,2b95a3cfa1b8e1b48b2fd682ddaf2e28135b889f,DGS-010,discovery,easy,logic,easy__malfunctioning_always_fail__hostile,factorial,malfunctioning_always_fail,hostile,recovery,53517404949d37cf199842b0f953ccfcfedcf2a4c7a60c6d549c1631d3ab19ce,9.062500183586963,,,m2_invalid_final_answer_all_ten_required,0.0,,0,false,0.1541657209025882,0.9688258078032966,0.00017278390681837083,,0.013333333333333334,108,1.4545454545454546,,0.0,0.0,true,true,B,10,5,true,3
phase_1,phase4-B-2026-08-18,empirical,google/gemma-2-9b-it+dpo-B,2b95a3cfa1b8e1b48b2fd682ddaf2e28135b889f,DGS-010,discovery,easy,logic,easy__malfunctioning_always_fail__neutral,factorial,malfunctioning_always_fail,neutral,measured,a106698ae32d3ef2e714ec753e0c3a5648c9fff799e8e5a000c2fad0149c177d,11.43750011047814,,0.4,,0.0,,0,false,0.2080494056069528,0.9587058766278679,5.444148725488226e-05,,0.06,84,0.9090909090909091,,0.0,0.0,true,true,B,10,10,true,3
phase_1,phase4-B-2026-08-18,empirical,google/gemma-2-9b-it+dpo-B,2b95a3cfa1b8e1b48b2fd682ddaf2e28135b889f,DGS-010,discovery,easy,logic,easy__malfunctioning_always_fail__neutral,factorial,malfunctioning_always_fail,neutral,recovery,fb99b460a412208275cfb9b2bd363b57d9e027fb3a80281627093136c51a7827,-9.624999869964086,,0.5,,0.0,,0,false,0.14172805830837784,0.7882886007066567,9.423593898879913e-05,,0.058823529411764705,48,0.09090909090909091,,0.0,0.0,true,false,C,10,10,true,3
phase_1,phase4-B-2026-08-18,empirical,google/gemma-2-9b-it+dpo-B,2b95a3cfa1b8e1b48b2fd682ddaf2e28135b889f,DGS-012,discovery,easy,logic,easy__accurate__hostile,factorial,accurate,hostile,measured,9f786aeb508f29ff184f904456841a5b7dc31ba1a5b76ff03c1c719fab27c605,12.750000083673513,,,m2_invalid_final_answer_all_ten_required,0.0,,0,false,0.24494708300234155,1.1345128410247909,0.00013314440490716506,,0.0,64,-0.3333333333333333,,0.0,0.0,true,true,C,10,9,,3
phase_1,phase4-B-2026-08-18,empirical,google/gemma-2-9b-it+dpo-B,2b95a3cfa1b8e1b48b2fd682ddaf2e28135b889f,DGS-012,discovery,easy,logic,easy__accurate__hostile,factorial,accurate,hostile,onset,a5ac4ad4332ab72addb1de22a10e152579036cc8e2ddcbf5940d79a0b856e20f,,m1_invalid_final_answer,,m2_invalid_final_answer_all_ten_required,0.0,,0,false,0.3038683924647727,1.2922031440697996,0.00023649051879827388,,0.043478260869565216,130,0.3541666666666667,,0.0,0.0,false,,,10,6,,3
phase_1,phase4-B-2026-08-18,empirical,google/gemma-2-9b-it+dpo-B,2b95a3cfa1b8e1b48b2fd682ddaf2e28135b889f,DGS-012,discovery,easy,logic,easy__accurate__hostile,factorial,accurate,hostile,onset_washout,c02c7c5c74fa6a740765e64aff45e5e12202460bbb743a4be6b59a8e2f61b393,12.187499896041118,,,m2_invalid_final_answer_all_ten_required,0.0,,0,false,0.050068329190858046,0.4259940391045374,6.897647375105084e-05,,0.0,71,-0.2604166666666667,,0.0,0.0,true,true,C,10,6,,3
phase_1,phase4-B-2026-08-18,empirical,google/gemma-2-9b-it+dpo-B,2b95a3cfa1b8e1b48b2fd682ddaf2e28135b889f,DGS-012,discovery,easy,logic,easy__accurate__neutral,factorial,accurate,neutral,measured,1177aa99b11c817c04147aa68cfbbde3044dd0265318daa88792055325d1a82a,13.250000126528903,,0.0,,0.0,,0,false,0.3777913057660583,1.4962334463955838,0.001257484938311833,,0.06349206349206349,96,0.0,,0.0,0.0,true,true,C,10,10,,3
phase_1,phase4-B-2026-08-18,empirical,google/gemma-2-9b-it+dpo-B,2b95a3cfa1b8e1b48b2fd682ddaf2e28135b889f,DGS-012,discovery,easy,logic,easy__accurate__neutral,factorial,accurate,neutral,onset,b5887c33c03308a9bd1030ca1ebaae147ad464df049f5f6dada86d3e04e3ac76,9.68750030035153,,,m2_invalid_final_answer_all_ten_required,0.0,,0,false,0.4536132804104601,1.5121886757044118,0.0009976523300597668,,0.0375,110,0.14583333333333334,,0.0,0.0,true,true,C,10,9,,3
phase_1,phase4-B-2026-08-18,empirical,google/gemma-2-9b-it+dpo-B,2b95a3cfa1b8e1b48b2fd682ddaf2e28135b889f,DGS-012,discovery,easy,logic,easy__accurate__neutral,factorial,accurate,neutral,onset_washout,bd5aafe8cdafde3ccd0c0d2a95c934831050108a8a6942f8a539ca00d3ae718a,12.500000043422915,,0.0,,0.0,,0,false,0.2440162137786027,1.0946227859218984,0.00013460915027801944,,0.013888888888888888,97,0.010416666666666666,,0.0,0.0,true,true,C,10,10,,3
phase_1,phase4-B-2026-08-18,empirical,google/gemma-2-9b-it+dpo-B,2b95a3cfa1b8e1b48b2fd682ddaf2e28135b889f,DGS-012,discovery,easy,logic,easy__malfunctioning_always_fail__hostile,factorial,malfunctioning_always_fail,hostile,measured,dd127638756c8bf3b89b352a4b73e65d06a8f784d2b3a03a31567f543af118cd,13.499999887026206,,0.0,,0.0,,0,false,0.23303873797538865,1.1464605578233342,0.00012538249379583023,,0.022222222222222223,65,-0.3229166666666667,,0.0,0.0,true,true,C,10,10,true,3
phase_1,phase4-B-2026-08-18,empirical,google/gemma-2-9b-it+dpo-B,2b95a3cfa1b8e1b48b2fd682ddaf2e28135b889f,DGS-012,discovery,easy,logic,easy__malfunctioning_always_fail__hostile,factorial,malfunctioning_always_fail,hostile,recovery,adb886b0dd7457da696d148c65714450ea0f1817e70ac18d27932ea2a8553204,10.18749969691271,,,m2_invalid_final_answer_all_ten_required,0.0,,0,false,0.144735691636118,0.97700485027065,0.00039253284681522066,,0.022222222222222223,65,-0.3229166666666667,,0.0,0.0,true,true,C,10,9,true,3
phase_1,phase4-B-2026-08-18,empirical,google/gemma-2-9b-it+dpo-B,2b95a3cfa1b8e1b48b2fd682ddaf2e28135b889f,DGS-012,discovery,easy,logic,easy__malfunctioning_always_fail__neutral,factorial,malfunctioning_always_fail,neutral,measured,076ea000960b651fa41b2ee1c882ae61df35aced577d7b55d5f70d090eff28bd,11.437499750347342,,0.0,,0.0,,0,false,0.24140744559061433,1.2314971259904128,0.0001583991404706286,,0.11666666666666667,94,-0.020833333333333332,,0.0,0.0,true,true,C,10,10,true,3
phase_1,phase4-B-2026-08-18,empirical,google/gemma-2-9b-it+dpo-B,2b95a3cfa1b8e1b48b2fd682ddaf2e28135b889f,DGS-012,discovery,easy,logic,easy__malfunctioning_always_fail__neutral,factorial,malfunctioning_always_fail,neutral,recovery,be1ca9666b66fc78621ce5228754a23b1beb84b347419d62e7a4f9e774b2ed36,8.99999966728501,,,m2_invalid_final_answer_all_ten_required,0.0,,0,false,0.1406792978063587,0.8115165495401099,0.0003172184272173568,,0.0,49,-0.4895833333333333,,0.0,0.0,true,true,C,10,9,true,3
phase_1,phase4-B-2026-08-18,empirical,google/gemma-2-9b-it+dpo-B,2b95a3cfa1b8e1b48b2fd682ddaf2e28135b889f,DGS-014,discovery,hard,logic,hard__accurate__hostile,factorial,accurate,hostile,measured,c82b3a7b52e8422032a68930de48276e4d09191354bf7151ca86a292fc0c78ef,-11.81250025331974,,,m2_invalid_final_answer_all_ten_required,0.0,,0,false,0.35180540613066785,1.3825119801485841,0.00021981664619764478,,0.02127659574468085,144,0.7777777777777778,,0.0,0.0,true,false,D,10,3,,3
phase_1,phase4-B-2026-08-18,empirical,google/gemma-2-9b-it+dpo-B,2b95a3cfa1b8e1b48b2fd682ddaf2e28135b889f,DGS-014,discovery,hard,logic,hard__accurate__hostile,factorial,accurate,hostile,onset,2b10b8fccb8d4beb3c3c455bce28f5246bc526edea96416f35170dd8bce2584d,,m1_invalid_final_answer,,m2_invalid_final_answer_all_ten_required,0.0,,0,false,0.46874100528384005,1.5402472638233404,0.0007658627724911923,,0.09473684210526316,134,0.654320987654321,,0.0,0.0,false,,,10,1,,3
phase_1,phase4-B-2026-08-18,empirical,google/gemma-2-9b-it+dpo-B,2b95a3cfa1b8e1b48b2fd682ddaf2e28135b889f,DGS-014,discovery,hard,logic,hard__accurate__hostile,factorial,accurate,hostile,onset_washout,7ca3bcaa52a81d275ec489b55e81b9830e92d5b50c6e7a0a88507afda4690a70,,m1_invalid_final_answer,,m2_invalid_final_answer_all_ten_required,0.0,,0,false,0.30405281933209954,1.3377791583579222,0.0008056622520775541,,0.007407407407407408,190,1.345679012345679,,0.0,0.0,false,,,10,1,,3
phase_1,phase4-B-2026-08-18,empirical,google/gemma-2-9b-it+dpo-B,2b95a3cfa1b8e1b48b2fd682ddaf2e28135b889f,DGS-014,discovery,hard,logic,hard__accurate__neutral,factorial,accurate,neutral,measured,ffefa1c30eb76e480f3a3b622cb2c9483342ec6d735cbb96a0b859e699606cfa,-7.937500007450581,,,m2_invalid_final_answer_all_ten_required,0.0,,0,false,0.3290981142178121,1.3393544721990376,8.904689605739293e-05,,0.0,81,0.0,,0.0,0.0,true,false,D,10,1,,3
phase_1,phase4-B-2026-08-18,empirical,google/gemma-2-9b-it+dpo-B,2b95a3cfa1b8e1b48b2fd682ddaf2e28135b889f,DGS-014,discovery,hard,logic,hard__accurate__neutral,factorial,accurate,neutral,onset,f7a3415acb2a95afdb77915eb36a041dff18a55f88295ee3af11daaea20ad24a,,m1_invalid_final_answer,,m2_invalid_final_answer_all_ten_required,0.0,,0,false,0.41615397078426397,1.4545586482369048,0.0007784739130625897,,0.0,68,-0.16049382716049382,,0.0,0.0,false,,,10,1,,3
phase_1,phase4-B-2026-08-18,empirical,google/gemma-2-9b-it+dpo-B,2b95a3cfa1b8e1b48b2fd682ddaf2e28135b889f,DGS-014,discovery,hard,logic,hard__accurate__neutral,factorial,accurate,neutral,onset_washout,9fa3b95b6f1a799cf5644060f24f916178e98f18509114d98bf2532958e2a7b0,,m1_invalid_final_answer,,m2_invalid_final_answer_all_ten_required,0.0,,0,false,0.3189360911845002,1.4300691399249212,0.0005495595254020148,,0.0,63,-0.2222222222222222,,0.0,0.0,false,,,10,1,,3
phase_1,phase4-B-2026-08-18,empirical,google/gemma-2-9b-it+dpo-B,2b95a3cfa1b8e1b48b2fd682ddaf2e28135b889f,DGS-014,discovery,hard,logic,hard__malfunctioning_always_fail__hostile,factorial,malfunctioning_always_fail,hostile,measured,1b2c41700512004297894a465e840ec1aa00d3ad94a0e8b2c1d46433a55d69b4,-11.750000413972884,,,m2_invalid_final_answer_all_ten_required,0.0,,0,false,0.35928759485524764,1.4122621511596882,0.00022126358575760667,,0.02127659574468085,145,0.7901234567901234,,0.0,0.0,true,false,D,10,2,false,3
phase_1,phase4-B-2026-08-18,empirical,google/gemma-2-9b-it+dpo-B,2b95a3cfa1b8e1b48b2fd682ddaf2e28135b889f,DGS-014,discovery,hard,logic,hard__malfunctioning_always_fail__hostile,factorial,malfunctioning_always_fail,hostile,recovery,62750da501c7c96abd1835d7c76f89d76eb4b0fe5b3c11f4e6312fe57ec8436d,-11.312499736901373,,,m2_invalid_final_answer_all_ten_required,0.0,,0,false,0.32577818365514544,1.4452312587384089,0.000827905573813242,,0.10576923076923077,150,0.8518518518518519,,0.0,0.0,true,false,D,10,0,false,3
phase_1,phase4-B-2026-08-18,empirical,google/gemma-2-9b-it+dpo-B,2b95a3cfa1b8e1b48b2fd682ddaf2e28135b889f,DGS-014,discovery,hard,logic,hard__malfunctioning_always_fail__neutral,factorial,malfunctioning_always_fail,neutral,measured,fb390bb693feb0f96ec4829bcd9a0650b14c6ad97ed26e4cc01d5675ced9fe77,-7.874999940395355,,,m2_invalid_final_answer_all_ten_required,0.0,,0,false,0.329553681686809,1.3397174110788135,9.00565104839016e-05,,0.0,81,0.0,,0.0,0.0,true,false,D,10,2,false,3
phase_1,phase4-B-2026-08-18,empirical,google/gemma-2-9b-it+dpo-B,2b95a3cfa1b8e1b48b2fd682ddaf2e28135b889f,DGS-014,discovery,hard,logic,hard__malfunctioning_always_fail__neutral,factorial,malfunctioning_always_fail,neutral,recovery,4f9b9fe6585a735ddee0cf6783ba2720aafae9193c450e6ae01a59ddd3f928de,-6.750000080093741,,,m2_invalid_final_answer_all_ten_required,0.0,,0,false,0.2877395512367939,1.555548208682671,0.0005684330694482689,,0.14583333333333334,134,0.654320987654321,,0.0,0.0,true,false,D,10,1,false,3
phase_1,phase4-B-2026-08-18,empirical,google/gemma-2-9b-it+dpo-B,2b95a3cfa1b8e1b48b2fd682ddaf2e28135b889f,DGS-015,discovery,hard,logic,hard__accurate__hostile,factorial,accurate,hostile,measured,ade95bd792b4733c70b470c03b7838513436f218acaa8e5089e7f68a02c4dffa,-7.937499988824129,,,m2_invalid_final_answer_all_ten_required,0.0,,0,false,0.274480736973553,1.5509093908372522,0.000510618336040209,,0.15306122448979592,147,0.08888888888888889,,0.0,0.0,true,false,D,10,9,,3
phase_1,phase4-B-2026-08-18,empirical,google/gemma-2-9b-it+dpo-B,2b95a3cfa1b8e1b48b2fd682ddaf2e28135b889f,DGS-015,discovery,hard,logic,hard__accurate__hostile,factorial,accurate,hostile,onset,e72941e5ca8b1028149db3b7332d82f47bddc4c0d4891609b0a47ad7a32ddf83,-13.656250331609044,,,m2_invalid_final_answer_all_ten_required,0.0,,0,false,0.43784093938758323,1.5839927900109307,0.0009197174821551792,,0.058823529411764705,115,-0.14814814814814814,,0.0,0.0,true,false,D,10,4,,3
phase_1,phase4-B-2026-08-18,empirical,google/gemma-2-9b-it+dpo-B,2b95a3cfa1b8e1b48b2fd682ddaf2e28135b889f,DGS-015,discovery,hard,logic,hard__accurate__hostile,factorial,accurate,hostile,onset_washout,4265565ad0cdf62d685ca2f6fee6db4c335cc4cd43bcfecc964ec00b65790f40,-12.624999833322363,,,m2_invalid_final_answer_all_ten_required,0.0,,0,false,0.3886063989066736,1.6531194439287118,0.00047117268737577865,,0.012987012987012988,118,-0.1259259259259259,,0.0,0.0,true,false,D,10,4,,3
phase_1,phase4-B-2026-08-18,empirical,google/gemma-2-9b-it+dpo-B,2b95a3cfa1b8e1b48b2fd682ddaf2e28135b889f,DGS-015,discovery,hard,logic,hard__accurate__neutral,factorial,accurate,neutral,measured,00072891f5897a7760b0a91956ecba85d0999ec5fe6a40a4d35898597ebac7f5,-11.687500113272108,,0.4,,0.0,,0,false,0.2636970016645173,1.408947403101608,0.0008154342356113469,,0.125,135,0.0,,0.0,0.0,true,false,D,10,10,,3
phase_1,phase4-B-2026-08-18,empirical,google/gemma-2-9b-it+dpo-B,2b95a3cfa1b8e1b48b2fd682ddaf2e28135b889f,DGS-015,discovery,hard,logic,hard__accurate__neutral,factorial,accurate,neutral,onset,8105c5a89ab183ded724d80fb0e381e65633095ee0b96f5f748483c2cc138f87,8.687499785330147,,0.5,,,m3_zero_visible_reasoning_tokens,0,false,0.37053147502293216,0.8361376567532196,0.001222454785453353,,0.0,5,-0.9629629629629629,,0.0,0.0,true,true,C,10,10,,3
phase_1,phase4-B-2026-08-18,empirical,google/gemma-2-9b-it+dpo-B,2b95a3cfa1b8e1b48b2fd682ddaf2e28135b889f,DGS-015,discovery,hard,logic,hard__accurate__neutral,factorial,accurate,neutral,onset_washout,39f5cc3112252f78a5db40b637e131db49211589fc9b22482674bf9e19dfbfae,5.812500085681677,,,m2_invalid_final_answer_all_ten_required,,m3_zero_visible_reasoning_tokens,0,false,0.562528519851179,1.2692073002542688,0.0017122161245851863,,0.0,5,-0.9629629629629629,,0.0,0.0,true,true,C,10,9,,3
phase_1,phase4-B-2026-08-18,empirical,google/gemma-2-9b-it+dpo-B,2b95a3cfa1b8e1b48b2fd682ddaf2e28135b889f,DGS-015,discovery,hard,logic,hard__malfunctioning_always_fail__hostile,factorial,malfunctioning_always_fail,hostile,measured,c9c298153170d334314d22212d61fce67a707ad658a6dcb98a03a21d59572f40,-10.125000033178367,,,m2_invalid_final_answer_all_ten_required,0.0,,0,false,0.7654612855094393,1.8585942260584747,0.003150316610033018,,0.0,150,0.1111111111111111,,0.0,0.0,true,false,D,10,9,false,3
phase_1,phase4-B-2026-08-18,empirical,google/gemma-2-9b-it+dpo-B,2b95a3cfa1b8e1b48b2fd682ddaf2e28135b889f,DGS-015,discovery,hard,logic,hard__malfunctioning_always_fail__hostile,factorial,malfunctioning_always_fail,hostile,recovery,4f0309d790878d9561050c91e87abbc9bcca139112f7fbe5c53bfb8e78119106,,m1_invalid_final_answer,,m2_invalid_final_answer_all_ten_required,0.0,,0,false,0.22860562257560846,1.2378360435590063,0.0005123735899277266,,0.2413793103448276,138,0.022222222222222223,,0.0,0.0,false,,,10,7,false,3
phase_1,phase4-B-2026-08-18,empirical,google/gemma-2-9b-it+dpo-B,2b95a3cfa1b8e1b48b2fd682ddaf2e28135b889f,DGS-015,discovery,hard,logic,hard__malfunctioning_always_fail__neutral,factorial,malfunctioning_always_fail,neutral,measured,e51fcf14656a255675d5d14c8b79f3c70f7bf8d756842ae9a09cb10ca8d243e6,-7.93750012665987,,0.6,,0.0,,0,false,0.29194919398390634,1.3495787111919755,0.0007219268436410472,,0.13636363636363635,102,-0.24444444444444444,,0.0,0.0,true,false,D,10,10,true,3
phase_1,phase4-B-2026-08-18,empirical,google/gemma-2-9b-it+dpo-B,2b95a3cfa1b8e1b48b2fd682ddaf2e28135b889f,DGS-015,discovery,hard,logic,hard__malfunctioning_always_fail__neutral,factorial,malfunctioning_always_fail,neutral,recovery,69d7f8bc63a203a1c86f8177dd1c3a2bfa29a1bfeb7a7558c592b87c4aa2160b,-10.812500188942067,,,m2_invalid_final_answer_all_ten_required,0.0,,0,false,0.25859784062006475,1.035493143816578,0.00011435810350296304,,0.0196078431372549,83,-0.3851851851851852,,0.0,0.0,true,false,A,10,8,true,3
phase_1,phase4-B-2026-08-18,empirical,google/gemma-2-9b-it+dpo-B,2b95a3cfa1b8e1b48b2fd682ddaf2e28135b889f,DGS-018,discovery,easy,science,easy__accurate__hostile,factorial,accurate,hostile,measured,c03a4b8cd2b2d5584d7df1b003db9cbb2a5091a16af416305c0211248da1c6ee,11.562499782594386,,0.09999999999999998,,0.0,,0,false,0.3354354001149554,1.4412266886629566,0.0008468055645827101,,0.0,90,-0.021739130434782608,,0.0,0.0,true,true,B,10,10,,3
phase_1,phase4-B-2026-08-18,empirical,google/gemma-2-9b-it+dpo-B,2b95a3cfa1b8e1b48b2fd682ddaf2e28135b889f,DGS-018,discovery,easy,science,easy__accurate__hostile,factorial,accurate,hostile,onset,ad7ed48b80442d49ef5976705919188b5e912fc0bb8a15457d0dc0b0f15f7fa3,9.062499747378752,,,m2_invalid_final_answer_all_ten_required,0.0,,0,false,0.1740747711916288,1.2523603920300235,0.000514462884006375,,0.0,82,-0.10869565217391304,,0.0,0.0,true,true,B,10,2,,3
phase_1,phase4-B-2026-08-18,empirical,google/gemma-2-9b-it+dpo-B,2b95a3cfa1b8e1b48b2fd682ddaf2e28135b889f,DGS-018,discovery,easy,science,easy__accurate__hostile,factorial,accurate,hostile,onset_washout,c77c22d14c51aec499ba7949c5f940c9cf03b2c0912ea4f59838814eae5b0b4e,11.937499759398634,,,m2_invalid_final_answer_all_ten_required,0.0,,0,false,0.10138107730070939,0.8240802027435916,0.00025730496554193317,,0.0,81,-0.11956521739130435,,0.0,0.0,true,true,B,10,9,,3
phase_1,phase4-B-2026-08-18,empirical,google/gemma-2-9b-it+dpo-B,2b95a3cfa1b8e1b48b2fd682ddaf2e28135b889f,DGS-018,discovery,easy,science,easy__accurate__neutral,factorial,accurate,neutral,measured,8459eaf67b61b0cc23511929102c62f8a351180e380c3571ed4a2c06eb693eb8,14.562500120679033,,0.0,,0.0,,0,false,0.31704442650340037,1.1620876129796838,3.879232671734888e-05,,0.0,92,0.0,,0.0,0.0,true,true,B,10,10,,3
phase_1,phase4-B-2026-08-18,empirical,google/gemma-2-9b-it+dpo-B,2b95a3cfa1b8e1b48b2fd682ddaf2e28135b889f,DGS-018,discovery,easy,science,easy__accurate__neutral,factorial,accurate,neutral,onset,1c35e9b8e1114fbaa9c82c6afb4f3b834210226d74c81876e0ce8b32c42635cf,10.749999843013939,,0.0,,0.0,,0,false,0.23394422101328982,1.1055805812042434,5.844903785472422e-05,,0.0,80,-0.13043478260869565,,0.0,0.0,true,true,B,10,10,,3
phase_1,phase4-B-2026-08-18,empirical,google/gemma-2-9b-it+dpo-B,2b95a3cfa1b8e1b48b2fd682ddaf2e28135b889f,DGS-018,discovery,easy,science,easy__accurate__neutral,factorial,accurate,neutral,onset_washout,117fb29df49beae7bdedce51ed7bd47cc3e274c0e7b6b80426aa31169cadfb86,12.187500250758603,,,m2_invalid_final_answer_all_ten_required,0.0,,0,false,0.16702277498188006,0.9788865428545734,4.0759159946981035e-05,,0.0,79,-0.14130434782608695,,0.0,0.0,true,true,B,10,8,,3
phase_1,phase4-B-2026-08-18,empirical,google/gemma-2-9b-it+dpo-B,2b95a3cfa1b8e1b48b2fd682ddaf2e28135b889f,DGS-018,discovery,easy,science,easy__malfunctioning_always_fail__hostile,factorial,malfunctioning_always_fail,hostile,measured,220de02ad744b36db99a6ce4eb2e1270db47cf1573be008440bdbb6ed66fb492,13.500000125852239,,,m2_invalid_final_answer_all_ten_required,0.0,,0,false,0.3612655004989678,1.2185115494289174,0.00012400441705868044,,0.017543859649122806,80,-0.13043478260869565,,0.0,0.0,true,true,B,10,9,true,3
phase_1,phase4-B-2026-08-18,empirical,google/gemma-2-9b-it+dpo-B,2b95a3cfa1b8e1b48b2fd682ddaf2e28135b889f,DGS-018,discovery,easy,science,easy__malfunctioning_always_fail__hostile,factorial,malfunctioning_always_fail,hostile,recovery,e0c8cd1043fd731e4642fbfb65658eab8351246af5854d701a4066a7448d6176,10.937499721942004,,0.0,,0.0,,0,false,0.18197284601531835,1.0041976385149234,0.0002461362646925859,,0.0,72,-0.21739130434782608,,0.0,0.0,true,true,B,10,10,true,3
phase_1,phase4-B-2026-08-18,empirical,google/gemma-2-9b-it+dpo-B,2b95a3cfa1b8e1b48b2fd682ddaf2e28135b889f,DGS-018,discovery,easy,science,easy__malfunctioning_always_fail__neutral,factorial,malfunctioning_always_fail,neutral,measured,426945dd4319ae374cc4eac0467546f276fd511a6b0d3d085255ab4b29de6418,10.374999630148523,,0.0,,0.0,,0,false,0.40187787511771195,1.4128367406927413,0.0001663438585519906,,0.0,39,-0.5760869565217391,,0.0,0.0,true,true,B,10,10,true,3
phase_1,phase4-B-2026-08-18,empirical,google/gemma-2-9b-it+dpo-B,2b95a3cfa1b8e1b48b2fd682ddaf2e28135b889f,DGS-018,discovery,easy,science,easy__malfunctioning_always_fail__neutral,factorial,malfunctioning_always_fail,neutral,recovery,90e3f954d04473dbb30bae160562724f883fcf6c4502eb05436766924426ccbd,7.187499826774001,,0.0,,0.0,,0,false,0.30365090700063446,1.1897192608611638,0.00027785226300182576,,0.0,28,-0.6956521739130435,,0.0,0.0,true,true,B,10,10,true,3
phase_1,phase4-B-2026-08-18,empirical,google/gemma-2-9b-it+dpo-B,2b95a3cfa1b8e1b48b2fd682ddaf2e28135b889f,DGS-020,discovery,easy,science,easy__accurate__hostile,factorial,accurate,hostile,measured,7fad262a99fcd0b8d4d46088ae3494b74f793aa193e240525204481e06449868,-10.062499577412382,,0.30000000000000004,,0.0,,0,false,0.2637148495820237,1.1199455500109134,0.00014481810392451204,,0.0,38,-0.42424242424242425,,0.0,0.0,true,false,D,10,10,,3
phase_1,phase4-B-2026-08-18,empirical,google/gemma-2-9b-it+dpo-B,2b95a3cfa1b8e1b48b2fd682ddaf2e28135b889f,DGS-020,discovery,easy,science,easy__accurate__hostile,factorial,accurate,hostile,onset,a7acd326725b116ab5eb2ea5049d6de2a98d2341d70296d5e13ba083e2241478,,m1_invalid_final_answer,,m2_invalid_final_answer_all_ten_required,0.0,,0,false,0.2974478112675125,1.246213455048498,0.0002237654628185618,,0.023809523809523808,130,0.9696969696969697,,0.0,0.0,false,,,10,6,,3
phase_1,phase4-B-2026-08-18,empirical,google/gemma-2-9b-it+dpo-B,2b95a3cfa1b8e1b48b2fd682ddaf2e28135b889f,DGS-020,discovery,easy,science,easy__accurate__hostile,factorial,accurate,hostile,onset_washout,dcf7314a28f4033c8c8ce3a68757e22c42a008c09f9ada132dc649be571654cc,-8.43750046659261,,,m2_invalid_final_answer_all_ten_required,0.0,,0,false,0.2939944194942522,1.2100896020615934,0.000852765089388483,,0.0,38,-0.42424242424242425,,0.0,0.0,true,false,D,10,9,,3
phase_1,phase4-B-2026-08-18,empirical,google/gemma-2-9b-it+dpo-B,2b95a3cfa1b8e1b48b2fd682ddaf2e28135b889f,DGS-020,discovery,easy,science,easy__accurate__neutral,factorial,accurate,neutral,measured,4bb103db47f662d753a135a14db1b1926ccc9ad87a7d667975d72b64951f97a4,14.343749891035259,,0.0,,0.0,,0,false,0.36803413207193736,1.1885226278323817,0.00019035388263477672,,0.0,66,0.0,,0.0,0.0,true,true,A,10,10,,3
phase_1,phase4-B-2026-08-18,empirical,google/gemma-2-9b-it+dpo-B,2b95a3cfa1b8e1b48b2fd682ddaf2e28135b889f,DGS-020,discovery,easy,science,easy__accurate__neutral,factorial,accurate,neutral,onset,019e42dea36cfe2f993c576e6d0f71a8f86ead1bfe7d7dc5a97dd66c494e9650,9.375000119383913,,0.0,,0.0,,0,false,0.4760100685639698,1.4593162426002233,0.0005182398057492457,,0.0,36,-0.45454545454545453,,0.0,0.0,true,true,A,10,10,,3
phase_1,phase4-B-2026-08-18,empirical,google/gemma-2-9b-it+dpo-B,2b95a3cfa1b8e1b48b2fd682ddaf2e28135b889f,DGS-020,discovery,easy,science,easy__accurate__neutral,factorial,accurate,neutral,onset_washout,07fa763e0f15a89dcfad8f50a007e62a775efed0b5e0dd5b9887f0cc3441176c,11.81250030398951,,0.0,,0.0,,0,false,0.4087040745795313,1.1634798983755905,0.00011599725897952903,,0.0,34,-0.48484848484848486,,0.0,0.0,true,true,A,10,10,,3
phase_1,phase4-B-2026-08-18,empirical,google/gemma-2-9b-it+dpo-B,2b95a3cfa1b8e1b48b2fd682ddaf2e28135b889f,DGS-020,discovery,easy,science,easy__malfunctioning_always_fail__hostile,factorial,malfunctioning_always_fail,hostile,measured,2487fb5cbf950eed8e466546438bcfd67986bd6f76d306e783a5d84070d13606,12.312500447093043,,0.0,,0.0,,0,false,0.4226442557332017,1.3224491507036262,0.0005723683564287096,,0.0,63,-0.045454545454545456,,0.0,0.0,true,true,A,10,10,true,3
phase_1,phase4-B-2026-08-18,empirical,google/gemma-2-9b-it+dpo-B,2b95a3cfa1b8e1b48b2fd682ddaf2e28135b889f,DGS-020,discovery,easy,science,easy__malfunctioning_always_fail__hostile,factorial,malfunctioning_always_fail,hostile,recovery,93501d9fd17601c822cf8cf24dd7c3db2160a25d4655feb9ede27c73f17ed357,8.624999793246388,,0.0,,0.0,,0,false,0.40785404418863697,1.4073815842277133,0.0005155002865526268,,0.0,34,-0.48484848484848486,,0.0,0.0,true,true,A,10,10,true,3
phase_1,phase4-B-2026-08-18,empirical,google/gemma-2-9b-it+dpo-B,2b95a3cfa1b8e1b48b2fd682ddaf2e28135b889f,DGS-020,discovery,easy,science,easy__malfunctioning_always_fail__neutral,factorial,malfunctioning_always_fail,neutral,measured,6ea9d06df0b471c6ad80320e7f711b6fc1f1199bd8c3dcf25f926943972b2644,10.249999569554348,,0.0,,0.0,,0,false,0.42807600892192577,1.379181203087575,0.000666545494948398,,0.0,57,-0.13636363636363635,,0.0,0.0,true,true,A,10,10,true,3
phase_1,phase4-B-2026-08-18,empirical,google/gemma-2-9b-it+dpo-B,2b95a3cfa1b8e1b48b2fd682ddaf2e28135b889f,DGS-020,discovery,easy,science,easy__malfunctioning_always_fail__neutral,factorial,malfunctioning_always_fail,neutral,recovery,96fb0e5a9ed62520a7a8023b9e1a1a7b5aceb8f558569d0e7d156e6795930693,7.812499941326678,,0.0,,0.0,,0,false,0.4008023394802989,1.2961181379971696,0.0006473480868388302,,0.0,32,-0.5151515151515151,,0.0,0.0,true,true,A,10,10,true,3
phase_1,phase4-B-2026-08-18,empirical,google/gemma-2-9b-it+dpo-B,2b95a3cfa1b8e1b48b2fd682ddaf2e28135b889f,DGS-022,discovery,hard,science,hard__accurate__hostile,factorial,accurate,hostile,measured,42854cd93ea22f53f2d3be588c107b4be96ecc153c531b50de68fa5b59b4156e,10.562500126252417,,,m2_invalid_final_answer_all_ten_required,0.0,,0,false,0.09732015158185778,0.828828491459663,0.00014683877713062577,,0.0,275,0.08267716535433071,,0.0,0.0,true,true,D,10,6,,3
phase_1,phase4-B-2026-08-18,empirical,google/gemma-2-9b-it+dpo-B,2b95a3cfa1b8e1b48b2fd682ddaf2e28135b889f,DGS-022,discovery,hard,science,hard__accurate__hostile,factorial,accurate,hostile,onset,f402cdb2f21a9c95c8624b9af2dffbf13ff298b29e24da5eec753e6a0cbcef3c,,m1_invalid_final_answer,,m2_invalid_final_answer_all_ten_required,0.0,,0,false,0.11315781201294892,0.8220881662874049,9.696974951947956e-05,,0.0,325,0.2795275590551181,,0.0,0.0,false,,,10,1,,3
phase_1,phase4-B-2026-08-18,empirical,google/gemma-2-9b-it+dpo-B,2b95a3cfa1b8e1b48b2fd682ddaf2e28135b889f,DGS-022,discovery,hard,science,hard__accurate__hostile,factorial,accurate,hostile,onset_washout,4db976ce15eb79f7a851fa6555eb80b0635127ef315ec2e3353839101b378d13,9.124999756662874,,,m2_invalid_final_answer_all_ten_required,,m3_zero_visible_reasoning_tokens,0,false,0.24607070779164392,0.6206256887817928,0.0009236562805127857,,0.0,5,-0.9803149606299213,,0.0,0.0,true,true,D,10,6,,3
phase_1,phase4-B-2026-08-18,empirical,google/gemma-2-9b-it+dpo-B,2b95a3cfa1b8e1b48b2fd682ddaf2e28135b889f,DGS-022,discovery,hard,science,hard__accurate__neutral,factorial,accurate,neutral,measured,7d63671f7cd0803253ffcd8cbdcde68726126965a4747af4e9a04679d2606d7b,11.750000253436156,,,m2_invalid_final_answer_all_ten_required,0.0,,0,false,0.08125575035633115,0.7416588073876037,2.5699183951818983e-05,,0.0,254,0.0,,0.0,0.0,true,true,D,10,8,,3
phase_1,phase4-B-2026-08-18,empirical,google/gemma-2-9b-it+dpo-B,2b95a3cfa1b8e1b48b2fd682ddaf2e28135b889f,DGS-022,discovery,hard,science,hard__accurate__neutral,factorial,accurate,neutral,onset,886f30eb7f7a4ca71beedc4d0b5668b8f26344982e8f947342449e0c4ec7cc33,7.562499824678525,,,m2_invalid_final_answer_all_ten_required,0.0,,0,false,0.025899169254371423,0.23497563331690835,5.786881429149095e-05,,0.0,161,-0.3661417322834646,,0.0,0.0,true,true,D,10,8,,3
phase_1,phase4-B-2026-08-18,empirical,google/gemma-2-9b-it+dpo-B,2b95a3cfa1b8e1b48b2fd682ddaf2e28135b889f,DGS-022,discovery,hard,science,hard__accurate__neutral,factorial,accurate,neutral,onset_washout,9cd2e5cae90dc826ec9d460895efad27f2c9360c477217d34f3b89d48f2be030,11.625000140396878,,,m2_invalid_final_answer_all_ten_required,0.0,,0,false,0.014991142550024199,0.1412404422069528,1.7253171225077966e-05,,0.0,161,-0.3661417322834646,,0.0,0.0,true,true,D,10,8,,3
phase_1,phase4-B-2026-08-18,empirical,google/gemma-2-9b-it+dpo-B,2b95a3cfa1b8e1b48b2fd682ddaf2e28135b889f,DGS-022,discovery,hard,science,hard__malfunctioning_always_fail__hostile,factorial,malfunctioning_always_fail,hostile,measured,ddac12778ab294007f5a7ba99317ba41d85bb6bc03fb07d57a475c0e31f3c0bb,7.062499989988282,,,m2_invalid_final_answer_all_ten_required,0.0,,0,false,0.22320285416830044,1.407858822419809,0.00027837836865498,,0.00641025641025641,349,0.37401574803149606,,0.0,0.0,true,true,D,10,4,true,3
phase_1,phase4-B-2026-08-18,empirical,google/gemma-2-9b-it+dpo-B,2b95a3cfa1b8e1b48b2fd682ddaf2e28135b889f,DGS-022,discovery,hard,science,hard__malfunctioning_always_fail__hostile,factorial,malfunctioning_always_fail,hostile,recovery,b9a77943dad0912c9e7dfd9c84df7f578330919515c811e4a1f41163b1b37cb7,9.437499625782948,,,m2_invalid_final_answer_all_ten_required,0.0,,0,false,0.11729138746676863,0.9687663354334832,0.00030906403797236094,,0.0,276,0.08661417322834646,,0.0,0.0,true,true,D,10,4,true,3
phase_1,phase4-B-2026-08-18,empirical,google/gemma-2-9b-it+dpo-B,2b95a3cfa1b8e1b48b2fd682ddaf2e28135b889f,DGS-022,discovery,hard,science,hard__malfunctioning_always_fail__neutral,factorial,malfunctioning_always_fail,neutral,measured,62242b02d03f89fd1d1ea1812e6a9ba8ff0f3f9477f686ec26393f9c9022ea30,5.3124999245628715,,,m2_invalid_final_answer_all_ten_required,0.0,,0,false,0.2192201103999579,1.2172521387288413,7.815936589645015e-05,,0.0,219,-0.1377952755905512,,0.9900990099009901,0.0,true,true,D,10,6,true,3
phase_1,phase4-B-2026-08-18,empirical,google/gemma-2-9b-it+dpo-B,2b95a3cfa1b8e1b48b2fd682ddaf2e28135b889f,DGS-022,discovery,hard,science,hard__malfunctioning_always_fail__neutral,factorial,malfunctioning_always_fail,neutral,recovery,ceeda969762695c4cfaeb993148574402f747351a164e3c220c7a9853b8e04dd,,m1_invalid_final_answer,,m2_invalid_final_answer_all_ten_required,0.0,,0,false,0.03414150409353214,0.31788858083227145,2.843318464699532e-05,,0.0,164,-0.3543307086614173,,0.0,0.0,false,,,10,6,true,3
phase_1,phase4-B-2026-08-18,empirical,google/gemma-2-9b-it+dpo-B,2b95a3cfa1b8e1b48b2fd682ddaf2e28135b889f,DGS-023,discovery,hard,science,hard__accurate__hostile,factorial,accurate,hostile,measured,6c14cc8513de8a73ea75ae940c809742ba8c61a2786e4f60f2bbe29ebe9dc337,10.062499534571543,,,m2_invalid_final_answer_all_ten_required,0.0,,0,false,0.0771394708744211,0.5834600670904889,0.0001709264353622756,,0.03289473684210526,268,0.5952380952380952,,0.0,0.0,true,true,C,10,8,,3
phase_1,phase4-B-2026-08-18,empirical,google/gemma-2-9b-it+dpo-B,2b95a3cfa1b8e1b48b2fd682ddaf2e28135b889f,DGS-023,discovery,hard,science,hard__accurate__hostile,factorial,accurate,hostile,onset,75d1f44116ff0dbbf9bbf77e3ebdbf1b61771323e878b895a4d42b1864ca827f,,m1_invalid_final_answer,,m2_invalid_final_answer_all_ten_required,0.0,,0,false,0.2910487672083032,1.2698443575849052,0.0006353891615575719,,0.008333333333333333,208,0.23809523809523808,,0.0,0.0,false,,,10,3,,3
phase_1,phase4-B-2026-08-18,empirical,google/gemma-2-9b-it+dpo-B,2b95a3cfa1b8e1b48b2fd682ddaf2e28135b889f,DGS-023,discovery,hard,science,hard__accurate__hostile,factorial,accurate,hostile,onset_washout,4210707222f4038484e74c13d344b656414890bbf8adae406c160bd9a13cbd5a,11.937500434665708,,,m2_invalid_final_answer_all_ten_required,0.0,,0,false,0.02698552587502958,0.24473278361369274,6.181638054422908e-05,,0.02631578947368421,269,0.6011904761904762,,0.0,0.0,true,true,C,10,6,,3
phase_1,phase4-B-2026-08-18,empirical,google/gemma-2-9b-it+dpo-B,2b95a3cfa1b8e1b48b2fd682ddaf2e28135b889f,DGS-023,discovery,hard,science,hard__accurate__neutral,factorial,accurate,neutral,measured,96bd8aab8bc47f8ddd4243de4a2243b6465fb4a6b44711f63199052e2a2ff483,12.62500037557038,,0.6,,0.0,,0,false,0.2756802801165683,1.3515843291529746,0.00023184844867712333,,0.0,168,0.0,,0.0,0.0,true,true,C,10,10,,3
phase_1,phase4-B-2026-08-18,empirical,google/gemma-2-9b-it+dpo-B,2b95a3cfa1b8e1b48b2fd682ddaf2e28135b889f,DGS-023,discovery,hard,science,hard__accurate__neutral,factorial,accurate,neutral,onset,c1d14db99bf3d1b8ca87e81917948fe6e561ac48b1627fc11f220416fea91d15,7.812499813735485,,,m2_invalid_final_answer_all_ten_required,0.0,,0,false,0.1632312551391972,1.1633661078360775,0.0008137103009035442,,0.0,89,-0.47023809523809523,,0.0,0.0,true,true,C,10,8,,3
phase_1,phase4-B-2026-08-18,empirical,google/gemma-2-9b-it+dpo-B,2b95a3cfa1b8e1b48b2fd682ddaf2e28135b889f,DGS-023,discovery,hard,science,hard__accurate__neutral,factorial,accurate,neutral,onset_washout,63dddefbed2c12d965449501c8cb555d09512f7314cdf3ab34c98fafa1d0a871,10.250000392261427,,,m2_invalid_final_answer_all_ten_required,0.0,,0,false,0.0962742838017213,0.7642098017182843,0.00020822036680723867,,0.0,89,-0.47023809523809523,,0.0,0.0,true,true,C,10,8,,3
phase_1,phase4-B-2026-08-18,empirical,google/gemma-2-9b-it+dpo-B,2b95a3cfa1b8e1b48b2fd682ddaf2e28135b889f,DGS-023,discovery,hard,science,hard__malfunctioning_always_fail__hostile,factorial,malfunctioning_always_fail,hostile,measured,bf669ea2406d3972155e2918bc18583ff5b2b39a81a68b0cb780f776e83ff7b4,-10.87500027299393,,,m2_invalid_final_answer_all_ten_required,0.0,,0,false,0.20681749993444168,1.1045123485839452,0.0006123551271457194,,0.007352941176470588,239,0.4226190476190476,,0.0,0.0,true,false,A,10,6,true,3
phase_1,phase4-B-2026-08-18,empirical,google/gemma-2-9b-it+dpo-B,2b95a3cfa1b8e1b48b2fd682ddaf2e28135b889f,DGS-023,discovery,hard,science,hard__malfunctioning_always_fail__hostile,factorial,malfunctioning_always_fail,hostile,recovery,79b826c3933b589c949a93b1a678c9a126d15eed2d3d58fce087a929a57fccb1,-10.56250024412293,,,m2_invalid_final_answer_all_ten_required,0.0,,0,false,0.1285724564557555,0.8695247868378779,0.0002868466372248888,,0.007692307692307693,229,0.3630952380952381,,0.0,0.0,true,false,A,10,6,true,3
phase_1,phase4-B-2026-08-18,empirical,google/gemma-2-9b-it+dpo-B,2b95a3cfa1b8e1b48b2fd682ddaf2e28135b889f,DGS-023,discovery,hard,science,hard__malfunctioning_always_fail__neutral,factorial,malfunctioning_always_fail,neutral,measured,6f780aa0a8d9287748fc70928610ab45eaa3127548f536c204899e61bca9e752,-2.0000001192092896,,,m2_invalid_final_answer_all_ten_required,0.0,,0,false,0.46808672051572925,1.6267345259711232,0.001274203361702336,,0.0,218,0.2976190476190476,,0.0,0.0,true,false,B,10,7,true,3
phase_1,phase4-B-2026-08-18,empirical,google/gemma-2-9b-it+dpo-B,2b95a3cfa1b8e1b48b2fd682ddaf2e28135b889f,DGS-023,discovery,hard,science,hard__malfunctioning_always_fail__neutral,factorial,malfunctioning_always_fail,neutral,recovery,2a929e211ef4c55504b08c581f7e46d9e05805c3e05fa6562aa0b0cf72fb88fc,-8.562500360189006,,,m2_invalid_final_answer_all_ten_required,0.0,,0,false,0.1280758316201724,0.8349403297418725,0.00034939372479381013,,0.0,142,-0.15476190476190477,,0.0,0.0,true,false,B,10,5,true,3
phase_1,phase4-B-2026-08-18,empirical,google/gemma-2-9b-it+dpo-B,2b95a3cfa1b8e1b48b2fd682ddaf2e28135b889f,DGS-026,discovery,easy,language,easy__accurate__hostile,factorial,accurate,hostile,measured,f50a93065398a63ae306089f8260c409c90bca5b5505e9da0b3ba28017de680b,,m1_invalid_final_answer,,m2_invalid_final_answer_all_ten_required,0.0,,0,false,0.21826503088795515,1.3798429350607666,0.0006759820382746191,,0.0,112,5.222222222222222,,0.0,0.0,false,,,10,8,,3
phase_1,phase4-B-2026-08-18,empirical,google/gemma-2-9b-it+dpo-B,2b95a3cfa1b8e1b48b2fd682ddaf2e28135b889f,DGS-026,discovery,easy,language,easy__accurate__hostile,factorial,accurate,hostile,onset,2ab16ff6af5779aa9b90cbcb6454ba736a41927714c34dd93143d762384a6130,,m1_invalid_final_answer,,m2_invalid_final_answer_all_ten_required,0.0,,0,false,0.20322733853838637,1.2812933985657797,0.0006938030600605118,,0.0,113,5.277777777777778,,0.0,0.0,false,,,10,7,,3
phase_1,phase4-B-2026-08-18,empirical,google/gemma-2-9b-it+dpo-B,2b95a3cfa1b8e1b48b2fd682ddaf2e28135b889f,DGS-026,discovery,easy,language,easy__accurate__hostile,factorial,accurate,hostile,onset_washout,1c34136dc8605dcdfbd37f2b1b3a5e917b29e4b56aa80835c96f4b6a549fb643,,m1_invalid_final_answer,,m2_invalid_final_answer_all_ten_required,0.0,,0,false,0.22658962703245294,1.3437001164041262,0.0014050294261132934,,0.0,117,5.5,,0.0,0.0,false,,,10,7,,3
phase_1,phase4-B-2026-08-18,empirical,google/gemma-2-9b-it+dpo-B,2b95a3cfa1b8e1b48b2fd682ddaf2e28135b889f,DGS-026,discovery,easy,language,easy__accurate__neutral,factorial,accurate,neutral,measured,9fd6623fd61528d4dc4266d23ee4320a95dc82053c9cbf3f40acc26266b59ef0,12.125000165164238,,0.0,,0.0,,0,false,0.4947607910344414,1.7792833448270142,0.0009488002290329619,,0.0,18,0.0,,0.0,0.0,true,true,B,10,10,,3
phase_1,phase4-B-2026-08-18,empirical,google/gemma-2-9b-it+dpo-B,2b95a3cfa1b8e1b48b2fd682ddaf2e28135b889f,DGS-026,discovery,easy,language,easy__accurate__neutral,factorial,accurate,neutral,onset,8a2a64bb165be97775b1e2a7e4c27ee823ae9dfff475348cbb5bb7d1ec2bc678,12.000000027066562,,0.0,,0.0,,0,false,0.4171012411017226,1.4526491290724681,0.000714065353033119,,0.0,33,0.8333333333333334,,0.0,0.0,true,true,B,10,10,,3
phase_1,phase4-B-2026-08-18,empirical,google/gemma-2-9b-it+dpo-B,2b95a3cfa1b8e1b48b2fd682ddaf2e28135b889f,DGS-026,discovery,easy,language,easy__accurate__neutral,factorial,accurate,neutral,onset_washout,94eb02fd9ec8e3aed25f9b6c52acaae5f49e626f49b5f1d8068ee35b64a7278a,11.68749980677967,,0.0,,0.0,,0,false,0.23952493763238186,1.2153546523750767,0.00022447331160182493,,0.0,20,0.1111111111111111,,0.0,0.0,true,true,B,10,10,,3
phase_1,phase4-B-2026-08-18,empirical,google/gemma-2-9b-it+dpo-B,2b95a3cfa1b8e1b48b2fd682ddaf2e28135b889f,DGS-026,discovery,easy,language,easy__malfunctioning_always_fail__hostile,factorial,malfunctioning_always_fail,hostile,measured,2e609f1dc47ad254e49f8762581b1da6475b91b6c7067fb4d9e764dd9ea57d9c,12.187500252141035,,,m2_invalid_final_answer_all_ten_required,0.0,,0,false,0.2743005076311765,1.2290153869267393,0.0005012932524326577,,0.0,41,1.2777777777777777,,0.0,0.0,true,true,B,10,9,true,3
phase_1,phase4-B-2026-08-18,empirical,google/gemma-2-9b-it+dpo-B,2b95a3cfa1b8e1b48b2fd682ddaf2e28135b889f,DGS-026,discovery,easy,language,easy__malfunctioning_always_fail__hostile,factorial,malfunctioning_always_fail,hostile,recovery,9ebc2e832dd54873063fc9a57740204891d9d6cd5303be3474bb4ede0ffe5d4f,10.874999569001375,,0.0,,0.0,,0,false,0.2774722272584092,1.1012690231271913,0.0008922023463739968,,0.0,35,0.9444444444444444,,0.0,0.0,true,true,B,10,10,true,3
phase_1,phase4-B-2026-08-18,empirical,google/gemma-2-9b-it+dpo-B,2b95a3cfa1b8e1b48b2fd682ddaf2e28135b889f,DGS-026,discovery,easy,language,easy__malfunctioning_always_fail__neutral,factorial,malfunctioning_always_fail,neutral,measured,ece4e80bf98fc4a3ea969b8cf23a24fc19ae636a33eec9182ab5c3a2359bf865,11.499999831896275,,0.0,,0.0,,0,false,0.4348353096219053,1.49707820937865,0.0009105363968572253,,0.0,39,1.1666666666666667,,0.0,0.0,true,true,B,10,10,true,3
phase_1,phase4-B-2026-08-18,empirical,google/gemma-2-9b-it+dpo-B,2b95a3cfa1b8e1b48b2fd682ddaf2e28135b889f,DGS-026,discovery,easy,language,easy__malfunctioning_always_fail__neutral,factorial,malfunctioning_always_fail,neutral,recovery,f2c47bf158a249ac3e82774135dfbc85c8512221eccde5e3426b3e8031fe661d,10.125000436848495,,0.0,,0.0,,0,false,0.36250074588069053,1.2767526790630126,0.001151660105829488,,0.0,37,1.0555555555555556,,0.0,0.0,true,true,B,10,10,true,3
phase_1,phase4-B-2026-08-18,empirical,google/gemma-2-9b-it+dpo-B,2b95a3cfa1b8e1b48b2fd682ddaf2e28135b889f,DGS-028,discovery,easy,language,easy__accurate__hostile,factorial,accurate,hostile,measured,11d0d7e0c62f793c2b0d2befaabc5e95f05d341dfe54b98659500f3fde77f7b2,10.93749958643457,,0.4,,0.0,,0,false,0.4261518611468436,1.570423854980547,0.0009505849842784637,,0.0,23,-0.11538461538461539,,0.0,0.0,true,true,A,10,10,,3
phase_1,phase4-B-2026-08-18,empirical,google/gemma-2-9b-it+dpo-B,2b95a3cfa1b8e1b48b2fd682ddaf2e28135b889f,DGS-028,discovery,easy,language,easy__accurate__hostile,factorial,accurate,hostile,onset,5d3f6470805bd7f7bc0d61a755a0cee1d28b96e48288a30105ff0c0d76d8bfb8,,m1_invalid_final_answer,,m2_invalid_final_answer_all_ten_required,0.0,,0,false,0.2885190660861166,1.2480450886484826,0.0009179137357006486,,0.0,82,2.1538461538461537,,0.0,0.0,false,,,10,6,,3
phase_1,phase4-B-2026-08-18,empirical,google/gemma-2-9b-it+dpo-B,2b95a3cfa1b8e1b48b2fd682ddaf2e28135b889f,DGS-028,discovery,easy,language,easy__accurate__hostile,factorial,accurate,hostile,onset_washout,a95620544dc15de4c7901b7bec54e68d28bd942aec82436f7ef27d08bb4d238f,12.187500091647962,,0.4,,0.0,,0,false,0.1816369688930768,0.793422062666979,0.00014350169229504495,,0.0,20,-0.23076923076923078,,0.0,0.0,true,true,A,10,10,,3
phase_1,phase4-B-2026-08-18,empirical,google/gemma-2-9b-it+dpo-B,2b95a3cfa1b8e1b48b2fd682ddaf2e28135b889f,DGS-028,discovery,easy,language,easy__accurate__neutral,factorial,accurate,neutral,measured,90d152d545ec2906c3e743cf64f560af0728ca623dba42f3f7a4f5fb70df0d4b,14.624999658000888,,0.0,,0.0,,0,false,0.4558772473897893,1.4466662133395989,0.0009588306143016953,,0.0,26,0.0,,0.0,0.0,true,true,A,10,10,,3
phase_1,phase4-B-2026-08-18,empirical,google/gemma-2-9b-it+dpo-B,2b95a3cfa1b8e1b48b2fd682ddaf2e28135b889f,DGS-028,discovery,easy,language,easy__accurate__neutral,factorial,accurate,neutral,onset,4b5bdb46de8b6e3747ac24730f18927055fd12526e47492dcc6398e25584df68,9.37500018067658,,0.0,,0.0,,0,false,0.5350753847141183,1.8011637370243734,0.0015700785699849784,,0.0,20,-0.23076923076923078,,0.0,0.0,true,true,A,10,10,,3
phase_1,phase4-B-2026-08-18,empirical,google/gemma-2-9b-it+dpo-B,2b95a3cfa1b8e1b48b2fd682ddaf2e28135b889f,DGS-028,discovery,easy,language,easy__accurate__neutral,factorial,accurate,neutral,onset_washout,1bff55cb899e9de9f2cb29aff61dbfa45bcf7040c4aff689cc445fb15a1d5704,12.125000113184797,,0.0,,0.0,,0,false,0.32915525551785696,1.3018968499170638,0.0003223302988187478,,0.0,21,-0.19230769230769232,,0.0,0.0,true,true,A,10,10,,3
phase_1,phase4-B-2026-08-18,empirical,google/gemma-2-9b-it+dpo-B,2b95a3cfa1b8e1b48b2fd682ddaf2e28135b889f,DGS-028,discovery,easy,language,easy__malfunctioning_always_fail__hostile,factorial,malfunctioning_always_fail,hostile,measured,74c8f06e1c4af639cad905e7e3e11f45feee8afc8dcf5e689a69fb1dc015c1bb,11.999999686726369,,0.0,,0.0,,0,false,0.3783228338879964,1.1422897080550165,0.0001367700170612013,,0.0,23,-0.11538461538461539,,0.0,0.0,true,true,A,10,10,true,3
phase_1,phase4-B-2026-08-18,empirical,google/gemma-2-9b-it+dpo-B,2b95a3cfa1b8e1b48b2fd682ddaf2e28135b889f,DGS-028,discovery,easy,language,easy__malfunctioning_always_fail__hostile,factorial,malfunctioning_always_fail,hostile,recovery,1d96a1caa98b0279b8987062dfb917185b8687d4f0d3e4844f59875327548b2e,10.750000302621629,,0.0,,0.0,,0,false,0.40196729360172345,1.2340294382079922,0.0003804891811191247,,0.0,21,-0.19230769230769232,,0.0,0.0,true,true,A,10,10,true,3
phase_1,phase4-B-2026-08-18,empirical,google/gemma-2-9b-it+dpo-B,2b95a3cfa1b8e1b48b2fd682ddaf2e28135b889f,DGS-028,discovery,easy,language,easy__malfunctioning_always_fail__neutral,factorial,malfunctioning_always_fail,neutral,measured,b4677721c42acd0f3238d30c2e29f9284496b5c178664433f17a000b349df06d,10.124999762047082,,0.0,,0.0,,0,false,0.4271169418768117,1.339908316458081,0.00012554956995598182,,0.0,35,0.34615384615384615,,0.0,0.0,true,true,A,10,10,true,3
phase_1,phase4-B-2026-08-18,empirical,google/gemma-2-9b-it+dpo-B,2b95a3cfa1b8e1b48b2fd682ddaf2e28135b889f,DGS-028,discovery,easy,language,easy__malfunctioning_always_fail__neutral,factorial,malfunctioning_always_fail,neutral,recovery,5700e99373adbec0c429428af1f4cf78c61fe9a622797d12191af30997b48c38,8.562499525491148,,0.0,,0.0,,0,false,0.45826532417263394,1.203927285004839,0.0005279334443752525,,0.0,21,-0.19230769230769232,,0.0,0.0,true,true,A,10,10,true,3
phase_1,phase4-B-2026-08-18,empirical,google/gemma-2-9b-it+dpo-B,2b95a3cfa1b8e1b48b2fd682ddaf2e28135b889f,DGS-030,discovery,hard,language,hard__accurate__hostile,factorial,accurate,hostile,measured,67dc4178318e4f135cb2a68ca2b1c13f48959473416d8c0a4987423c6f132c61,12.999999771709554,,,m2_invalid_final_answer_all_ten_required,0.0,,0,false,0.5010356158591307,1.6079325242357647,0.00018246979096612728,,0.0,39,0.08333333333333333,,0.0,0.0,true,true,C,10,9,,3
phase_1,phase4-B-2026-08-18,empirical,google/gemma-2-9b-it+dpo-B,2b95a3cfa1b8e1b48b2fd682ddaf2e28135b889f,DGS-030,discovery,hard,language,hard__accurate__hostile,factorial,accurate,hostile,onset,c1d6334993eff632f755c4cb0945ea02d1ea0c489c723cd49b3483fc5db4b66a,12.187500467291102,,,m2_invalid_final_answer_all_ten_required,0.0,,0,false,0.2717081348513665,1.196229825261037,6.896245821866011e-05,,0.0,90,1.5,,0.0,0.0,true,true,C,10,5,,3
phase_1,phase4-B-2026-08-18,empirical,google/gemma-2-9b-it+dpo-B,2b95a3cfa1b8e1b48b2fd682ddaf2e28135b889f,DGS-030,discovery,hard,language,hard__accurate__hostile,factorial,accurate,hostile,onset_washout,a3263f91a20af6aefe9f1bedda61fbed4f43a5b81eb0770b97fa242caa171eb5,12.93749983116868,,,m2_invalid_final_answer_all_ten_required,0.0,,0,false,0.24406694656089994,1.1884046980940197,0.0002116011317518528,,0.0,36,0.0,,0.0,0.0,true,true,C,10,8,,3
phase_1,phase4-B-2026-08-18,empirical,google/gemma-2-9b-it+dpo-B,2b95a3cfa1b8e1b48b2fd682ddaf2e28135b889f,DGS-030,discovery,hard,language,hard__accurate__neutral,factorial,accurate,neutral,measured,2004e1b85229f8bc36a7116419f2637e24850efc21ece02cea2228ced11cd6bf,13.874999885534635,,0.0,,0.0,,0,false,0.19640647033769432,0.8797396991996015,2.3819328042912818e-05,,0.0,36,0.0,,0.0,0.0,true,true,C,10,10,,3
phase_1,phase4-B-2026-08-18,empirical,google/gemma-2-9b-it+dpo-B,2b95a3cfa1b8e1b48b2fd682ddaf2e28135b889f,DGS-030,discovery,hard,language,hard__accurate__neutral,factorial,accurate,neutral,onset,cd542a64ba7b4a5dd3e3e3767a13f46cb2ce55b5977d095b8c675b076be0f620,8.249999809544533,,0.0,,,m3_zero_visible_reasoning_tokens,0,false,0.11463953240748921,0.4030757772488398,0.00010706917659213389,,0.0,5,-0.8611111111111112,,0.0,0.0,true,true,C,10,10,,3
phase_1,phase4-B-2026-08-18,empirical,google/gemma-2-9b-it+dpo-B,2b95a3cfa1b8e1b48b2fd682ddaf2e28135b889f,DGS-030,discovery,hard,language,hard__accurate__neutral,factorial,accurate,neutral,onset_washout,cc1d5f64196840a36453bc22e9d8b0c939f1925ad1bdde9acbbd8d4f6966e5e2,11.312499902618583,,,m2_invalid_final_answer_all_ten_required,,m3_zero_visible_reasoning_tokens,0,false,0.19711406286777047,0.5722509204935073,0.0001333777736938435,,0.0,5,-0.8611111111111112,,0.0,0.0,true,true,C,10,9,,3
phase_1,phase4-B-2026-08-18,empirical,google/gemma-2-9b-it+dpo-B,2b95a3cfa1b8e1b48b2fd682ddaf2e28135b889f,DGS-030,discovery,hard,language,hard__malfunctioning_always_fail__hostile,factorial,malfunctioning_always_fail,hostile,measured,04c8360344c7cee0c0757e9d3b9a455852b893fc2f7bae31731a4e936230bc9d,11.062500123633072,,0.30000000000000004,,0.0,,0,false,0.3553542381172639,1.3213809899796969,0.00017340827851110717,,0.0,43,0.19444444444444445,,0.0,0.0,true,true,C,10,10,true,3
phase_1,phase4-B-2026-08-18,empirical,google/gemma-2-9b-it+dpo-B,2b95a3cfa1b8e1b48b2fd682ddaf2e28135b889f,DGS-030,discovery,hard,language,hard__malfunctioning_always_fail__hostile,factorial,malfunctioning_always_fail,hostile,recovery,ffd0f5d5ab027c66a7189463a653795a63f2e9b768295619a6497515d2b4dbae,9.499999776948243,,0.0,,0.0,,0,false,0.2538371438085735,1.2522901431714852,0.0002654525051443309,,0.0,41,0.1388888888888889,,0.0,0.0,true,true,C,10,10,true,3
phase_1,phase4-B-2026-08-18,empirical,google/gemma-2-9b-it+dpo-B,2b95a3cfa1b8e1b48b2fd682ddaf2e28135b889f,DGS-030,discovery,hard,language,hard__malfunctioning_always_fail__neutral,factorial,malfunctioning_always_fail,neutral,measured,ae2ae15dda21abb6905f250ef29159e5a565b0796a6f45ac4e4347880bb12f4e,9.937500401341822,,0.0,,0.0,,0,false,0.40841594945917,1.4073231851822086,0.00010424523951511162,,0.0,42,0.16666666666666666,,0.0,0.0,true,true,C,10,10,true,3
phase_1,phase4-B-2026-08-18,empirical,google/gemma-2-9b-it+dpo-B,2b95a3cfa1b8e1b48b2fd682ddaf2e28135b889f,DGS-030,discovery,hard,language,hard__malfunctioning_always_fail__neutral,factorial,malfunctioning_always_fail,neutral,recovery,0820dc7114f315e04499868c312756d137021267eac4e2061193c70450e763fb,8.062500375788659,,0.09999999999999998,,0.0,,0,false,0.1743808342616541,0.8842128290292908,8.296647053141253e-05,,0.0,34,-0.05555555555555555,,0.0,0.0,true,true,C,10,10,true,3
phase_1,phase4-B-2026-08-18,empirical,google/gemma-2-9b-it+dpo-B,2b95a3cfa1b8e1b48b2fd682ddaf2e28135b889f,DGS-032,discovery,hard,language,hard__accurate__hostile,factorial,accurate,hostile,measured,21d6da1945ae8ebb6592b827962884ddf4da1b7ce944acc9a6d2a7428d4b5028,-10.625000322703272,,0.19999999999999996,,0.0,,0,false,0.14799123179570167,0.8437415783753646,0.00018344519912207198,,0.0,86,0.2647058823529412,,0.0,0.0,true,false,C,10,10,,3
phase_1,phase4-B-2026-08-18,empirical,google/gemma-2-9b-it+dpo-B,2b95a3cfa1b8e1b48b2fd682ddaf2e28135b889f,DGS-032,discovery,hard,language,hard__accurate__hostile,factorial,accurate,hostile,onset,f5e3aff7b57ede893cb9d2440117fa1ec1bfc2611debe075783daef46b637be1,-9.49999991711229,,,m2_invalid_final_answer_all_ten_required,0.0,,0,false,0.056385048717378344,0.4807972151231148,0.0009793099033711082,,0.28205128205128205,114,0.6764705882352942,,0.0,0.0,true,false,C,10,5,,3
phase_1,phase4-B-2026-08-18,empirical,google/gemma-2-9b-it+dpo-B,2b95a3cfa1b8e1b48b2fd682ddaf2e28135b889f,DGS-032,discovery,hard,language,hard__accurate__hostile,factorial,accurate,hostile,onset_washout,e53ca6f1d2fff5a5c6191a881c84e0bed5b9d4bda0ffdf474c5abada27b11dcd,-11.187499827705324,,,m2_invalid_final_answer_all_ten_required,0.0,,0,false,0.11598986223168682,0.7554061954470185,0.00015456680472098304,,0.0,86,0.2647058823529412,,0.0,0.0,true,false,C,10,7,,3
phase_1,phase4-B-2026-08-18,empirical,google/gemma-2-9b-it+dpo-B,2b95a3cfa1b8e1b48b2fd682ddaf2e28135b889f,DGS-032,discovery,hard,language,hard__accurate__neutral,factorial,accurate,neutral,measured,a4bcbbf145d7ffe0f3e1c3bca8f29971bee6f91b89d32cc41560a2a93ca4c76b,14.062500362415449,,0.0,,0.0,,0,false,0.4141927772544052,1.32349018625243,0.00016834592863640419,,0.0,68,0.0,,0.0,0.0,true,true,D,10,10,,3
phase_1,phase4-B-2026-08-18,empirical,google/gemma-2-9b-it+dpo-B,2b95a3cfa1b8e1b48b2fd682ddaf2e28135b889f,DGS-032,discovery,hard,language,hard__accurate__neutral,factorial,accurate,neutral,onset,6b0654162bf9a904441f38094a9fe7f89aeb024512248f3c11cd96b254d17d0d,9.312500453554094,,0.0,,0.0,,0,false,0.11892347677609683,0.7509710870362392,0.00024905105950066007,,0.0,80,0.17647058823529413,,0.0,0.0,true,true,D,10,10,,3
phase_1,phase4-B-2026-08-18,empirical,google/gemma-2-9b-it+dpo-B,2b95a3cfa1b8e1b48b2fd682ddaf2e28135b889f,DGS-032,discovery,hard,language,hard__accurate__neutral,factorial,accurate,neutral,onset_washout,c4544c82076dc8a3610807ae831040dfedb35949ce9f63852c41b26dc8e960f7,11.250000258994987,,0.0,,0.0,,0,false,0.03465145697627153,0.3295499952205036,4.002048086014648e-05,,0.0,80,0.17647058823529413,,0.0,0.0,true,true,D,10,10,,3
phase_1,phase4-B-2026-08-18,empirical,google/gemma-2-9b-it+dpo-B,2b95a3cfa1b8e1b48b2fd682ddaf2e28135b889f,DGS-032,discovery,hard,language,hard__malfunctioning_always_fail__hostile,factorial,malfunctioning_always_fail,hostile,measured,d72aee67ed5da6c5d76aa63ebe7983dbca0a047543ed8f7fb1a7a09f9eaaac74,14.125000126186933,,0.4,,0.0,,0,false,0.33941369921650294,1.1731059540200401,8.19136403914885e-05,,0.0,95,0.39705882352941174,,0.0,0.0,true,true,D,10,10,true,3
phase_1,phase4-B-2026-08-18,empirical,google/gemma-2-9b-it+dpo-B,2b95a3cfa1b8e1b48b2fd682ddaf2e28135b889f,DGS-032,discovery,hard,language,hard__malfunctioning_always_fail__hostile,factorial,malfunctioning_always_fail,hostile,recovery,cd0d45ee00ce546b71738cb8bc1045973efe512f28fcf33aeba92f28f3ccd4a2,10.374999879015377,,0.5,,0.0,,0,false,0.1845663498169629,1.222277289737605,0.00040402218444490263,,0.0,88,0.29411764705882354,,0.0,0.0,true,true,D,10,10,true,3
phase_1,phase4-B-2026-08-18,empirical,google/gemma-2-9b-it+dpo-B,2b95a3cfa1b8e1b48b2fd682ddaf2e28135b889f,DGS-032,discovery,hard,language,hard__malfunctioning_always_fail__neutral,factorial,malfunctioning_always_fail,neutral,measured,f6dc8092efec9f9a8d7ef4c561af2587a9a2ac65e50e352ab9cb7af25685c6d2,14.593749644198397,,0.19999999999999996,,0.0,,0,false,0.2833993926998145,1.2200137746151245,3.516126795382754e-05,,0.0,69,0.014705882352941176,,0.0,0.0,true,true,D,10,10,true,3
phase_1,phase4-B-2026-08-18,empirical,google/gemma-2-9b-it+dpo-B,2b95a3cfa1b8e1b48b2fd682ddaf2e28135b889f,DGS-032,discovery,hard,language,hard__malfunctioning_always_fail__neutral,factorial,malfunctioning_always_fail,neutral,recovery,3f56bfa7f556605462bdc4780a368cfeaee38ddd6dee22eee07359999d18efaf,7.812500170781277,,0.19999999999999996,,0.0,,0,false,0.16241752818033275,1.1307054438542414,0.0002732113324082532,,0.0,68,0.0,,0.0,0.0,true,true,D,10,10,true,3
phase_1,phase4-B-2026-08-18,empirical,google/gemma-2-9b-it+dpo-B,2b95a3cfa1b8e1b48b2fd682ddaf2e28135b889f,DGS-034,discovery,easy,history,easy__accurate__hostile,factorial,accurate,hostile,measured,b7ad33b6e69692b010f00ea6a72516473930dc15e3649e4d29471b6566d9471a,-9.499999677529559,,,m2_invalid_final_answer_all_ten_required,0.0,,0,false,0.3463207966493027,1.2164071612636354,0.001563725961713694,,0.0,22,-0.3888888888888889,,0.0,0.0,true,false,B,10,8,,3
phase_1,phase4-B-2026-08-18,empirical,google/gemma-2-9b-it+dpo-B,2b95a3cfa1b8e1b48b2fd682ddaf2e28135b889f,DGS-034,discovery,easy,history,easy__accurate__hostile,factorial,accurate,hostile,onset,02f488c6b59204658502ff3a1b63717bd3b171bf98de3477e1dfd546cfef56ee,-9.49999968893826,,,m2_invalid_final_answer_all_ten_required,0.0,,0,false,0.26471534662389096,1.1927159515492214,0.0012270097008514418,,0.0,27,-0.25,,0.0,0.0,true,false,B,10,7,,3
phase_1,phase4-B-2026-08-18,empirical,google/gemma-2-9b-it+dpo-B,2b95a3cfa1b8e1b48b2fd682ddaf2e28135b889f,DGS-034,discovery,easy,history,easy__accurate__hostile,factorial,accurate,hostile,onset_washout,b42ba512478b5750c847fc240ad592d475e548d481caa34db79943180de4ad0a,-8.312500363448635,,,m2_invalid_final_answer_all_ten_required,0.0,,0,false,0.20728902181575287,0.9419590342742055,0.0006150872611196905,,0.0,22,-0.3888888888888889,,0.0,0.0,true,false,B,10,8,,3
phase_1,phase4-B-2026-08-18,empirical,google/gemma-2-9b-it+dpo-B,2b95a3cfa1b8e1b48b2fd682ddaf2e28135b889f,DGS-034,discovery,easy,history,easy__accurate__neutral,factorial,accurate,neutral,measured,39c8a0d5ca0420394bfc59bc0d670793ef37d15032d6c97f8b3c5e6b25f3bc7c,15.781250123480277,,0.0,,0.0,,0,false,0.19939813304622767,0.959561276594729,4.8387377054099405e-05,,0.0,36,0.0,,0.0,0.0,true,true,A,10,10,,3
phase_1,phase4-B-2026-08-18,empirical,google/gemma-2-9b-it+dpo-B,2b95a3cfa1b8e1b48b2fd682ddaf2e28135b889f,DGS-034,discovery,easy,history,easy__accurate__neutral,factorial,accurate,neutral,onset,612062b2db64c4cd2ac75b0bb8fdcd92baeb93f02501e07f01293e0bcff2c95a,13.68750012563396,,0.0,,0.0,,0,false,0.18498782410782996,0.8448390912469078,0.00022754575338697474,,0.0,22,-0.3888888888888889,,0.0,0.0,true,true,A,10,10,,3
phase_1,phase4-B-2026-08-18,empirical,google/gemma-2-9b-it+dpo-B,2b95a3cfa1b8e1b48b2fd682ddaf2e28135b889f,DGS-034,discovery,easy,history,easy__accurate__neutral,factorial,accurate,neutral,onset_washout,1cb8d4ef9629da14046e27e912183be8fb638bfb026797a787517aaadc8bfc06,14.249999528517947,,0.0,,0.0,,0,false,0.1396392687075057,0.5891865646908867,7.910526590963121e-05,,0.0,22,-0.3888888888888889,,0.0,0.0,true,true,A,10,10,,3
phase_1,phase4-B-2026-08-18,empirical,google/gemma-2-9b-it+dpo-B,2b95a3cfa1b8e1b48b2fd682ddaf2e28135b889f,DGS-034,discovery,easy,history,easy__malfunctioning_always_fail__hostile,factorial,malfunctioning_always_fail,hostile,measured,349d57058f9e0db5767330132cebc3d7b565bb4fcfb791c4297d246528435478,13.125000370258931,,0.0,,0.0,,0,false,0.2197787357960049,1.0106172069359043,8.954328131540416e-05,,0.0,35,-0.027777777777777776,,0.0,0.0,true,true,A,10,10,true,3
phase_1,phase4-B-2026-08-18,empirical,google/gemma-2-9b-it+dpo-B,2b95a3cfa1b8e1b48b2fd682ddaf2e28135b889f,DGS-034,discovery,easy,history,easy__malfunctioning_always_fail__hostile,factorial,malfunctioning_always_fail,hostile,recovery,876b9089e64c13b78b1368afba0b0980743bddfe700eb470245162a057121484,13.374999888139428,,0.0,,0.0,,0,false,0.1474144534407308,0.8386524317475873,0.000378728512124389,,0.0,26,-0.2777777777777778,,0.0,0.0,true,true,A,10,10,true,3
phase_1,phase4-B-2026-08-18,empirical,google/gemma-2-9b-it+dpo-B,2b95a3cfa1b8e1b48b2fd682ddaf2e28135b889f,DGS-034,discovery,easy,history,easy__malfunctioning_always_fail__neutral,factorial,malfunctioning_always_fail,neutral,measured,fa6f477e96945de5ea06bcc9448d9edc476ea841ce104cc094359e9d9bd5d8c3,9.81249971257057,,0.0,,0.0,,0,false,0.229958715598503,1.1198956731768674,0.0005272081336887835,,0.0,26,-0.2777777777777778,,0.0,0.0,true,true,A,10,10,true,3
phase_1,phase4-B-2026-08-18,empirical,google/gemma-2-9b-it+dpo-B,2b95a3cfa1b8e1b48b2fd682ddaf2e28135b889f,DGS-034,discovery,easy,history,easy__malfunctioning_always_fail__neutral,factorial,malfunctioning_always_fail,neutral,recovery,dd3379fc01c82c6b12fc80d79afacd2d53330d1dc81ac0735668e80468b17d99,11.93749989864591,,0.0,,0.0,,0,false,0.09990990765294222,0.5374056847088976,0.00030937909870222015,,0.0,26,-0.2777777777777778,,0.0,0.0,true,true,A,10,10,true,3
phase_1,phase4-B-2026-08-18,empirical,google/gemma-2-9b-it+dpo-B,2b95a3cfa1b8e1b48b2fd682ddaf2e28135b889f,DGS-035,discovery,easy,history,easy__accurate__hostile,factorial,accurate,hostile,measured,5d9d30eef89a6c337965e7228392ea865364a28a43ea1fb0b51981fed62aa5de,-11.062499748542905,,0.5,,0.0,,0,false,0.2835748633260781,1.4251829206632547,0.0013646385871763803,,0.0,75,0.6304347826086957,,0.0,0.0,true,false,A,10,10,,3
phase_1,phase4-B-2026-08-18,empirical,google/gemma-2-9b-it+dpo-B,2b95a3cfa1b8e1b48b2fd682ddaf2e28135b889f,DGS-035,discovery,easy,history,easy__accurate__hostile,factorial,accurate,hostile,onset,56e5decedf6d05b20d3a1a0c821528820abfdf037ef54027986278d284d4f807,-10.937499683350325,,0.30000000000000004,,0.0,,0,false,0.33973498865327606,1.432306417812237,0.0006185046286849884,,0.02702702702702703,64,0.391304347826087,,0.0,0.0,true,false,A,10,10,,3
phase_1,phase4-B-2026-08-18,empirical,google/gemma-2-9b-it+dpo-B,2b95a3cfa1b8e1b48b2fd682ddaf2e28135b889f,DGS-035,discovery,easy,history,easy__accurate__hostile,factorial,accurate,hostile,onset_washout,8aa1795f0cb3a025256987ef05c104275854ec5f8b4bf86fd545968583def9f3,-7.874999868217856,,0.4,,0.0,,0,false,0.1707204920040572,0.9676976375621296,0.0006331258061924548,,0.02702702702702703,64,0.391304347826087,,0.0,0.0,true,false,A,10,10,,3
phase_1,phase4-B-2026-08-18,empirical,google/gemma-2-9b-it+dpo-B,2b95a3cfa1b8e1b48b2fd682ddaf2e28135b889f,DGS-035,discovery,easy,history,easy__accurate__neutral,factorial,accurate,neutral,measured,bb4c7bfbdf24cb2658026505059ad3014d464d9f1986f397825d36a50d30df74,13.562500243409886,,0.0,,0.0,,0,false,0.37532039419226154,1.4652667962124861,0.00017727716970361573,,0.0,46,0.0,,0.0,0.0,true,true,B,10,10,,3
phase_1,phase4-B-2026-08-18,empirical,google/gemma-2-9b-it+dpo-B,2b95a3cfa1b8e1b48b2fd682ddaf2e28135b889f,DGS-035,discovery,easy,history,easy__accurate__neutral,factorial,accurate,neutral,onset,75f5bb7822a4c6efbce3da3b74d2886c53891e2bb4a4f24e03854e7ca9343413,9.624999818042852,,0.0,,0.0,,0,false,0.1534597502506726,0.9146992821529034,0.00034986317598004895,,0.0,59,0.2826086956521739,,0.0,0.0,true,true,B,10,10,,3
phase_1,phase4-B-2026-08-18,empirical,google/gemma-2-9b-it+dpo-B,2b95a3cfa1b8e1b48b2fd682ddaf2e28135b889f,DGS-035,discovery,easy,history,easy__accurate__neutral,factorial,accurate,neutral,onset_washout,a7dd5da864ed275da7370d7f2f105cc448946ea2e78ee0c4172a6ffdcd3def8d,11.749999771171133,,0.0,,0.0,,0,false,0.09557746493191399,0.6601071104503178,0.00011002507277430018,,0.0,58,0.2608695652173913,,0.0,0.0,true,true,B,10,10,,3
phase_1,phase4-B-2026-08-18,empirical,google/gemma-2-9b-it+dpo-B,2b95a3cfa1b8e1b48b2fd682ddaf2e28135b889f,DGS-035,discovery,easy,history,easy__malfunctioning_always_fail__hostile,factorial,malfunctioning_always_fail,hostile,measured,456ad09f5654ba837e04f8ed36aa383c5d1654a2d97ee43d3b8e5948e0f2ae74,12.375000020430889,,0.0,,0.0,,0,false,0.23113133732288757,1.2330677117710047,0.00034984927333639687,,0.0,81,0.7608695652173914,,0.0,0.0,true,true,B,10,10,true,3
phase_1,phase4-B-2026-08-18,empirical,google/gemma-2-9b-it+dpo-B,2b95a3cfa1b8e1b48b2fd682ddaf2e28135b889f,DGS-035,discovery,easy,history,easy__malfunctioning_always_fail__hostile,factorial,malfunctioning_always_fail,hostile,recovery,794af19ecccb79e5b15bd47cfa9b2ffad852746e9615b9a8a58c2401ea5e925d,-7.999999958323315,,,m2_invalid_final_answer_all_ten_required,0.0,,0,false,0.37479987805589804,1.678569721693854,0.0015368469390223737,,0.0,67,0.45652173913043476,,0.0,0.0,true,false,A,10,8,true,3
phase_1,phase4-B-2026-08-18,empirical,google/gemma-2-9b-it+dpo-B,2b95a3cfa1b8e1b48b2fd682ddaf2e28135b889f,DGS-035,discovery,easy,history,easy__malfunctioning_always_fail__neutral,factorial,malfunctioning_always_fail,neutral,measured,8fbf05cbf5d1ff2131ff73f755e6c25ac81c8fba2b8cc39700a9612b409a5f98,12.250000375206582,,0.0,,0.0,,0,false,0.22349270688616052,1.245051727749286,0.00023603175497233087,,0.02040816326530612,78,0.6956521739130435,,0.0,0.0,true,true,B,10,10,true,3
phase_1,phase4-B-2026-08-18,empirical,google/gemma-2-9b-it+dpo-B,2b95a3cfa1b8e1b48b2fd682ddaf2e28135b889f,DGS-035,discovery,easy,history,easy__malfunctioning_always_fail__neutral,factorial,malfunctioning_always_fail,neutral,recovery,6b3dab1bb01aed21f7eb8482e5239ae486736a1c1b8718e66fe2958e08907294,9.874999888939783,,0.0,,0.0,,0,false,0.13849547704483106,0.870554267486623,0.00024699865597424027,,0.0,59,0.2826086956521739,,0.0,0.0,true,true,B,10,10,true,3
phase_1,phase4-B-2026-08-18,empirical,google/gemma-2-9b-it+dpo-B,2b95a3cfa1b8e1b48b2fd682ddaf2e28135b889f,DGS-037,discovery,hard,history,hard__accurate__hostile,factorial,accurate,hostile,measured,255087835609c8fec93869aa0004755c1cb3f6582e705c63d56a270322182a32,-12.562500011059456,,,m2_invalid_final_answer_all_ten_required,0.0,,0,false,0.3694513496432518,1.4038738601209937,0.00048038599806690836,,0.0,121,-0.032,,0.0,0.0,true,false,B,10,9,,3
phase_1,phase4-B-2026-08-18,empirical,google/gemma-2-9b-it+dpo-B,2b95a3cfa1b8e1b48b2fd682ddaf2e28135b889f,DGS-037,discovery,hard,history,hard__accurate__hostile,factorial,accurate,hostile,onset,d6d8c8c03e601a58b0945e5e0e97b65f3fd448e4b221c3d8353c222b07461ba5,,m1_invalid_final_answer,,m2_invalid_final_answer_all_ten_required,0.0,,0,false,0.4150578611986633,1.4719861206686398,0.0011581113799578728,,0.0,150,0.2,,0.9900990099009901,0.0,false,,,10,1,,3
phase_1,phase4-B-2026-08-18,empirical,google/gemma-2-9b-it+dpo-B,2b95a3cfa1b8e1b48b2fd682ddaf2e28135b889f,DGS-037,discovery,hard,history,hard__accurate__hostile,factorial,accurate,hostile,onset_washout,0820891a490518d7066546393e06fe8152e72d0c01ee4ed556a8b1808f11860a,,m1_invalid_final_answer,,m2_invalid_final_answer_all_ten_required,0.0,,0,false,0.2862597894149127,1.441032382901068,0.001324470980541609,,0.0,122,-0.024,,0.0,0.0,false,,,10,8,,3
phase_1,phase4-B-2026-08-18,empirical,google/gemma-2-9b-it+dpo-B,2b95a3cfa1b8e1b48b2fd682ddaf2e28135b889f,DGS-037,discovery,hard,history,hard__accurate__neutral,factorial,accurate,neutral,measured,4c5590288a899096b8ddb3fb2dd21a7e12cd263aea1b40aaa6c3573875874cc1,15.031249523271981,,0.0,,0.0,,0,false,0.23476047218570892,1.20707579864209,0.0001541302510561815,,0.0,125,0.0,,0.0,0.0,true,true,D,10,10,,3
phase_1,phase4-B-2026-08-18,empirical,google/gemma-2-9b-it+dpo-B,2b95a3cfa1b8e1b48b2fd682ddaf2e28135b889f,DGS-037,discovery,hard,history,hard__accurate__neutral,factorial,accurate,neutral,onset,7c46de4ec6e5d59d749547cf44cd4f800a6945a27ae64e13ce98c5c0e391dbf1,9.625000074564014,,0.0,,0.0,,0,false,0.07802556718030859,0.5521329874133115,0.0003717311301718054,,0.0,125,0.0,,0.0,0.0,true,true,D,10,10,,3
phase_1,phase4-B-2026-08-18,empirical,google/gemma-2-9b-it+dpo-B,2b95a3cfa1b8e1b48b2fd682ddaf2e28135b889f,DGS-037,discovery,hard,history,hard__accurate__neutral,factorial,accurate,neutral,onset_washout,1753ab326deacabc322b21057aa3d336ac02b42153127ce69619fa3549a282bf,13.000000000523869,,0.0,,0.0,,0,false,0.018160980159090116,0.15791753824154514,4.864903750205496e-05,,0.0,125,0.0,,0.0,0.0,true,true,D,10,10,,3
phase_1,phase4-B-2026-08-18,empirical,google/gemma-2-9b-it+dpo-B,2b95a3cfa1b8e1b48b2fd682ddaf2e28135b889f,DGS-037,discovery,hard,history,hard__malfunctioning_always_fail__hostile,factorial,malfunctioning_always_fail,hostile,measured,f00c3105bf6d4bb9be8e10a7b3da244149d5c22ef4d73e5bddada0167f8f6b77,11.374999890627805,,0.19999999999999996,,0.0,,0,false,0.21670740235113653,1.2011591902926104,9.927871571274727e-05,,0.0,102,-0.184,,0.0,0.0,true,true,D,10,10,true,3
phase_1,phase4-B-2026-08-18,empirical,google/gemma-2-9b-it+dpo-B,2b95a3cfa1b8e1b48b2fd682ddaf2e28135b889f,DGS-037,discovery,hard,history,hard__malfunctioning_always_fail__hostile,factorial,malfunctioning_always_fail,hostile,recovery,030e01d0eb95f8acf415ba824e5022c0945d5402dfe6dd1c6101078886779a03,-6.749999841675162,,,m2_invalid_final_answer_all_ten_required,0.0,,0,false,0.2918576140297266,1.3361699326484773,0.0005159772619027529,,0.0,159,0.272,,1.0,0.0,true,false,B,10,6,true,3
phase_1,phase4-B-2026-08-18,empirical,google/gemma-2-9b-it+dpo-B,2b95a3cfa1b8e1b48b2fd682ddaf2e28135b889f,DGS-037,discovery,hard,history,hard__malfunctioning_always_fail__neutral,factorial,malfunctioning_always_fail,neutral,measured,75ee5073a26d856390c0fadd9a27de1994961c6d6fb381a8e9386f37c3337e6d,11.062499652383849,,0.09999999999999998,,0.0,,0,false,0.2074556159113585,1.0552123585033557,0.00011588656466885628,,0.0,125,0.0,,0.0,0.0,true,true,D,10,10,true,3
phase_1,phase4-B-2026-08-18,empirical,google/gemma-2-9b-it+dpo-B,2b95a3cfa1b8e1b48b2fd682ddaf2e28135b889f,DGS-037,discovery,hard,history,hard__malfunctioning_always_fail__neutral,factorial,malfunctioning_always_fail,neutral,recovery,52042093cf25ad06709526628332c0789c955fc4b35a6226ab7661b8d4c06e27,9.062499625200871,,0.19999999999999996,,0.0,,0,false,0.049481183730231026,0.4039731943497357,0.00018234651771580434,,0.0,125,0.0,,0.0,0.0,true,true,D,10,10,true,3
phase_1,phase4-B-2026-08-18,empirical,google/gemma-2-9b-it+dpo-B,2b95a3cfa1b8e1b48b2fd682ddaf2e28135b889f,DGS-038,discovery,hard,history,hard__accurate__hostile,factorial,accurate,hostile,measured,84c309393e6a86aa68e7a389af8a031db53885e77b07fe626f6be907663debe9,12.81249982942245,,,m2_invalid_final_answer_all_ten_required,0.0,,0,false,0.37745738899572734,1.6575716831079814,0.0018349339720624266,,0.0,149,0.6741573033707865,,0.0,0.0,true,true,C,10,9,,3
phase_1,phase4-B-2026-08-18,empirical,google/gemma-2-9b-it+dpo-B,2b95a3cfa1b8e1b48b2fd682ddaf2e28135b889f,DGS-038,discovery,hard,history,hard__accurate__hostile,factorial,accurate,hostile,onset,febd1a02064a5041a0741ff51366974b86dee9c02cc288c6452c6197491e285d,,m1_invalid_final_answer,,m2_invalid_final_answer_all_ten_required,0.0,,0,false,0.4207801615951319,1.7425289937339354,0.0017179176173378748,,0.0,198,1.2247191011235956,,0.0,0.0,false,,,10,2,,3
phase_1,phase4-B-2026-08-18,empirical,google/gemma-2-9b-it+dpo-B,2b95a3cfa1b8e1b48b2fd682ddaf2e28135b889f,DGS-038,discovery,hard,history,hard__accurate__hostile,factorial,accurate,hostile,onset_washout,c07196d84c0e849d8150cb7bd3e9fea7a119993c5f9f734f1178535ea48b3eb6,11.187499788269633,,,m2_invalid_final_answer_all_ten_required,0.0,,0,false,0.0640331416538054,0.5677393798063006,0.00021877273669897344,,0.0,181,1.0337078651685394,,0.0,0.0,true,true,C,10,8,,3
phase_1,phase4-B-2026-08-18,empirical,google/gemma-2-9b-it+dpo-B,2b95a3cfa1b8e1b48b2fd682ddaf2e28135b889f,DGS-038,discovery,hard,history,hard__accurate__neutral,factorial,accurate,neutral,measured,aafb5ff196ccdfa15b68ff5db79486e04cbbc39d16a7a3db5e5be7012e44f476,12.499999660809408,,0.0,,0.0,,0,false,0.3536163566810575,1.5462234252601206,0.0004817314286154935,,0.0,89,0.0,,0.0,0.0,true,true,C,10,10,,3
phase_1,phase4-B-2026-08-18,empirical,google/gemma-2-9b-it+dpo-B,2b95a3cfa1b8e1b48b2fd682ddaf2e28135b889f,DGS-038,discovery,hard,history,hard__accurate__neutral,factorial,accurate,neutral,onset,dc997b57e4f8f0e807fc77bfe35fb25887f9c1b8bdd9fc64bea578a47b5468b8,10.624999710242264,,0.0,,0.0,,0,false,0.09032167255571655,0.6554879200040128,0.0003846382790578524,,0.0,118,0.3258426966292135,,0.0,0.0,true,true,C,10,10,,3
phase_1,phase4-B-2026-08-18,empirical,google/gemma-2-9b-it+dpo-B,2b95a3cfa1b8e1b48b2fd682ddaf2e28135b889f,DGS-038,discovery,hard,history,hard__accurate__neutral,factorial,accurate,neutral,onset_washout,e12a0ce9cbbe7a49098c389f69c7767c69f4149846582ea85b9bb3c5da254811,12.437500240695954,,0.0,,0.0,,0,false,0.026009619167214247,0.2316153739377678,5.234641397378906e-05,,0.0,118,0.3258426966292135,,0.0,0.0,true,true,C,10,10,,3
phase_1,phase4-B-2026-08-18,empirical,google/gemma-2-9b-it+dpo-B,2b95a3cfa1b8e1b48b2fd682ddaf2e28135b889f,DGS-038,discovery,hard,history,hard__malfunctioning_always_fail__hostile,factorial,malfunctioning_always_fail,hostile,measured,6393a23c64e0fbc33b0a55305f585c9875e9d190bc71c052081a0fc5adac9d86,12.187499592488166,,0.0,,0.0,,0,false,0.501389248535305,1.8483090853233013,0.0031947719464909758,,0.0,163,0.8314606741573034,,0.0,0.0,true,true,C,10,10,true,3
phase_1,phase4-B-2026-08-18,empirical,google/gemma-2-9b-it+dpo-B,2b95a3cfa1b8e1b48b2fd682ddaf2e28135b889f,DGS-038,discovery,hard,history,hard__malfunctioning_always_fail__hostile,factorial,malfunctioning_always_fail,hostile,recovery,865bc249514c8a69d4c9c183d9ad71e76bc6421ecabea89ceb31beb357b4ede2,8.562499918276444,,,m2_invalid_final_answer_all_ten_required,0.0,,0,false,0.49110710040629973,1.9437208126594065,0.0032927182090479435,,0.0,137,0.5393258426966292,,0.0,0.0,true,true,C,10,7,true,3
phase_1,phase4-B-2026-08-18,empirical,google/gemma-2-9b-it+dpo-B,2b95a3cfa1b8e1b48b2fd682ddaf2e28135b889f,DGS-038,discovery,hard,history,hard__malfunctioning_always_fail__neutral,factorial,malfunctioning_always_fail,neutral,measured,eac916c18c2350e84e55d92292c90e96f4b2e77db1385806f8245cebedef5ec8,12.12500011274824,,0.0,,0.0,,0,false,0.45918744578474646,1.774132386559308,0.0010160691132943722,,0.0,112,0.25842696629213485,,0.0,0.0,true,true,C,10,10,true,3
phase_1,phase4-B-2026-08-18,empirical,google/gemma-2-9b-it+dpo-B,2b95a3cfa1b8e1b48b2fd682ddaf2e28135b889f,DGS-038,discovery,hard,history,hard__malfunctioning_always_fail__neutral,factorial,malfunctioning_always_fail,neutral,recovery,efb59b3fc782302d3d148490baf910c26bcf0a4973955302f661ccf853990a84,8.875000210944563,,0.0,,0.0,,0,false,0.3411883971679795,1.5204904153776129,0.0003857630414991191,,0.0,93,0.0449438202247191,,0.0,0.0,true,true,C,10,10,true,3
