phase,run_id,run_kind,model_id,immutable_revision,task_id,split,difficulty,domain,cell_id,cell_kind,feedback_validity,tone,turn_label,response_id,m1,m1_missing_reason,m2,m2_missing_reason,m3_rate,m3_missing_reason,m3_event_count,m3_loop_flag,entropy_mean,entropy_worst_decile,tail_mass_mean,entropy_missing_reason,rep4,length_tokens,length_drift,length_drift_missing_reason,hedge_per100,selfcorr_per100,greedy_answer_valid,greedy_answer_correct,greedy_answer_letter,resample_count,resample_valid_count,history_false_negative,feedback_rounds
phase_2,phase2-gemma-2-9b-it-2026-08-17,empirical,google/gemma-2-9b-it,11c9b309abf73637e4b6f9a3fa1e92e615547819,DGS-001,holdout,easy,mathematics,easy__accurate__hostile,factorial,accurate,hostile,measured,110b1e9d0b093a9f37b4cbdc92c48f85ea258ffc3846188ffcb70b40aafe1575,,m1_invalid_final_answer,,m2_invalid_final_answer_all_ten_required,0.0,,0,false,0.1000707878730897,0.803972886941905,0.00010371538666542386,,0.2608695652173913,49,-0.18333333333333332,,0.0,0.0,false,,,10,6,,3
phase_2,phase2-gemma-2-9b-it-2026-08-17,empirical,google/gemma-2-9b-it,11c9b309abf73637e4b6f9a3fa1e92e615547819,DGS-001,holdout,easy,mathematics,easy__accurate__hostile,factorial,accurate,hostile,onset,20d2c2b30c4e406f76d7804cbc4d722b6dcec91450a08b925386cb870edec78f,,m1_invalid_final_answer,,m2_invalid_final_answer_all_ten_required,0.0,,0,false,0.44445374818684774,1.357620488970214,0.0005583387414975052,,0.0,17,-0.7166666666666667,,0.0,0.0,false,,,10,6,,3
phase_2,phase2-gemma-2-9b-it-2026-08-17,empirical,google/gemma-2-9b-it,11c9b309abf73637e4b6f9a3fa1e92e615547819,DGS-001,holdout,easy,mathematics,easy__accurate__hostile,factorial,accurate,hostile,onset_washout,cc167d05af40c88e23dbacdc861f8622977eedcb20fb59988930bac67dc7b281,,m1_invalid_final_answer,,m2_invalid_final_answer_all_ten_required,0.0,,0,false,0.3815066406850484,1.4201627356738578,0.00045976257933014024,,0.0,17,-0.7166666666666667,,0.0,0.0,false,,,10,7,,3
phase_2,phase2-gemma-2-9b-it-2026-08-17,empirical,google/gemma-2-9b-it,11c9b309abf73637e4b6f9a3fa1e92e615547819,DGS-001,holdout,easy,mathematics,easy__accurate__neutral,factorial,accurate,neutral,measured,cf829b0b0b7a4761b05769fc0f65dafd85cff913f69be0b809c517065087d028,14.624999763822416,,0.0,,0.0,,0,false,0.21637582106641742,1.0627646637735388,0.00011469962953336577,,0.2702702702702703,60,0.0,,0.0,0.0,true,true,C,10,10,,3
phase_2,phase2-gemma-2-9b-it-2026-08-17,empirical,google/gemma-2-9b-it,11c9b309abf73637e4b6f9a3fa1e92e615547819,DGS-001,holdout,easy,mathematics,easy__accurate__neutral,factorial,accurate,neutral,onset,afb286c1bc228f61a9837456a0dd944debf01c7220942114835c6647c923fb27,13.000000257859938,,0.0,,0.0,,0,false,0.36165587601059024,1.4761867230944157,0.0006440417714658545,,0.0,32,-0.4666666666666667,,0.0,0.0,true,true,C,10,10,,3
phase_2,phase2-gemma-2-9b-it-2026-08-17,empirical,google/gemma-2-9b-it,11c9b309abf73637e4b6f9a3fa1e92e615547819,DGS-001,holdout,easy,mathematics,easy__accurate__neutral,factorial,accurate,neutral,onset_washout,0ffcb17242ff69fbf4b9ac784bcacfa5d30810d38611a9dbe1921cce91f33c60,13.437500285770511,,0.0,,0.0,,0,false,0.369578753744478,1.3976340300320793,0.00013484199324137073,,0.0,28,-0.5333333333333333,,0.0,0.0,true,true,C,10,10,,3
phase_2,phase2-gemma-2-9b-it-2026-08-17,empirical,google/gemma-2-9b-it,11c9b309abf73637e4b6f9a3fa1e92e615547819,DGS-001,holdout,easy,mathematics,easy__malfunctioning_always_fail__hostile,factorial,malfunctioning_always_fail,hostile,measured,b3a7dbd518fedbcb35a7e3f799fec032f65537276c4bb1497c7208a6d0b84711,14.37500024183828,,0.0,,0.0,,0,false,0.40237773289851037,1.3953987209439553,0.00046556948993423596,,0.0,34,-0.43333333333333335,,0.0,0.0,true,true,C,10,10,true,3
phase_2,phase2-gemma-2-9b-it-2026-08-17,empirical,google/gemma-2-9b-it,11c9b309abf73637e4b6f9a3fa1e92e615547819,DGS-001,holdout,easy,mathematics,easy__malfunctioning_always_fail__hostile,factorial,malfunctioning_always_fail,hostile,recovery,7e0d6e57b4af6ec49369b9003d205b4ff047970ebcb077b461b96a97f1a4ed3b,12.749999781488441,,0.0,,0.0,,0,false,0.24343830357926358,1.1147623752998466,6.851625180905041e-05,,0.0,16,-0.7333333333333333,,0.0,0.0,true,true,C,10,10,true,3
phase_2,phase2-gemma-2-9b-it-2026-08-17,empirical,google/gemma-2-9b-it,11c9b309abf73637e4b6f9a3fa1e92e615547819,DGS-001,holdout,easy,mathematics,easy__malfunctioning_always_fail__neutral,factorial,malfunctioning_always_fail,neutral,measured,b62aea0267f811a421793d3cdaff504299bc45d06f52e6515aefb6da4abee7e4,12.437499891588232,,0.0,,0.0,,0,false,0.25361895673644963,1.1287726923702306,3.872821600964676e-05,,0.0,26,-0.5666666666666667,,0.0,0.0,true,true,C,10,10,true,3
phase_2,phase2-gemma-2-9b-it-2026-08-17,empirical,google/gemma-2-9b-it,11c9b309abf73637e4b6f9a3fa1e92e615547819,DGS-001,holdout,easy,mathematics,easy__malfunctioning_always_fail__neutral,factorial,malfunctioning_always_fail,neutral,recovery,a983e6b4fcd4488b7637243d9ae0abe916c181769a457b24aca2fceac2bb27ca,10.812499810854206,,0.0,,0.0,,0,false,0.14763373052412399,0.5743856401399711,7.803106576562797e-05,,0.0,21,-0.65,,0.0,0.0,true,true,C,10,10,true,3
phase_2,phase2-gemma-2-9b-it-2026-08-17,empirical,google/gemma-2-9b-it,11c9b309abf73637e4b6f9a3fa1e92e615547819,DGS-002,holdout,easy,mathematics,easy__accurate__hostile,factorial,accurate,hostile,measured,385c25d58a05d3f6ca8c9e3cf021aa880431c256c9998c56c3fd0bc6163eebbd,,m1_invalid_final_answer,,m2_invalid_final_answer_all_ten_required,0.0,,0,false,0.18779811236673496,1.1753651242533738,0.0004779624396209405,,0.0,64,0.20754716981132076,,0.0,0.0,false,,,10,9,,3
phase_2,phase2-gemma-2-9b-it-2026-08-17,empirical,google/gemma-2-9b-it,11c9b309abf73637e4b6f9a3fa1e92e615547819,DGS-002,holdout,easy,mathematics,easy__accurate__hostile,factorial,accurate,hostile,onset,cc556505b0f7c2204965c6adf6952f3ff0b7a6dea673ef461e70e7f47495d180,,m1_invalid_final_answer,,m2_invalid_final_answer_all_ten_required,0.0,,0,false,0.09261221006075128,0.6344354255873974,0.00010943894244313286,,0.0,63,0.18867924528301888,,0.0,0.0,false,,,10,9,,3
phase_2,phase2-gemma-2-9b-it-2026-08-17,empirical,google/gemma-2-9b-it,11c9b309abf73637e4b6f9a3fa1e92e615547819,DGS-002,holdout,easy,mathematics,easy__accurate__hostile,factorial,accurate,hostile,onset_washout,288f164daf2a3058b4b8fdf95d8172fedb6052550bd6453422a866af674a617f,,m1_invalid_final_answer,,m2_invalid_final_answer_all_ten_required,0.0,,0,false,0.08739903283341258,0.6557293919862943,8.348054877996678e-05,,0.0,63,0.18867924528301888,,0.0,0.0,false,,,10,9,,3
phase_2,phase2-gemma-2-9b-it-2026-08-17,empirical,google/gemma-2-9b-it,11c9b309abf73637e4b6f9a3fa1e92e615547819,DGS-002,holdout,easy,mathematics,easy__accurate__neutral,factorial,accurate,neutral,measured,fdbb33b6fcfff9af06cc5d77d00e3c2c2f91b1fb5618ff15f2d453df5891863b,13.749999644889613,,0.0,,0.0,,0,false,0.1248979680325992,0.7773423013304258,5.502589773418778e-06,,0.0,53,0.0,,0.0,0.0,true,true,B,10,10,,3
phase_2,phase2-gemma-2-9b-it-2026-08-17,empirical,google/gemma-2-9b-it,11c9b309abf73637e4b6f9a3fa1e92e615547819,DGS-002,holdout,easy,mathematics,easy__accurate__neutral,factorial,accurate,neutral,onset,38b0f1ced7a0855e8691a65c41645352ba8e55cb0675fbdf9eadb1932c946b6d,8.43749977229163,,0.0,,0.0,,0,false,0.14659712408434775,0.83580449914378,5.191376220303745e-05,,0.0,52,-0.018867924528301886,,0.0,0.0,true,true,B,10,10,,3
phase_2,phase2-gemma-2-9b-it-2026-08-17,empirical,google/gemma-2-9b-it,11c9b309abf73637e4b6f9a3fa1e92e615547819,DGS-002,holdout,easy,mathematics,easy__accurate__neutral,factorial,accurate,neutral,onset_washout,35893972474c3ad4af84f8b3571711e4efafa639cd9dc5da821a236e87e0f040,12.62500012338569,,0.0,,0.0,,0,false,0.10257505576307478,0.700272282935957,1.1383330578732617e-05,,0.0,52,-0.018867924528301886,,0.0,0.0,true,true,B,10,10,,3
phase_2,phase2-gemma-2-9b-it-2026-08-17,empirical,google/gemma-2-9b-it,11c9b309abf73637e4b6f9a3fa1e92e615547819,DGS-002,holdout,easy,mathematics,easy__malfunctioning_always_fail__hostile,factorial,malfunctioning_always_fail,hostile,measured,71d34ee06e762eb71061a14592248ea45925e9be2876c7ff6f513dcdd49b85c1,11.687500248750439,,0.0,,0.0,,0,false,0.12976580999059578,0.893325227574179,1.5113984697539312e-05,,0.0,70,0.32075471698113206,,0.0,0.0,true,true,B,10,10,true,3
phase_2,phase2-gemma-2-9b-it-2026-08-17,empirical,google/gemma-2-9b-it,11c9b309abf73637e4b6f9a3fa1e92e615547819,DGS-002,holdout,easy,mathematics,easy__malfunctioning_always_fail__hostile,factorial,malfunctioning_always_fail,hostile,recovery,d41e5591c6d736fca6ce23e17332ab65dab0484479910b3931ce322bb0d36c03,11.437499616236892,,0.0,,0.0,,0,false,0.2603150212913029,1.2725747690008833,0.0003075668248038407,,0.0,87,0.6415094339622641,,0.0,0.0,true,true,B,10,10,true,3
phase_2,phase2-gemma-2-9b-it-2026-08-17,empirical,google/gemma-2-9b-it,11c9b309abf73637e4b6f9a3fa1e92e615547819,DGS-002,holdout,easy,mathematics,easy__malfunctioning_always_fail__neutral,factorial,malfunctioning_always_fail,neutral,measured,54fe82bff1dbb87d6fa2227f2e021258c2a2b0715781a32a615a7a29dad836d1,7.562499861465767,,0.0,,0.0,,0,false,0.16677025689942163,0.968881567022155,1.6448953524596913e-05,,0.0,54,0.018867924528301886,,0.0,0.0,true,true,B,10,10,true,3
phase_2,phase2-gemma-2-9b-it-2026-08-17,empirical,google/gemma-2-9b-it,11c9b309abf73637e4b6f9a3fa1e92e615547819,DGS-002,holdout,easy,mathematics,easy__malfunctioning_always_fail__neutral,factorial,malfunctioning_always_fail,neutral,recovery,5340276d66c35c5462292266c7180ea01942cfddc2052c1ee5c0daf25e9136cc,7.00000001816079,,0.0,,0.0,,0,false,0.15102038063737844,0.8827176578458135,1.1484385480878014e-05,,0.0,44,-0.16981132075471697,,0.0,0.0,true,true,B,10,10,true,3
phase_2,phase2-gemma-2-9b-it-2026-08-17,empirical,google/gemma-2-9b-it,11c9b309abf73637e4b6f9a3fa1e92e615547819,DGS-006,holdout,hard,mathematics,hard__accurate__hostile,factorial,accurate,hostile,measured,c3b3632eb676e291f271459e8ec9662fed63a724a6e3ab939f1d8a14db51dd02,13.250000369211193,,,m2_invalid_final_answer_all_ten_required,0.0,,0,false,0.04703736137843239,0.420615016515854,1.5598294649365686e-05,,0.017142857142857144,333,0.1174496644295302,,0.0,0.0,true,true,C,10,7,,3
phase_2,phase2-gemma-2-9b-it-2026-08-17,empirical,google/gemma-2-9b-it,11c9b309abf73637e4b6f9a3fa1e92e615547819,DGS-006,holdout,hard,mathematics,hard__accurate__hostile,factorial,accurate,hostile,onset,05d86a46f17cd20b9944588f19de6d1fcf1389e0e4cb8e6ae006c8749328ede6,,m1_invalid_final_answer,,m2_invalid_final_answer_all_ten_required,0.0,,0,false,0.13580619167548497,0.9484307351834167,0.0001098194601526509,,0.013452914798206279,392,0.31543624161073824,,0.0,0.0,false,,,10,0,,3
phase_2,phase2-gemma-2-9b-it-2026-08-17,empirical,google/gemma-2-9b-it,11c9b309abf73637e4b6f9a3fa1e92e615547819,DGS-006,holdout,hard,mathematics,hard__accurate__hostile,factorial,accurate,hostile,onset_washout,92da1e0319d17021c94c817b8b694916aee67871ac74805252c5a64c84cec566,11.99999969691271,,,m2_invalid_final_answer_all_ten_required,0.0,,0,false,0.02400210089585334,0.2279414454175496,6.422702673974046e-05,,0.016574585635359115,350,0.174496644295302,,0.0,0.0,true,true,C,10,9,,3
phase_2,phase2-gemma-2-9b-it-2026-08-17,empirical,google/gemma-2-9b-it,11c9b309abf73637e4b6f9a3fa1e92e615547819,DGS-006,holdout,hard,mathematics,hard__accurate__neutral,factorial,accurate,neutral,measured,37ef6c40f39f1b23a72d15da2b643b41926a0c9c5052ac33cc66b8ff6e11a8a5,14.687499643187039,,0.30000000000000004,,0.0,,0,false,0.10341576144026994,0.8054002568271819,1.938323407829586e-06,,0.006896551724137931,298,0.0,,0.0,0.0,true,true,C,10,10,,3
phase_2,phase2-gemma-2-9b-it-2026-08-17,empirical,google/gemma-2-9b-it,11c9b309abf73637e4b6f9a3fa1e92e615547819,DGS-006,holdout,hard,mathematics,hard__accurate__neutral,factorial,accurate,neutral,onset,379b4d2e9306376da48b135fd5b6b0805cc2da844d260bf943c2f02a8fc103c9,11.375000019863364,,0.09999999999999998,,0.0,,0,false,0.038249261883264996,0.3407004467626978,3.628645373636648e-05,,0.02564102564102564,188,-0.3691275167785235,,0.0,0.0,true,true,C,10,10,,3
phase_2,phase2-gemma-2-9b-it-2026-08-17,empirical,google/gemma-2-9b-it,11c9b309abf73637e4b6f9a3fa1e92e615547819,DGS-006,holdout,hard,mathematics,hard__accurate__neutral,factorial,accurate,neutral,onset_washout,3c2cc8ad2ee4c9872b706a6d5476a1af24cf231aa12e80f72b771ef3d3d8c20e,14.187499762774678,,,m2_invalid_final_answer_all_ten_required,0.0,,0,false,0.017824476575636707,0.1657301264517901,4.387559704536759e-06,,0.02564102564102564,188,-0.3691275167785235,,0.0,0.0,true,true,C,10,9,,3
phase_2,phase2-gemma-2-9b-it-2026-08-17,empirical,google/gemma-2-9b-it,11c9b309abf73637e4b6f9a3fa1e92e615547819,DGS-006,holdout,hard,mathematics,hard__malfunctioning_always_fail__hostile,factorial,malfunctioning_always_fail,hostile,measured,cdae18802ccc3b46ee73de5af3c3531374f47a34ea06916f85d091b19355abcc,13.562500244093826,,,m2_invalid_final_answer_all_ten_required,0.0,,0,false,0.13393732434177277,0.9615821722680864,0.00017657886446759762,,0.018691588785046728,412,0.3825503355704698,,0.0,0.0,true,true,C,10,9,true,3
phase_2,phase2-gemma-2-9b-it-2026-08-17,empirical,google/gemma-2-9b-it,11c9b309abf73637e4b6f9a3fa1e92e615547819,DGS-006,holdout,hard,mathematics,hard__malfunctioning_always_fail__hostile,factorial,malfunctioning_always_fail,hostile,recovery,f5f3ab026e418015d5ab58fee92a614ccde88f112751f05728e765d2e49b55df,11.93750002082379,,,m2_invalid_final_answer_all_ten_required,0.0,,0,false,0.11133843091711189,0.9098199858483962,0.0005374515126536635,,0.018779342723004695,404,0.35570469798657717,,0.0,0.0,true,true,C,10,6,true,3
phase_2,phase2-gemma-2-9b-it-2026-08-17,empirical,google/gemma-2-9b-it,11c9b309abf73637e4b6f9a3fa1e92e615547819,DGS-006,holdout,hard,mathematics,hard__malfunctioning_always_fail__neutral,factorial,malfunctioning_always_fail,neutral,measured,b3587828a5db0fac2bf39384e9d39a21ffb59a2d5d8938154e454c0b7ea0802f,11.999999886924343,,,m2_invalid_final_answer_all_ten_required,0.0,,0,false,0.14422550416661353,0.8778454590013083,4.9748277288440566e-05,,0.01764705882352941,322,0.08053691275167785,,0.0,0.0,true,true,C,10,9,true,3
phase_2,phase2-gemma-2-9b-it-2026-08-17,empirical,google/gemma-2-9b-it,11c9b309abf73637e4b6f9a3fa1e92e615547819,DGS-006,holdout,hard,mathematics,hard__malfunctioning_always_fail__neutral,factorial,malfunctioning_always_fail,neutral,recovery,0e00fc91a3b8e78dac2647401544dc8c3b0d6629bab10263fe168a315caea717,10.93750002818706,,0.09999999999999998,,0.0,,0,false,0.03533722415722513,0.32471977641472266,7.57258075169277e-05,,0.03389830508474576,229,-0.23154362416107382,,0.0,0.0,true,true,C,10,10,true,3
phase_2,phase2-gemma-2-9b-it-2026-08-17,empirical,google/gemma-2-9b-it,11c9b309abf73637e4b6f9a3fa1e92e615547819,DGS-008,holdout,hard,mathematics,hard__accurate__hostile,factorial,accurate,hostile,measured,6c9d898a33606b1aeb66f2c2c43439073a621e14895db69dbec1ca70b21e1d03,12.87500019519939,,,m2_invalid_final_answer_all_ten_required,0.0,,0,false,0.04679562000614008,0.40722228414558653,1.0212835688315486e-05,,0.0,223,0.12060301507537688,,0.0,0.0,true,true,A,10,9,,3
phase_2,phase2-gemma-2-9b-it-2026-08-17,empirical,google/gemma-2-9b-it,11c9b309abf73637e4b6f9a3fa1e92e615547819,DGS-008,holdout,hard,mathematics,hard__accurate__hostile,factorial,accurate,hostile,onset,1db192b741526620fc309566ddfe6cf2e9e3b65e417c413bcf1f19421887b04b,11.500000393134542,,,m2_invalid_final_answer_all_ten_required,0.0,,0,false,0.1057145500342093,0.8140048352165764,2.1937089531176164e-05,,0.0,275,0.38190954773869346,,0.0,0.0,true,true,A,10,5,,3
phase_2,phase2-gemma-2-9b-it-2026-08-17,empirical,google/gemma-2-9b-it,11c9b309abf73637e4b6f9a3fa1e92e615547819,DGS-008,holdout,hard,mathematics,hard__accurate__hostile,factorial,accurate,hostile,onset_washout,c058191c86229a0f3f0c35f3eb02fdb37d23b8801b33c6c7f7750218a7b3dcd0,12.750000280357199,,0.0,,0.0,,0,false,0.015197826912485517,0.13922367247945458,6.5237574873241686e-06,,0.0,223,0.12060301507537688,,0.0,0.0,true,true,A,10,10,,3
phase_2,phase2-gemma-2-9b-it-2026-08-17,empirical,google/gemma-2-9b-it,11c9b309abf73637e4b6f9a3fa1e92e615547819,DGS-008,holdout,hard,mathematics,hard__accurate__neutral,factorial,accurate,neutral,measured,f21c60e8d48a03d8cab39f1f1e5dbc55218e7ce2444095d39466da5a54470431,14.81250000269938,,0.0,,0.0,,0,false,0.11857542138630527,0.9082046096234496,7.542470561472503e-06,,0.008928571428571428,199,0.0,,0.0,0.0,true,true,A,10,10,,3
phase_2,phase2-gemma-2-9b-it-2026-08-17,empirical,google/gemma-2-9b-it,11c9b309abf73637e4b6f9a3fa1e92e615547819,DGS-008,holdout,hard,mathematics,hard__accurate__neutral,factorial,accurate,neutral,onset,1965cb48e6edcbd0feaf3aeb6ec89a92f7c34f9c4d0a5ee93ca4b0a834e67e7d,10.999999605468474,,0.0,,0.0,,0,false,0.05465905609983977,0.46239055310989,6.741168451145152e-06,,0.010526315789473684,168,-0.15577889447236182,,0.0,0.0,true,true,A,10,10,,3
phase_2,phase2-gemma-2-9b-it-2026-08-17,empirical,google/gemma-2-9b-it,11c9b309abf73637e4b6f9a3fa1e92e615547819,DGS-008,holdout,hard,mathematics,hard__accurate__neutral,factorial,accurate,neutral,onset_washout,46ec6228f2b48043e3179855dfbab3240055d803b63559f4fb35243cfab02ea4,14.562499765364919,,0.0,,0.0,,0,false,0.03486795488968776,0.3218184444355697,1.6007304302358866e-06,,0.010526315789473684,168,-0.15577889447236182,,0.0,0.0,true,true,A,10,10,,3
phase_2,phase2-gemma-2-9b-it-2026-08-17,empirical,google/gemma-2-9b-it,11c9b309abf73637e4b6f9a3fa1e92e615547819,DGS-008,holdout,hard,mathematics,hard__malfunctioning_always_fail__hostile,factorial,malfunctioning_always_fail,hostile,measured,fa4ee4e9d99def64a621291b07e7416b18bda1a185b8edd9380d1e1c281713e0,10.375000250234734,,0.0,,0.0,,0,false,0.10645828230639812,0.7863670150264712,4.850434219749771e-05,,0.005988023952095809,295,0.4824120603015075,,0.0,0.0,true,true,A,10,10,true,3
phase_2,phase2-gemma-2-9b-it-2026-08-17,empirical,google/gemma-2-9b-it,11c9b309abf73637e4b6f9a3fa1e92e615547819,DGS-008,holdout,hard,mathematics,hard__malfunctioning_always_fail__hostile,factorial,malfunctioning_always_fail,hostile,recovery,c04cbfceed49e6cbc1fcc88ffe7761e69b66d93d1ec7448e197280be4181f6d9,9.749999850348104,,0.0,,0.0,,0,false,0.07759983080780641,0.6891099675356612,0.00032604678011702754,,0.006060606060606061,291,0.4623115577889447,,0.0,0.0,true,true,A,10,10,true,3
phase_2,phase2-gemma-2-9b-it-2026-08-17,empirical,google/gemma-2-9b-it,11c9b309abf73637e4b6f9a3fa1e92e615547819,DGS-008,holdout,hard,mathematics,hard__malfunctioning_always_fail__neutral,factorial,malfunctioning_always_fail,neutral,measured,c88111d8b3e302cbaaaa9694507e55e22c091d927e2994cdeeca4c75fe877eb4,9.374999725143425,,0.0,,0.0,,0,false,0.0507279770772478,0.46014879440351847,9.527878788515373e-06,,0.007518796992481203,275,0.38190954773869346,,0.0,0.0,true,true,A,10,10,true,3
phase_2,phase2-gemma-2-9b-it-2026-08-17,empirical,google/gemma-2-9b-it,11c9b309abf73637e4b6f9a3fa1e92e615547819,DGS-008,holdout,hard,mathematics,hard__malfunctioning_always_fail__neutral,factorial,malfunctioning_always_fail,neutral,recovery,e7c6ab792b7a7fe1fcc486819910fc079c305069f923c0e7ab923b1b4bdd9381,9.74999979720451,,0.0,,0.0,,0,false,0.018559211903151837,0.17725810713617826,2.123141322763528e-06,,0.007518796992481203,275,0.38190954773869346,,0.0,0.0,true,true,A,10,10,true,3
phase_2,phase2-gemma-2-9b-it-2026-08-17,empirical,google/gemma-2-9b-it,11c9b309abf73637e4b6f9a3fa1e92e615547819,DGS-009,holdout,easy,logic,easy__accurate__hostile,factorial,accurate,hostile,measured,ccdecf50c1a68c0fe7dcc0c0b4cae2157fca50532533a25c58efecfed1f30e17,13.68749971894431,,0.09999999999999998,,0.0,,0,false,0.39357396029074126,1.6020122750191916,0.00040503891375556213,,0.0,70,0.9444444444444444,,0.0,0.0,true,true,D,10,10,,3
phase_2,phase2-gemma-2-9b-it-2026-08-17,empirical,google/gemma-2-9b-it,11c9b309abf73637e4b6f9a3fa1e92e615547819,DGS-009,holdout,easy,logic,easy__accurate__hostile,factorial,accurate,hostile,onset,8393c4e95b757c1c7d07212585e0f9df610beaea83f34042c08a56653f0788f1,,m1_invalid_final_answer,,m2_invalid_final_answer_all_ten_required,0.0,,0,false,0.3704981398348482,1.3292230098826678,0.00018155000925332518,,0.0,144,3.0,,0.0,0.0,false,,,10,3,,3
phase_2,phase2-gemma-2-9b-it-2026-08-17,empirical,google/gemma-2-9b-it,11c9b309abf73637e4b6f9a3fa1e92e615547819,DGS-009,holdout,easy,logic,easy__accurate__hostile,factorial,accurate,hostile,onset_washout,bdc8faae35934622726ddebe172a160bf9230ab2fb19d4087452a3042588c70b,13.781249559455318,,,m2_invalid_final_answer_all_ten_required,0.0,,0,false,0.1825823517061797,1.145260667902702,0.0001291100004342652,,0.0,98,1.7222222222222223,,0.0,0.0,true,true,D,10,8,,3
phase_2,phase2-gemma-2-9b-it-2026-08-17,empirical,google/gemma-2-9b-it,11c9b309abf73637e4b6f9a3fa1e92e615547819,DGS-009,holdout,easy,logic,easy__accurate__neutral,factorial,accurate,neutral,measured,ae14dd7dcf20b6b93570ff3e1a575b6902843b12608cd50f2d4200213bd8dd61,15.062499762731022,,0.0,,0.0,,0,false,0.3238326127568231,1.0562097488276827,2.753429399040799e-05,,0.0,36,0.0,,0.0,0.0,true,true,D,10,10,,3
phase_2,phase2-gemma-2-9b-it-2026-08-17,empirical,google/gemma-2-9b-it,11c9b309abf73637e4b6f9a3fa1e92e615547819,DGS-009,holdout,easy,logic,easy__accurate__neutral,factorial,accurate,neutral,onset,cba6592d30edadf408af6e66128ae2ff3a07733ac1ceff8bbbcaab4062e3539f,12.31249982357258,,0.0,,0.0,,0,false,0.325447834093602,1.1967592801297062,0.0001901167376062897,,0.0,31,-0.1388888888888889,,0.0,0.0,true,true,D,10,10,,3
phase_2,phase2-gemma-2-9b-it-2026-08-17,empirical,google/gemma-2-9b-it,11c9b309abf73637e4b6f9a3fa1e92e615547819,DGS-009,holdout,easy,logic,easy__accurate__neutral,factorial,accurate,neutral,onset_washout,edf1733be30ece324da582d79f6a86e459414968aca7a52f2fe2ec711474c7f1,12.99999953265069,,0.0,,0.0,,0,false,0.39231300649191697,1.2094744449484998,6.966770351520326e-05,,0.0,29,-0.19444444444444445,,0.0,0.0,true,true,D,10,10,,3
phase_2,phase2-gemma-2-9b-it-2026-08-17,empirical,google/gemma-2-9b-it,11c9b309abf73637e4b6f9a3fa1e92e615547819,DGS-009,holdout,easy,logic,easy__malfunctioning_always_fail__hostile,factorial,malfunctioning_always_fail,hostile,measured,529ccb7cbcbadd18361fb3c339303c554e3c7c9c8f4fefbcaaf3acd9b66755f6,,m1_invalid_final_answer,,m2_invalid_final_answer_all_ten_required,0.0,,0,false,0.2871068162935039,1.1102236188727208,0.00012513462039141763,,0.0,103,1.8611111111111112,,0.0,0.0,false,,,10,9,true,3
phase_2,phase2-gemma-2-9b-it-2026-08-17,empirical,google/gemma-2-9b-it,11c9b309abf73637e4b6f9a3fa1e92e615547819,DGS-009,holdout,easy,logic,easy__malfunctioning_always_fail__hostile,factorial,malfunctioning_always_fail,hostile,recovery,d65931f9148612ab51e740783e3d598763dfa7a73dadcd9c7b1f385668601e84,12.750000435684342,,,m2_invalid_final_answer_all_ten_required,0.0,,0,false,0.3114947713840078,1.2621263654106243,0.00010190634602859221,,0.0,97,1.6944444444444444,,0.0,0.0,true,true,D,10,8,true,3
phase_2,phase2-gemma-2-9b-it-2026-08-17,empirical,google/gemma-2-9b-it,11c9b309abf73637e4b6f9a3fa1e92e615547819,DGS-009,holdout,easy,logic,easy__malfunctioning_always_fail__neutral,factorial,malfunctioning_always_fail,neutral,measured,5098b448f9be5aead0125091bcbe5243d15e3bbf4ab05abde61c9144a7893522,12.999999739549821,,0.09999999999999998,,0.0,,0,false,0.31300371490837037,1.2354679784336524,3.7295965638762414e-05,,0.0,62,0.7222222222222222,,0.0,0.0,true,true,D,10,10,true,3
phase_2,phase2-gemma-2-9b-it-2026-08-17,empirical,google/gemma-2-9b-it,11c9b309abf73637e4b6f9a3fa1e92e615547819,DGS-009,holdout,easy,logic,easy__malfunctioning_always_fail__neutral,factorial,malfunctioning_always_fail,neutral,recovery,4e8bcc44762692cb5a2b39bb490aed5dad798ed1a2798caffa2258be71159e80,10.124999749474227,,0.0,,0.0,,0,false,0.3580738997999581,1.2533792090016034,0.00022441390970552786,,0.0,28,-0.2222222222222222,,0.0,0.0,true,true,D,10,10,true,3
phase_2,phase2-gemma-2-9b-it-2026-08-17,empirical,google/gemma-2-9b-it,11c9b309abf73637e4b6f9a3fa1e92e615547819,DGS-011,holdout,easy,logic,easy__accurate__hostile,factorial,accurate,hostile,measured,f3640f0667e5a3a6ef2eea358df726ad4c8c204169dac72e361fa9f7a5d0df84,-11.312500459083822,,0.5,,0.0,,0,false,0.2641791949323683,1.2474298500030254,0.0003910498611077883,,0.0,61,-0.031746031746031744,,0.0,0.0,true,false,B,10,10,,3
phase_2,phase2-gemma-2-9b-it-2026-08-17,empirical,google/gemma-2-9b-it,11c9b309abf73637e4b6f9a3fa1e92e615547819,DGS-011,holdout,easy,logic,easy__accurate__hostile,factorial,accurate,hostile,onset,28b02b5770d445d56a84019a645017b3fd8314185b329357468e594666d16b6f,-9.562500137835741,,,m2_invalid_final_answer_all_ten_required,0.0,,0,false,0.3438801811207877,1.2271825721045442,0.00019059954553704166,,0.0,75,0.19047619047619047,,0.0,0.0,true,false,B,10,6,,3
phase_2,phase2-gemma-2-9b-it-2026-08-17,empirical,google/gemma-2-9b-it,11c9b309abf73637e4b6f9a3fa1e92e615547819,DGS-011,holdout,easy,logic,easy__accurate__hostile,factorial,accurate,hostile,onset_washout,b4a489812fdc54b83ac255a9966a669175a805b4863ac084ab37a4d82d09fd9e,-9.250000059604645,,,m2_invalid_final_answer_all_ten_required,0.0,,0,false,0.363576268532283,1.6135379653089283,0.0020018821777663546,,0.0,65,0.031746031746031744,,0.0,0.0,true,false,B,10,9,,3
phase_2,phase2-gemma-2-9b-it-2026-08-17,empirical,google/gemma-2-9b-it,11c9b309abf73637e4b6f9a3fa1e92e615547819,DGS-011,holdout,easy,logic,easy__accurate__neutral,factorial,accurate,neutral,measured,23fe0d1765e969a7368a96249b30e15e1626464bfbb444f8b43fcd4bf8c9f74e,14.937500131127308,,0.0,,0.0,,0,false,0.2763420851327307,1.1389318534042892,8.398227896842429e-05,,0.0,63,0.0,,0.0,0.0,true,true,A,10,10,,3
phase_2,phase2-gemma-2-9b-it-2026-08-17,empirical,google/gemma-2-9b-it,11c9b309abf73637e4b6f9a3fa1e92e615547819,DGS-011,holdout,easy,logic,easy__accurate__neutral,factorial,accurate,neutral,onset,d93767951dd9f9adae8a42bd14f1e33b86fc3da54a00f6cfe7dcf688918358da,12.499999829917215,,0.0,,0.0,,0,false,0.2435023848622534,1.2612178782386023,0.00029823216950344844,,0.0,60,-0.047619047619047616,,0.0,0.0,true,true,A,10,10,,3
phase_2,phase2-gemma-2-9b-it-2026-08-17,empirical,google/gemma-2-9b-it,11c9b309abf73637e4b6f9a3fa1e92e615547819,DGS-011,holdout,easy,logic,easy__accurate__neutral,factorial,accurate,neutral,onset_washout,4b5e966a9e6b0faa159516f53394f53b828498033f3276db8d7b6b52efe663dd,14.218750406143954,,0.0,,0.0,,0,false,0.25743231664399346,1.1681291819972792,0.00011587695320412563,,0.0,42,-0.3333333333333333,,0.0,0.0,true,true,A,10,10,,3
phase_2,phase2-gemma-2-9b-it-2026-08-17,empirical,google/gemma-2-9b-it,11c9b309abf73637e4b6f9a3fa1e92e615547819,DGS-011,holdout,easy,logic,easy__malfunctioning_always_fail__hostile,factorial,malfunctioning_always_fail,hostile,measured,3a8ef12364b5253e5bdcc75f2134910515d22eb670a60e27e25a5ba65b9150a5,14.624999773252057,,0.0,,0.0,,0,false,0.3310085863791986,1.494387569054353,0.00010750249734113632,,0.0,140,1.2222222222222223,,0.0,0.0,true,true,A,10,10,true,3
phase_2,phase2-gemma-2-9b-it-2026-08-17,empirical,google/gemma-2-9b-it,11c9b309abf73637e4b6f9a3fa1e92e615547819,DGS-011,holdout,easy,logic,easy__malfunctioning_always_fail__hostile,factorial,malfunctioning_always_fail,hostile,recovery,9384262115e6539649aeb2c4dd63c107d8b4c2958f6c12bc3f8ec2899de64633,13.374999870400643,,,m2_invalid_final_answer_all_ten_required,0.0,,0,false,0.2486746918120868,1.2506036434785328,0.0002881859983137957,,0.0,63,0.0,,0.0,0.0,true,true,A,10,9,true,3
phase_2,phase2-gemma-2-9b-it-2026-08-17,empirical,google/gemma-2-9b-it,11c9b309abf73637e4b6f9a3fa1e92e615547819,DGS-011,holdout,easy,logic,easy__malfunctioning_always_fail__neutral,factorial,malfunctioning_always_fail,neutral,measured,6db3492f370a214c1a83f7fc0d4de29747911b284d07d06878aed27422380ea6,14.625000132029527,,0.0,,0.0,,0,false,0.2822788884133448,1.3817308019069754,6.0669841432138156e-05,,0.0,89,0.4126984126984127,,0.0,0.0,true,true,A,10,10,true,3
phase_2,phase2-gemma-2-9b-it-2026-08-17,empirical,google/gemma-2-9b-it,11c9b309abf73637e4b6f9a3fa1e92e615547819,DGS-011,holdout,easy,logic,easy__malfunctioning_always_fail__neutral,factorial,malfunctioning_always_fail,neutral,recovery,9aed9388b409c4bb67c575205a60d45b577bb84a51b4b80449559ff11061e4e1,12.250000147672836,,0.0,,0.0,,0,false,0.21572115687800134,1.194392633616274,0.00022253862493500087,,0.0,64,0.015873015873015872,,0.0,0.0,true,true,A,10,10,true,3
phase_2,phase2-gemma-2-9b-it-2026-08-17,empirical,google/gemma-2-9b-it,11c9b309abf73637e4b6f9a3fa1e92e615547819,DGS-013,holdout,hard,logic,hard__accurate__hostile,factorial,accurate,hostile,measured,ac020a7eef1f37fc0a58a40674eeafa941f151b284c516140e43371f442337c2,-12.937499782448867,,,m2_invalid_final_answer_all_ten_required,0.0,,0,false,0.2546007223714964,1.2199054025413516,4.858250980951739e-05,,0.059880239520958084,250,0.7482517482517482,,0.0,0.0,true,false,A,10,9,,3
phase_2,phase2-gemma-2-9b-it-2026-08-17,empirical,google/gemma-2-9b-it,11c9b309abf73637e4b6f9a3fa1e92e615547819,DGS-013,holdout,hard,logic,hard__accurate__hostile,factorial,accurate,hostile,onset,59ff2a713fc581c1ea0a59293d728d84db83e087a35b10da682609e27d3e0f3b,,m1_invalid_final_answer,,m2_invalid_final_answer_all_ten_required,0.0,,0,false,0.41196420717474386,1.5773661185040533,0.0005646444771157063,,0.03418803418803419,348,1.4335664335664335,,0.0,0.0,false,,,10,3,,3
phase_2,phase2-gemma-2-9b-it-2026-08-17,empirical,google/gemma-2-9b-it,11c9b309abf73637e4b6f9a3fa1e92e615547819,DGS-013,holdout,hard,logic,hard__accurate__hostile,factorial,accurate,hostile,onset_washout,c5290cb4c5368de51ba0cd76f37a33ad91dd47aa653ae3d58459c38fc8473b3a,,m1_invalid_final_answer,,m2_invalid_final_answer_all_ten_required,0.0,,0,false,0.3779306642679547,1.491540156625386,0.0007646159131467529,,0.05963302752293578,319,1.2307692307692308,,0.0,0.0,false,,,10,6,,3
phase_2,phase2-gemma-2-9b-it-2026-08-17,empirical,google/gemma-2-9b-it,11c9b309abf73637e4b6f9a3fa1e92e615547819,DGS-013,holdout,hard,logic,hard__accurate__neutral,factorial,accurate,neutral,measured,8b2a24cf70bf498c6cc2f479bd3932adae75292d0b807222fe4af501de05c87a,-7.12499990966171,,0.4,,0.0,,0,false,0.2541668859928536,1.251203982633606,8.322837841253564e-05,,0.042105263157894736,143,0.0,,0.0,0.0,true,false,C,10,10,,3
phase_2,phase2-gemma-2-9b-it-2026-08-17,empirical,google/gemma-2-9b-it,11c9b309abf73637e4b6f9a3fa1e92e615547819,DGS-013,holdout,hard,logic,hard__accurate__neutral,factorial,accurate,neutral,onset,ca10454255e5478a9c24485c3e5e4c26d2082c31886e6fc69efb4c3cecd3b750,-5.374999850988388,,,m2_invalid_final_answer_all_ten_required,0.0,,0,false,0.33050635901878106,1.5027174224209716,0.00030481793186787587,,0.05952380952380952,136,-0.04895104895104895,,0.0,0.0,true,false,C,10,9,,3
phase_2,phase2-gemma-2-9b-it-2026-08-17,empirical,google/gemma-2-9b-it,11c9b309abf73637e4b6f9a3fa1e92e615547819,DGS-013,holdout,hard,logic,hard__accurate__neutral,factorial,accurate,neutral,onset_washout,f90e916aa454a94ac7ca83742b14bbccbce30a70d244f05c6c22ee47112e9851,-5.312500234693289,,,m2_invalid_final_answer_all_ten_required,0.0,,0,false,0.14407754182193802,0.8867372477088213,0.00016457071051537937,,0.05714285714285714,156,0.09090909090909091,,0.0,0.0,true,false,C,10,9,,3
phase_2,phase2-gemma-2-9b-it-2026-08-17,empirical,google/gemma-2-9b-it,11c9b309abf73637e4b6f9a3fa1e92e615547819,DGS-013,holdout,hard,logic,hard__malfunctioning_always_fail__hostile,factorial,malfunctioning_always_fail,hostile,measured,bf9b19dde83011984c0fc0da6e7b65260dba7628eff50e1dc301360d0a2a637a,-11.812499714520527,,0.4,,0.0,,0,false,0.29478070605488677,1.3972037206190522,0.0004634693319916069,,0.11188811188811189,196,0.3706293706293706,,0.0,0.0,true,false,A,10,10,false,3
phase_2,phase2-gemma-2-9b-it-2026-08-17,empirical,google/gemma-2-9b-it,11c9b309abf73637e4b6f9a3fa1e92e615547819,DGS-013,holdout,hard,logic,hard__malfunctioning_always_fail__hostile,factorial,malfunctioning_always_fail,hostile,recovery,4d145e05897207f2b4b77d6706efc79968d38d9a6d54bc8bf81e3610a4e18f40,-8.374999593943357,,,m2_invalid_final_answer_all_ten_required,0.0,,0,false,0.20556078290352872,1.1201816889892777,0.00010280642577695261,,0.1111111111111111,190,0.32867132867132864,,0.0,0.0,true,false,A,10,7,false,3
phase_2,phase2-gemma-2-9b-it-2026-08-17,empirical,google/gemma-2-9b-it,11c9b309abf73637e4b6f9a3fa1e92e615547819,DGS-013,holdout,hard,logic,hard__malfunctioning_always_fail__neutral,factorial,malfunctioning_always_fail,neutral,measured,a7902cf4974573536493ced1b8d7ebbd83be377cf3d671b797a5af505b47837f,-11.562500449537765,,0.6,,0.0,,0,false,0.16769366221750456,1.0392478809347199,6.15434316956461e-05,,0.06896551724137931,172,0.20279720279720279,,0.0,0.0,true,false,C,10,10,true,3
phase_2,phase2-gemma-2-9b-it-2026-08-17,empirical,google/gemma-2-9b-it,11c9b309abf73637e4b6f9a3fa1e92e615547819,DGS-013,holdout,hard,logic,hard__malfunctioning_always_fail__neutral,factorial,malfunctioning_always_fail,neutral,recovery,5dc50ad2a22c7f691db7921c0987cdcabb710b318b59c3d63a7b0e0abfe7bdd3,-8.500000342726707,,0.7,,0.0,,0,false,0.14754692112867213,0.9119133295531727,8.390701583479013e-05,,0.08080808080808081,151,0.055944055944055944,,0.0,0.0,true,false,C,10,10,true,3
phase_2,phase2-gemma-2-9b-it-2026-08-17,empirical,google/gemma-2-9b-it,11c9b309abf73637e4b6f9a3fa1e92e615547819,DGS-016,holdout,hard,logic,hard__accurate__hostile,factorial,accurate,hostile,measured,256ad086bf31581160c77e6badeb46ff69b3f52570b68d1d0bdf0f7bf24df8d8,11.062499941064743,,0.30000000000000004,,0.0,,0,false,0.1535136397597971,0.912088931992503,7.371224172567106e-05,,0.0,113,0.0761904761904762,,0.0,0.0,true,true,D,10,10,,3
phase_2,phase2-gemma-2-9b-it-2026-08-17,empirical,google/gemma-2-9b-it,11c9b309abf73637e4b6f9a3fa1e92e615547819,DGS-016,holdout,hard,logic,hard__accurate__hostile,factorial,accurate,hostile,onset,6fd96811a621bcd5dc9921b0a5b25a88267615daca91c7ef30dcc69ddc3017b4,,m1_invalid_final_answer,,m2_invalid_final_answer_all_ten_required,0.0,,0,false,0.4035823576096811,1.6402762748365314,0.001291587136928281,,0.01098901098901099,155,0.47619047619047616,,0.0,0.0,false,,,10,7,,3
phase_2,phase2-gemma-2-9b-it-2026-08-17,empirical,google/gemma-2-9b-it,11c9b309abf73637e4b6f9a3fa1e92e615547819,DGS-016,holdout,hard,logic,hard__accurate__hostile,factorial,accurate,hostile,onset_washout,744e733b8370d2e817fc69e7117d73a0179c3e492fbce30ca422c25c0c5ad3b0,9.6874995426042,,,m2_invalid_final_answer_all_ten_required,0.0,,0,false,0.06173700970675892,0.5091747258704428,0.00019549964190681497,,0.0,113,0.0761904761904762,,0.0,0.0,true,true,D,10,9,,3
phase_2,phase2-gemma-2-9b-it-2026-08-17,empirical,google/gemma-2-9b-it,11c9b309abf73637e4b6f9a3fa1e92e615547819,DGS-016,holdout,hard,logic,hard__accurate__neutral,factorial,accurate,neutral,measured,1eda7e159da26c0ff8ce6df0f7a5e8329454b95f788c0cdfeb751ac325f59d2b,14.437499881321855,,0.4,,0.0,,0,false,0.23778983152829483,1.2140264198867838,8.606749912970766e-05,,0.07142857142857142,105,0.0,,0.0,0.0,true,true,D,10,10,,3
phase_2,phase2-gemma-2-9b-it-2026-08-17,empirical,google/gemma-2-9b-it,11c9b309abf73637e4b6f9a3fa1e92e615547819,DGS-016,holdout,hard,logic,hard__accurate__neutral,factorial,accurate,neutral,onset,c3039208ac9cf094c04645bfef834f9db473c084ece090704f48ecf0ec57036a,11.312499609775841,,0.5,,0.0,,0,false,0.35988932815122693,1.4913514805364008,0.0002473178477393312,,0.0,80,-0.23809523809523808,,0.0,0.0,true,true,D,10,10,,3
phase_2,phase2-gemma-2-9b-it-2026-08-17,empirical,google/gemma-2-9b-it,11c9b309abf73637e4b6f9a3fa1e92e615547819,DGS-016,holdout,hard,logic,hard__accurate__neutral,factorial,accurate,neutral,onset_washout,6e3f90cd4f79ce995ffbdf62ca8f95068f1ed966730ea7ce61f06187e1699fca,11.750000242849637,,0.5,,0.0,,0,false,0.13171577043006466,0.9070035125864537,9.893643261783547e-05,,0.0,80,-0.23809523809523808,,0.0,0.0,true,true,D,10,10,,3
phase_2,phase2-gemma-2-9b-it-2026-08-17,empirical,google/gemma-2-9b-it,11c9b309abf73637e4b6f9a3fa1e92e615547819,DGS-016,holdout,hard,logic,hard__malfunctioning_always_fail__hostile,factorial,malfunctioning_always_fail,hostile,measured,03d8a11db1e6897b0c4536428bce2c64842f3dc154684ccb726f26c99d557f26,9.937499853345798,,0.5,,0.0,,0,false,0.17813831954221926,0.9985848111226027,0.00014963400439535729,,0.056179775280898875,145,0.38095238095238093,,0.0,0.0,true,true,D,10,10,true,3
phase_2,phase2-gemma-2-9b-it-2026-08-17,empirical,google/gemma-2-9b-it,11c9b309abf73637e4b6f9a3fa1e92e615547819,DGS-016,holdout,hard,logic,hard__malfunctioning_always_fail__hostile,factorial,malfunctioning_always_fail,hostile,recovery,4802b22db7c33ca53826f039230dc083e54cc9d2e21369824b4dbf21181f42fe,10.750000024258043,,0.6,,0.0,,0,false,0.1348624290341972,0.9026563920105454,9.760876648191097e-05,,0.08620689655172414,107,0.01904761904761905,,0.0,0.0,true,true,D,10,10,true,3
phase_2,phase2-gemma-2-9b-it-2026-08-17,empirical,google/gemma-2-9b-it,11c9b309abf73637e4b6f9a3fa1e92e615547819,DGS-016,holdout,hard,logic,hard__malfunctioning_always_fail__neutral,factorial,malfunctioning_always_fail,neutral,measured,757becfc1ec2728cff546c2ea2ea20a1499234e7e966ffbf6ed2a247503cab60,9.56250000797445,,,m2_invalid_final_answer_all_ten_required,0.0,,0,false,0.1876862344450165,1.0134701045822825,4.404511067284496e-05,,0.0,113,0.0761904761904762,,0.0,0.0,true,true,D,10,9,true,3
phase_2,phase2-gemma-2-9b-it-2026-08-17,empirical,google/gemma-2-9b-it,11c9b309abf73637e4b6f9a3fa1e92e615547819,DGS-016,holdout,hard,logic,hard__malfunctioning_always_fail__neutral,factorial,malfunctioning_always_fail,neutral,recovery,edb6da28d1a75420cf59c34b14ff15136c460d34bd8ce4cd5d28a0dce033d854,7.999999938067049,,,m2_invalid_final_answer_all_ten_required,0.0,,0,false,0.12730489403747058,0.8863378852952531,8.085409159360123e-05,,0.08771929824561403,107,0.01904761904761905,,0.0,0.0,true,true,D,10,9,true,3
phase_2,phase2-gemma-2-9b-it-2026-08-17,empirical,google/gemma-2-9b-it,11c9b309abf73637e4b6f9a3fa1e92e615547819,DGS-017,holdout,easy,science,easy__accurate__hostile,factorial,accurate,hostile,measured,5967e5d5420287fb9524ecb9225093b44360a1628ddfc007dff44609f9c2fb98,14.874999648010998,,,m2_invalid_final_answer_all_ten_required,0.0,,0,false,0.2778582866823812,1.029077471099618,1.2839962453708548e-05,,0.0,37,0.05714285714285714,,0.0,0.0,true,true,A,10,9,,3
phase_2,phase2-gemma-2-9b-it-2026-08-17,empirical,google/gemma-2-9b-it,11c9b309abf73637e4b6f9a3fa1e92e615547819,DGS-017,holdout,easy,science,easy__accurate__hostile,factorial,accurate,hostile,onset,117d8ed5cdb29a295c6ecdf46bc5b728f97682b44dd90587b8a13be9e2f39ad7,11.249999951396603,,,m2_invalid_final_answer_all_ten_required,0.0,,0,false,0.3984984120875052,1.2711835766941246,0.00027721525736717427,,0.0,36,0.02857142857142857,,0.0,0.0,true,true,A,10,9,,3
phase_2,phase2-gemma-2-9b-it-2026-08-17,empirical,google/gemma-2-9b-it,11c9b309abf73637e4b6f9a3fa1e92e615547819,DGS-017,holdout,easy,science,easy__accurate__hostile,factorial,accurate,hostile,onset_washout,f7ee623752ed14294e34713ca5f328c08a0b0169abb8fc37fb43dc8a8f91d4fd,12.749999899373506,,,m2_invalid_final_answer_all_ten_required,0.0,,0,false,0.47666381792368706,1.1674675416582934,3.493511462144642e-05,,0.0,24,-0.3142857142857143,,0.0,0.0,true,true,A,10,9,,3
phase_2,phase2-gemma-2-9b-it-2026-08-17,empirical,google/gemma-2-9b-it,11c9b309abf73637e4b6f9a3fa1e92e615547819,DGS-017,holdout,easy,science,easy__accurate__neutral,factorial,accurate,neutral,measured,c622f57bfc6ae9af2242b3b597bbdea057de6995b9f6182b26a13e8168728f50,15.531249643667252,,0.0,,0.0,,0,false,0.3857683068203297,1.2742407756817817,5.065190877335495e-06,,0.0,35,0.0,,0.0,0.0,true,true,A,10,10,,3
phase_2,phase2-gemma-2-9b-it-2026-08-17,empirical,google/gemma-2-9b-it,11c9b309abf73637e4b6f9a3fa1e92e615547819,DGS-017,holdout,easy,science,easy__accurate__neutral,factorial,accurate,neutral,onset,85938c16713edd8f8288d11d1eca10e570c47994ff9f3e0b171c5e019d7fd529,10.875000248313881,,0.0,,0.0,,0,false,0.33357093166005464,1.1052573325342958,7.790344279359101e-05,,0.0,21,-0.4,,0.0,0.0,true,true,A,10,10,,3
phase_2,phase2-gemma-2-9b-it-2026-08-17,empirical,google/gemma-2-9b-it,11c9b309abf73637e4b6f9a3fa1e92e615547819,DGS-017,holdout,easy,science,easy__accurate__neutral,factorial,accurate,neutral,onset_washout,1a849bb7d47a7063418570cd554f4c6afef2704eaa73316fe52af82f8a88802e,12.687499542735168,,0.0,,0.0,,0,false,0.43746744490357964,1.3053938799284575,2.7128311489882107e-05,,0.0,21,-0.4,,0.0,0.0,true,true,A,10,10,,3
phase_2,phase2-gemma-2-9b-it-2026-08-17,empirical,google/gemma-2-9b-it,11c9b309abf73637e4b6f9a3fa1e92e615547819,DGS-017,holdout,easy,science,easy__malfunctioning_always_fail__hostile,factorial,malfunctioning_always_fail,hostile,measured,a477bb9f1409f6d931f4fcaf8e64a30b16b08e463b4bdc62df5e13dbfa59a2ef,13.499999528321496,,0.0,,0.0,,0,false,0.34004777505068184,1.2644485998673487,2.431275125575448e-05,,0.0,43,0.22857142857142856,,0.0,0.0,true,true,A,10,10,true,3
phase_2,phase2-gemma-2-9b-it-2026-08-17,empirical,google/gemma-2-9b-it,11c9b309abf73637e4b6f9a3fa1e92e615547819,DGS-017,holdout,easy,science,easy__malfunctioning_always_fail__hostile,factorial,malfunctioning_always_fail,hostile,recovery,b7aeebed3cedeb36c48d0c6090cbb8ee803d65c492ef7925734d67087535f20e,11.125000378771801,,0.0,,0.0,,0,false,0.3081738340136726,0.9747839673006111,5.1821056516895836e-05,,0.0,24,-0.3142857142857143,,0.0,0.0,true,true,A,10,10,true,3
phase_2,phase2-gemma-2-9b-it-2026-08-17,empirical,google/gemma-2-9b-it,11c9b309abf73637e4b6f9a3fa1e92e615547819,DGS-017,holdout,easy,science,easy__malfunctioning_always_fail__neutral,factorial,malfunctioning_always_fail,neutral,measured,43815361d6c16da5cddc42625c7db5b4b7e09aaecf0722ce0fa4f0686031cc35,12.50000037071004,,0.0,,0.0,,0,false,0.3571760057628046,1.1118486119971394,8.129484398275036e-06,,0.0,35,0.0,,0.0,0.0,true,true,A,10,10,true,3
phase_2,phase2-gemma-2-9b-it-2026-08-17,empirical,google/gemma-2-9b-it,11c9b309abf73637e4b6f9a3fa1e92e615547819,DGS-017,holdout,easy,science,easy__malfunctioning_always_fail__neutral,factorial,malfunctioning_always_fail,neutral,recovery,4c888daa5a51f500729e1842e3a619652a791b5d647cb5dbb981a4bccddbb4b8,10.124999785621185,,0.0,,0.0,,0,false,0.36753516051456536,1.151124594360387,4.864673593865917e-05,,0.0,22,-0.37142857142857144,,0.0,0.0,true,true,A,10,10,true,3
phase_2,phase2-gemma-2-9b-it-2026-08-17,empirical,google/gemma-2-9b-it,11c9b309abf73637e4b6f9a3fa1e92e615547819,DGS-019,holdout,easy,science,easy__accurate__hostile,factorial,accurate,hostile,measured,7fb51ac7dfa77346ee2ccb56c2bf18691ce2e1b4e689e576c8fbfee809fc2661,-12.437499682302587,,0.4,,0.0,,0,false,0.1674112785912558,1.0220982600756359,0.0005667011246354815,,0.012987012987012988,171,1.0602409638554218,,0.0,0.0,true,false,A,10,10,,3
phase_2,phase2-gemma-2-9b-it-2026-08-17,empirical,google/gemma-2-9b-it,11c9b309abf73637e4b6f9a3fa1e92e615547819,DGS-019,holdout,easy,science,easy__accurate__hostile,factorial,accurate,hostile,onset,2bc02b90a43c9eb7af993a275046ec7e6dbe47eef018cdd2e2314eee1b6b76b5,,m1_invalid_final_answer,,m2_invalid_final_answer_all_ten_required,0.0,,0,false,0.12444182415136429,0.866305350217499,0.0001058801924990838,,0.008547008547008548,224,1.6987951807228916,,0.0,0.0,false,,,10,5,,3
phase_2,phase2-gemma-2-9b-it-2026-08-17,empirical,google/gemma-2-9b-it,11c9b309abf73637e4b6f9a3fa1e92e615547819,DGS-019,holdout,easy,science,easy__accurate__hostile,factorial,accurate,hostile,onset_washout,8952af17193af5f6941246fd355e6457b265ab627ec925a8c4103f69e36f1659,-9.875000197032932,,,m2_invalid_final_answer_all_ten_required,0.0,,0,false,0.04275157551205417,0.3808532788582544,6.413869664470697e-05,,0.012987012987012988,171,1.0602409638554218,,0.0,0.0,true,false,A,10,9,,3
phase_2,phase2-gemma-2-9b-it-2026-08-17,empirical,google/gemma-2-9b-it,11c9b309abf73637e4b6f9a3fa1e92e615547819,DGS-019,holdout,easy,science,easy__accurate__neutral,factorial,accurate,neutral,measured,6cf9e0f99a54092d96c814197d6e1c08562581983a187f2a1f6f83ff1d9ec967,15.375000357753379,,0.0,,0.0,,0,false,0.22225107813009404,1.0672128660959237,1.937347220146926e-06,,0.0,83,0.0,,0.0,0.0,true,true,B,10,10,,3
phase_2,phase2-gemma-2-9b-it-2026-08-17,empirical,google/gemma-2-9b-it,11c9b309abf73637e4b6f9a3fa1e92e615547819,DGS-019,holdout,easy,science,easy__accurate__neutral,factorial,accurate,neutral,onset,9005afad5e1ebba46e2f6a56b7f36c1195d5efeebb2c991f59f0e84404c1316b,10.937499902618583,,0.0,,0.0,,0,false,0.10152427399130919,0.7423778383145628,6.031690134996301e-05,,0.0,55,-0.3373493975903614,,0.0,0.0,true,true,B,10,10,,3
phase_2,phase2-gemma-2-9b-it-2026-08-17,empirical,google/gemma-2-9b-it,11c9b309abf73637e4b6f9a3fa1e92e615547819,DGS-019,holdout,easy,science,easy__accurate__neutral,factorial,accurate,neutral,onset_washout,81c2b5a8e5fb0e168c97aca5b3d3ed5afcdf9c8970de98074b06d41a8a8b043a,13.187499764506356,,0.0,,0.0,,0,false,0.05494301420465872,0.45572581082776814,3.013522130668593e-05,,0.0,55,-0.3373493975903614,,0.0,0.0,true,true,B,10,10,,3
phase_2,phase2-gemma-2-9b-it-2026-08-17,empirical,google/gemma-2-9b-it,11c9b309abf73637e4b6f9a3fa1e92e615547819,DGS-019,holdout,easy,science,easy__malfunctioning_always_fail__hostile,factorial,malfunctioning_always_fail,hostile,measured,2aa244bf4e2057c785c7ed0478c0fad917e711c6ad11bbdd382d74bb649fd667,11.624999804771505,,0.0,,0.0,,0,false,0.31966997949051296,1.5026144110825894,0.0007127435892593044,,0.0,98,0.18072289156626506,,0.0,0.0,true,true,B,10,10,true,3
phase_2,phase2-gemma-2-9b-it-2026-08-17,empirical,google/gemma-2-9b-it,11c9b309abf73637e4b6f9a3fa1e92e615547819,DGS-019,holdout,easy,science,easy__malfunctioning_always_fail__hostile,factorial,malfunctioning_always_fail,hostile,recovery,72c50cd456348acd3e04fe573f951a72da6452c11065f31ecbf06c2d30ddf3f4,11.874999808205757,,0.0,,0.0,,0,false,0.2437834813635047,1.5577274516196642,0.001050855028741946,,0.0,97,0.1686746987951807,,0.0,0.0,true,true,B,10,10,true,3
phase_2,phase2-gemma-2-9b-it-2026-08-17,empirical,google/gemma-2-9b-it,11c9b309abf73637e4b6f9a3fa1e92e615547819,DGS-019,holdout,easy,science,easy__malfunctioning_always_fail__neutral,factorial,malfunctioning_always_fail,neutral,measured,405f370e3442a2e8fbe2c5c53766480b83f178271fd5b9f8f71f19219b05b59d,13.124999882173142,,0.0,,0.0,,0,false,0.18463467666192337,1.070038664819743,6.869958135248903e-05,,0.02040816326530612,89,0.07228915662650602,,0.0,0.0,true,true,B,10,10,true,3
phase_2,phase2-gemma-2-9b-it-2026-08-17,empirical,google/gemma-2-9b-it,11c9b309abf73637e4b6f9a3fa1e92e615547819,DGS-019,holdout,easy,science,easy__malfunctioning_always_fail__neutral,factorial,malfunctioning_always_fail,neutral,recovery,c5903a4bbca1d60e6c58f0bd83387c0bffead8cb9c9e76c6d86ed3a3e3ce982e,10.499999794061296,,0.0,,0.0,,0,false,0.08202616716203558,0.7192540059717776,0.0001367604583963553,,0.015625,109,0.3132530120481928,,0.0,0.0,true,true,B,10,10,true,3
phase_2,phase2-gemma-2-9b-it-2026-08-17,empirical,google/gemma-2-9b-it,11c9b309abf73637e4b6f9a3fa1e92e615547819,DGS-021,holdout,hard,science,hard__accurate__hostile,factorial,accurate,hostile,measured,be566172b082638c46cd030207801cea824704f4deb0c766c98fa5b0f542c8de,12.874999526968168,,,m2_invalid_final_answer_all_ten_required,0.0,,0,false,0.07288389386157751,0.6259490684644649,2.11245778293454e-05,,0.07555555555555556,394,0.3586206896551724,,0.0,0.0,true,true,C,10,8,,3
phase_2,phase2-gemma-2-9b-it-2026-08-17,empirical,google/gemma-2-9b-it,11c9b309abf73637e4b6f9a3fa1e92e615547819,DGS-021,holdout,hard,science,hard__accurate__hostile,factorial,accurate,hostile,onset,4bf6d14acb41eedc8bb3cfe69acf4dcc1635257680ae162325b075ecc6b34884,,m1_invalid_final_answer,,m2_invalid_final_answer_all_ten_required,0.0,,0,false,0.12318722621486601,0.9261814034851307,5.9760174859196056e-05,,0.025089605734767026,466,0.6068965517241379,,0.3546099290780142,0.0,false,,,10,2,,3
phase_2,phase2-gemma-2-9b-it-2026-08-17,empirical,google/gemma-2-9b-it,11c9b309abf73637e4b6f9a3fa1e92e615547819,DGS-021,holdout,hard,science,hard__accurate__hostile,factorial,accurate,hostile,onset_washout,bd4165b5772a127e2086064874d2a9e6b1438077cdfa1ffd2a4878c7ece78a2c,11.93750024419569,,,m2_invalid_final_answer_all_ten_required,0.0,,0,false,0.02010615711446417,0.19002917222460827,2.3801070561016487e-05,,0.0794392523364486,377,0.3,,0.0,0.0,true,true,C,10,7,,3
phase_2,phase2-gemma-2-9b-it-2026-08-17,empirical,google/gemma-2-9b-it,11c9b309abf73637e4b6f9a3fa1e92e615547819,DGS-021,holdout,hard,science,hard__accurate__neutral,factorial,accurate,neutral,measured,7a314a276e5c5f6663a88dcb3ca5de0885850980a89f4668286d0dd5d33914f0,13.375000357926183,,0.0,,0.0,,0,false,0.0868993790524954,0.7086364623793409,1.7307953937244645e-05,,0.05517241379310345,290,0.0,,0.0,0.0,true,true,C,10,10,,3
phase_2,phase2-gemma-2-9b-it-2026-08-17,empirical,google/gemma-2-9b-it,11c9b309abf73637e4b6f9a3fa1e92e615547819,DGS-021,holdout,hard,science,hard__accurate__neutral,factorial,accurate,neutral,onset,a04a46b2c365053576041ae96a28672713a364835e3b755dd274f60118e2e204,10.625000385509338,,,m2_invalid_final_answer_all_ten_required,0.0,,0,false,0.03997460318002726,0.353444840506027,0.00010689264514697171,,0.06358381502890173,320,0.10344827586206896,,0.0,0.0,true,true,C,10,8,,3
phase_2,phase2-gemma-2-9b-it-2026-08-17,empirical,google/gemma-2-9b-it,11c9b309abf73637e4b6f9a3fa1e92e615547819,DGS-021,holdout,hard,science,hard__accurate__neutral,factorial,accurate,neutral,onset_washout,b9fc7271801d1152b20a8db9362da1ab39ff0151e3390d3c432c3961626bfbf9,,m1_invalid_final_answer,,m2_invalid_final_answer_all_ten_required,0.0,,0,false,0.014005958848704614,0.1311191003679171,1.1177948004022786e-05,,0.06321839080459771,321,0.10689655172413794,,0.0,0.0,false,,,10,6,,3
phase_2,phase2-gemma-2-9b-it-2026-08-17,empirical,google/gemma-2-9b-it,11c9b309abf73637e4b6f9a3fa1e92e615547819,DGS-021,holdout,hard,science,hard__malfunctioning_always_fail__hostile,factorial,malfunctioning_always_fail,hostile,measured,b0996b5350713f52e453839b7195518ef691d118d1b7759d735a655876b87ae7,12.81249952656799,,0.0,,0.0,,0,false,0.20723211999652855,1.1381056145753696,0.00012070006190308682,,0.0851063829787234,314,0.08275862068965517,,0.0,0.0,true,true,C,10,10,true,3
phase_2,phase2-gemma-2-9b-it-2026-08-17,empirical,google/gemma-2-9b-it,11c9b309abf73637e4b6f9a3fa1e92e615547819,DGS-021,holdout,hard,science,hard__malfunctioning_always_fail__hostile,factorial,malfunctioning_always_fail,hostile,recovery,0b5120aa6dbde069b9ae0bbf1ec2f07d4098505a2bf3a1bafcce83da39b2a017,11.375000022613676,,,m2_invalid_final_answer_all_ten_required,0.0,,0,false,0.1589819413583341,1.0450483355316567,0.00016550648363639097,,0.07352941176470588,356,0.22758620689655173,,0.0,0.0,true,true,C,10,7,true,3
phase_2,phase2-gemma-2-9b-it-2026-08-17,empirical,google/gemma-2-9b-it,11c9b309abf73637e4b6f9a3fa1e92e615547819,DGS-021,holdout,hard,science,hard__malfunctioning_always_fail__neutral,factorial,malfunctioning_always_fail,neutral,measured,beffcb42da808f7c1fd2532846fe7b0591726642fb48fdcbc2f46fa0ac9dd597,11.062500121894118,,0.0,,0.0,,0,false,0.2580156713407612,1.4074971311547257,0.000264087857233079,,0.022900763358778626,230,-0.20689655172413793,,0.0,0.0,true,true,C,10,10,true,3
phase_2,phase2-gemma-2-9b-it-2026-08-17,empirical,google/gemma-2-9b-it,11c9b309abf73637e4b6f9a3fa1e92e615547819,DGS-021,holdout,hard,science,hard__malfunctioning_always_fail__neutral,factorial,malfunctioning_always_fail,neutral,recovery,7cbbbe8a7586734e4bd89456f72c58407adbfa0b0855afa76bc204b821853317,9.000000233267201,,,m2_invalid_final_answer_all_ten_required,0.0,,0,false,0.01515752342515212,0.13821593375075195,1.4389990748355019e-05,,0.05521472392638037,313,0.07931034482758621,,0.0,0.0,true,true,C,10,6,true,3
phase_2,phase2-gemma-2-9b-it-2026-08-17,empirical,google/gemma-2-9b-it,11c9b309abf73637e4b6f9a3fa1e92e615547819,DGS-024,holdout,hard,science,hard__accurate__hostile,factorial,accurate,hostile,measured,ea1778e9f4799c324062f575a02d47a38ba82ae319b19c57bc0026a6b04fabca,-11.68750040177838,,,m2_invalid_final_answer_all_ten_required,0.0,,0,false,0.1134137897293599,0.7361599831223964,3.6711996532678007e-05,,0.04242424242424243,251,0.12556053811659193,,0.0,0.0,true,false,B,10,9,,3
phase_2,phase2-gemma-2-9b-it-2026-08-17,empirical,google/gemma-2-9b-it,11c9b309abf73637e4b6f9a3fa1e92e615547819,DGS-024,holdout,hard,science,hard__accurate__hostile,factorial,accurate,hostile,onset,7dce7b8e3ebf640708f4d6a12dedea88d5b9253fe0903304151526963b53fc2a,,m1_invalid_final_answer,,m2_invalid_final_answer_all_ten_required,0.0,,0,false,0.24588087912954384,1.1931046816079547,9.297086052183764e-05,,0.01293103448275862,345,0.547085201793722,,0.0,0.0,false,,,10,5,,3
phase_2,phase2-gemma-2-9b-it-2026-08-17,empirical,google/gemma-2-9b-it,11c9b309abf73637e4b6f9a3fa1e92e615547819,DGS-024,holdout,hard,science,hard__accurate__hostile,factorial,accurate,hostile,onset_washout,71e4edc97c75cec3e3d9f859bef3a0f3f44022bf92618dba90a55d8f121e3608,-8.562499946216121,,,m2_invalid_final_answer_all_ten_required,0.0,,0,false,0.17192516050793977,1.1484353477181282,0.00012145516813506491,,0.0125,259,0.16143497757847533,,0.0,0.0,true,false,B,10,7,,3
phase_2,phase2-gemma-2-9b-it-2026-08-17,empirical,google/gemma-2-9b-it,11c9b309abf73637e4b6f9a3fa1e92e615547819,DGS-024,holdout,hard,science,hard__accurate__neutral,factorial,accurate,neutral,measured,209fe2ff672111047832d50436d0320946c8b44b7555f922f6c29ecb38b40d00,14.125000120046025,,,m2_invalid_final_answer_all_ten_required,0.0,,0,false,0.2687253618174713,1.2459646611784587,0.00013819811231628127,,0.013157894736842105,223,0.0,,0.0,0.0,true,true,D,10,7,,3
phase_2,phase2-gemma-2-9b-it-2026-08-17,empirical,google/gemma-2-9b-it,11c9b309abf73637e4b6f9a3fa1e92e615547819,DGS-024,holdout,hard,science,hard__accurate__neutral,factorial,accurate,neutral,onset,b8f6cc319291ac655fde232a62dc618cd7c5550b38b6bac9b0a33c7d16b01740,12.062500131563866,,,m2_invalid_final_answer_all_ten_required,0.0,,0,false,0.13662904135874807,0.9804321448412202,0.0001633943751097232,,0.0,71,-0.6816143497757847,,0.0,0.0,true,true,D,10,7,,3
phase_2,phase2-gemma-2-9b-it-2026-08-17,empirical,google/gemma-2-9b-it,11c9b309abf73637e4b6f9a3fa1e92e615547819,DGS-024,holdout,hard,science,hard__accurate__neutral,factorial,accurate,neutral,onset_washout,59966c408d283c805e3fcd37def0e4312a25fa498469bfe18a821c75d0cf3635,12.312499887797458,,,m2_invalid_final_answer_all_ten_required,0.0,,0,false,0.1001941595873229,0.7635026893875796,5.1210389345983784e-05,,0.0,85,-0.6188340807174888,,0.0,0.0,true,true,D,10,6,,3
phase_2,phase2-gemma-2-9b-it-2026-08-17,empirical,google/gemma-2-9b-it,11c9b309abf73637e4b6f9a3fa1e92e615547819,DGS-024,holdout,hard,science,hard__malfunctioning_always_fail__hostile,factorial,malfunctioning_always_fail,hostile,measured,16267d1544f9987d3771f25e1426bc8b93e23b113686994d298c1dcf744acf7b,,m1_invalid_final_answer,,m2_invalid_final_answer_all_ten_required,0.0,,0,false,0.13685342929199965,0.8843844776760144,5.996879329984939e-05,,0.007633587786259542,225,0.008968609865470852,,0.0,0.0,false,,,10,5,true,3
phase_2,phase2-gemma-2-9b-it-2026-08-17,empirical,google/gemma-2-9b-it,11c9b309abf73637e4b6f9a3fa1e92e615547819,DGS-024,holdout,hard,science,hard__malfunctioning_always_fail__hostile,factorial,malfunctioning_always_fail,hostile,recovery,948fc6f657fb921d41ed802003895702c9fb881e4bdda4417ea4ea44148f1886,,m1_invalid_final_answer,,m2_invalid_final_answer_all_ten_required,0.0,,0,false,0.09191813765407389,0.7705229893915035,9.380894174688652e-05,,0.007407407407407408,231,0.03587443946188341,,0.0,0.0,false,,,10,4,true,3
phase_2,phase2-gemma-2-9b-it-2026-08-17,empirical,google/gemma-2-9b-it,11c9b309abf73637e4b6f9a3fa1e92e615547819,DGS-024,holdout,hard,science,hard__malfunctioning_always_fail__neutral,factorial,malfunctioning_always_fail,neutral,measured,f08daf8e887496176a8cdd527c24d8c299105e92044cddfd115d7e74211eebc3,,m1_invalid_final_answer,,m2_invalid_final_answer_all_ten_required,0.0,,0,false,0.20763142522878208,1.2600651842522175,6.747228451524713e-05,,0.0,197,-0.11659192825112108,,0.0,0.0,false,,,10,9,true,3
phase_2,phase2-gemma-2-9b-it-2026-08-17,empirical,google/gemma-2-9b-it,11c9b309abf73637e4b6f9a3fa1e92e615547819,DGS-024,holdout,hard,science,hard__malfunctioning_always_fail__neutral,factorial,malfunctioning_always_fail,neutral,recovery,57dda2c8620d2a8628f4a90b924be9329bff6f9f10bc3b308b442f7594689b69,12.499999660081812,,,m2_invalid_final_answer_all_ten_required,0.0,,0,false,0.10173313478580538,0.8141931762535719,8.725765346365772e-05,,0.0,72,-0.6771300448430493,,0.0,0.0,true,true,D,10,9,true,3
phase_2,phase2-gemma-2-9b-it-2026-08-17,empirical,google/gemma-2-9b-it,11c9b309abf73637e4b6f9a3fa1e92e615547819,DGS-025,holdout,easy,language,easy__accurate__hostile,factorial,accurate,hostile,measured,e18db172f632e11b61fa19c03dee63e35257cbfa6e0e7daef18031e6e7d13703,-12.68750037276186,,0.4,,0.0,,0,false,0.21356257046955926,1.2452517784882557,0.0009440586305184095,,0.015625,100,0.5151515151515151,,0.0,0.0,true,false,B,10,10,,3
phase_2,phase2-gemma-2-9b-it-2026-08-17,empirical,google/gemma-2-9b-it,11c9b309abf73637e4b6f9a3fa1e92e615547819,DGS-025,holdout,easy,language,easy__accurate__hostile,factorial,accurate,hostile,onset,045d30a027ff4bf260a051f5b5cca6f5fb0ea8be31c401542e45a098d232042e,-12.562500269152224,,,m2_invalid_final_answer_all_ten_required,0.0,,0,false,0.30827039245195703,1.532379081889806,0.001261335249238735,,0.0,65,-0.015151515151515152,,0.0,0.0,true,false,B,10,9,,3
phase_2,phase2-gemma-2-9b-it-2026-08-17,empirical,google/gemma-2-9b-it,11c9b309abf73637e4b6f9a3fa1e92e615547819,DGS-025,holdout,easy,language,easy__accurate__hostile,factorial,accurate,hostile,onset_washout,fa9e7970bc88ce80e67cd80e0351efaee27981b97b0c8904a8eedd90ac048c59,-10.749999925494194,,0.30000000000000004,,0.0,,0,false,0.23034642193875143,1.2557484410187154,0.0003739823878080692,,0.02040816326530612,82,0.24242424242424243,,0.0,0.0,true,false,B,10,10,,3
phase_2,phase2-gemma-2-9b-it-2026-08-17,empirical,google/gemma-2-9b-it,11c9b309abf73637e4b6f9a3fa1e92e615547819,DGS-025,holdout,easy,language,easy__accurate__neutral,factorial,accurate,neutral,measured,a8dd647efbf921748bf890bc469cc03c82df539b37c64c715a4810112e42c6ec,12.750000148749677,,0.09999999999999998,,0.0,,0,false,0.37605774143877696,1.371506158703301,0.0003740221479232031,,0.0,66,0.0,,0.0,0.0,true,true,C,10,10,,3
phase_2,phase2-gemma-2-9b-it-2026-08-17,empirical,google/gemma-2-9b-it,11c9b309abf73637e4b6f9a3fa1e92e615547819,DGS-025,holdout,easy,language,easy__accurate__neutral,factorial,accurate,neutral,onset,7a2431ace8727bd11606ca959ad67bb61a27693c496091e675dbd993eda756a5,10.187499603169272,,0.09999999999999998,,0.0,,0,false,0.22961582569602032,1.2202471202693561,0.0005263363089144508,,0.0,60,-0.09090909090909091,,0.0,0.0,true,true,C,10,10,,3
phase_2,phase2-gemma-2-9b-it-2026-08-17,empirical,google/gemma-2-9b-it,11c9b309abf73637e4b6f9a3fa1e92e615547819,DGS-025,holdout,easy,language,easy__accurate__neutral,factorial,accurate,neutral,onset_washout,221def1ddc7ba741cb82bbcd8caae7526edc93ec3db37cb478f14642ab36d39d,12.500000243700924,,0.09999999999999998,,0.0,,0,false,0.0895410976253396,0.5927617275188194,8.607346948384386e-05,,0.0,60,-0.09090909090909091,,0.0,0.0,true,true,C,10,10,,3
phase_2,phase2-gemma-2-9b-it-2026-08-17,empirical,google/gemma-2-9b-it,11c9b309abf73637e4b6f9a3fa1e92e615547819,DGS-025,holdout,easy,language,easy__malfunctioning_always_fail__hostile,factorial,malfunctioning_always_fail,hostile,measured,86db556670d798089d527d22d2edff205679c9ab2463fe8c9f890c49f285f0fe,14.125000378291588,,0.4,,0.0,,0,false,0.3870861960534907,1.2625777478436861,0.00011157446706247816,,0.0,47,-0.2878787878787879,,0.0,0.0,true,true,C,10,10,true,3
phase_2,phase2-gemma-2-9b-it-2026-08-17,empirical,google/gemma-2-9b-it,11c9b309abf73637e4b6f9a3fa1e92e615547819,DGS-025,holdout,easy,language,easy__malfunctioning_always_fail__hostile,factorial,malfunctioning_always_fail,hostile,recovery,a2822549f25e6cd7e825094debeeec2aa6957108a7c6227a1bb0ef5346725b82,12.374999666702934,,0.09999999999999998,,0.0,,0,false,0.29028157528817394,1.2546000181216894,0.0002544876226310897,,0.0,43,-0.3484848484848485,,0.0,0.0,true,true,C,10,10,true,3
phase_2,phase2-gemma-2-9b-it-2026-08-17,empirical,google/gemma-2-9b-it,11c9b309abf73637e4b6f9a3fa1e92e615547819,DGS-025,holdout,easy,language,easy__malfunctioning_always_fail__neutral,factorial,malfunctioning_always_fail,neutral,measured,fff811f859396f69b56009bdabea37d2c0630da321fa7a242f68dbac1876cc86,11.875000449130312,,0.0,,0.0,,0,false,0.2936771191095849,1.2525272430034595,3.25797245764819e-05,,0.0,44,-0.3333333333333333,,0.0,0.0,true,true,C,10,10,true,3
phase_2,phase2-gemma-2-9b-it-2026-08-17,empirical,google/gemma-2-9b-it,11c9b309abf73637e4b6f9a3fa1e92e615547819,DGS-025,holdout,easy,language,easy__malfunctioning_always_fail__neutral,factorial,malfunctioning_always_fail,neutral,recovery,88aa554441f3ab1768c1575932048b9770505d681855021820b46589e075dbb4,10.062500339292455,,0.09999999999999998,,0.0,,0,false,0.1780732113779044,1.0024706594568773,0.00012615494500001212,,0.0,60,-0.09090909090909091,,0.0,0.0,true,true,C,10,10,true,3
phase_2,phase2-gemma-2-9b-it-2026-08-17,empirical,google/gemma-2-9b-it,11c9b309abf73637e4b6f9a3fa1e92e615547819,DGS-027,holdout,easy,language,easy__accurate__hostile,factorial,accurate,hostile,measured,5546c43ecb3230f50ee60c6dc7294c6030fea52874ff4929fb371a88833068c9,11.124999807914719,,0.30000000000000004,,0.0,,0,false,0.3223702245447061,1.3190886221855107,0.00017059515980489856,,0.0,107,0.6984126984126984,,0.0,0.0,true,true,A,10,10,,3
phase_2,phase2-gemma-2-9b-it-2026-08-17,empirical,google/gemma-2-9b-it,11c9b309abf73637e4b6f9a3fa1e92e615547819,DGS-027,holdout,easy,language,easy__accurate__hostile,factorial,accurate,hostile,onset,80dd29aba69943292ad59d61e2d9149ac749297024e43895afe70dd1c5d4a734,,m1_invalid_final_answer,,m2_invalid_final_answer_all_ten_required,0.0,,0,false,0.4839111494474288,1.3715185330935316,0.0003578261192522629,,0.0,64,0.015873015873015872,,1.8867924528301887,0.0,false,,,10,9,,3
phase_2,phase2-gemma-2-9b-it-2026-08-17,empirical,google/gemma-2-9b-it,11c9b309abf73637e4b6f9a3fa1e92e615547819,DGS-027,holdout,easy,language,easy__accurate__hostile,factorial,accurate,hostile,onset_washout,c3d6e1d39515724a930b1f139bc366b55725abc7c180503e52d4a8112e96ba14,8.749999656924047,,0.19999999999999996,,,m3_zero_visible_reasoning_tokens,0,false,0.5100097591139543,1.825567253847013,0.0101627550387009,,0.0,5,-0.9206349206349206,,0.0,0.0,true,true,A,10,10,,3
phase_2,phase2-gemma-2-9b-it-2026-08-17,empirical,google/gemma-2-9b-it,11c9b309abf73637e4b6f9a3fa1e92e615547819,DGS-027,holdout,easy,language,easy__accurate__neutral,factorial,accurate,neutral,measured,cedf4de8e17bd56cf381e845645009b45fbb69e36bfbad86f7906f00c474607a,14.18750024572364,,0.0,,0.0,,0,false,0.4237775469958068,1.5035599341275334,0.0005992442408387674,,0.0,63,0.0,,0.0,0.0,true,true,A,10,10,,3
phase_2,phase2-gemma-2-9b-it-2026-08-17,empirical,google/gemma-2-9b-it,11c9b309abf73637e4b6f9a3fa1e92e615547819,DGS-027,holdout,easy,language,easy__accurate__neutral,factorial,accurate,neutral,onset,a4881bd55cba806ec43313c9c9acebbb05c453f079c1cda07469b1e2ace0d1f0,8.74999987706542,,0.0,,0.0,,0,false,0.13693545363739842,0.8144161693285756,0.0006560032098139176,,0.0,102,0.6190476190476191,,0.0,0.0,true,true,A,10,10,,3
phase_2,phase2-gemma-2-9b-it-2026-08-17,empirical,google/gemma-2-9b-it,11c9b309abf73637e4b6f9a3fa1e92e615547819,DGS-027,holdout,easy,language,easy__accurate__neutral,factorial,accurate,neutral,onset_washout,b54735795456c2f28f77d39d2d620e086e9aacd1d8883f4d5b5e27165f69f183,12.749999892737833,,0.0,,0.0,,0,false,0.04022143459732324,0.3107802187935977,7.372937944227994e-05,,0.0,102,0.6190476190476191,,0.0,0.0,true,true,A,10,10,,3
phase_2,phase2-gemma-2-9b-it-2026-08-17,empirical,google/gemma-2-9b-it,11c9b309abf73637e4b6f9a3fa1e92e615547819,DGS-027,holdout,easy,language,easy__malfunctioning_always_fail__hostile,factorial,malfunctioning_always_fail,hostile,measured,940edaf565f1f3b4426f5c4304cffe0d7dbed0643a604cb8b9a068ba6c290c69,-10.624999774154276,,0.09999999999999998,,0.0,,0,false,0.47554107286017,1.64259265256941,0.0014274372617519235,,0.0,112,0.7777777777777778,,0.0,0.0,true,false,C,10,10,true,3
phase_2,phase2-gemma-2-9b-it-2026-08-17,empirical,google/gemma-2-9b-it,11c9b309abf73637e4b6f9a3fa1e92e615547819,DGS-027,holdout,easy,language,easy__malfunctioning_always_fail__hostile,factorial,malfunctioning_always_fail,hostile,recovery,7f999045b0a2b3f98f7f7eaf6fefb02a262a3fbdedd9cfc2e5209a7e5f0bcb7f,-9.500000455765985,,,m2_invalid_final_answer_all_ten_required,0.0,,0,false,0.2969151537397902,1.2117457398725955,0.0007789969710328354,,0.0,146,1.3174603174603174,,0.0,0.0,true,false,C,10,8,true,3
phase_2,phase2-gemma-2-9b-it-2026-08-17,empirical,google/gemma-2-9b-it,11c9b309abf73637e4b6f9a3fa1e92e615547819,DGS-027,holdout,easy,language,easy__malfunctioning_always_fail__neutral,factorial,malfunctioning_always_fail,neutral,measured,f095221026ab842d400d96e918cc7bcf75595df650de4fc82c8943a74b32720c,9.12499998183921,,0.09999999999999998,,0.0,,0,false,0.43294585214364645,1.5207381223809768,0.0005295773588347619,,0.01694915254237288,94,0.49206349206349204,,0.0,0.0,true,true,A,10,10,true,3
phase_2,phase2-gemma-2-9b-it-2026-08-17,empirical,google/gemma-2-9b-it,11c9b309abf73637e4b6f9a3fa1e92e615547819,DGS-027,holdout,easy,language,easy__malfunctioning_always_fail__neutral,factorial,malfunctioning_always_fail,neutral,recovery,d9d47ef261171d27598b0f1db5138a8bd98298728758ad206aa917a600b1da81,10.125000292784534,,,m2_invalid_final_answer_all_ten_required,0.0,,0,false,0.34033495247521267,1.5033600584587061,0.0004684437315211913,,0.0,55,-0.12698412698412698,,0.0,0.0,true,true,A,10,9,true,3
phase_2,phase2-gemma-2-9b-it-2026-08-17,empirical,google/gemma-2-9b-it,11c9b309abf73637e4b6f9a3fa1e92e615547819,DGS-029,holdout,hard,language,hard__accurate__hostile,factorial,accurate,hostile,measured,b3339c68542bc2e6c8c940ca8054814bfeab2fdcb91189b4a48fbe1cbb319d16,13.062499767518602,,,m2_invalid_final_answer_all_ten_required,0.0,,0,false,0.3640354060480716,1.3476727670590096,0.0005621818027625761,,0.05084745762711865,88,-0.03296703296703297,,0.0,0.0,true,true,B,10,9,,3
phase_2,phase2-gemma-2-9b-it-2026-08-17,empirical,google/gemma-2-9b-it,11c9b309abf73637e4b6f9a3fa1e92e615547819,DGS-029,holdout,hard,language,hard__accurate__hostile,factorial,accurate,hostile,onset,93cf2c5c78af5f3b6ef9d78e50039070610c2befbda7dd366b8e4032464ffae4,10.125000306987204,,,m2_invalid_final_answer_all_ten_required,0.0,,0,false,0.45404970448285653,1.4117403648650817,0.0004538156608073442,,0.03125,134,0.4725274725274725,,0.0,0.0,true,true,B,10,3,,3
phase_2,phase2-gemma-2-9b-it-2026-08-17,empirical,google/gemma-2-9b-it,11c9b309abf73637e4b6f9a3fa1e92e615547819,DGS-029,holdout,hard,language,hard__accurate__hostile,factorial,accurate,hostile,onset_washout,046638601004ae6dc6aeeb92e7614db95614a2e1d022ddcedaee9c49e24c43f6,12.06250036675192,,,m2_invalid_final_answer_all_ten_required,0.0,,0,false,0.11831073805636065,0.8614775153715053,0.00041002307399435223,,0.05084745762711865,87,-0.04395604395604396,,0.0,0.0,true,true,B,10,9,,3
phase_2,phase2-gemma-2-9b-it-2026-08-17,empirical,google/gemma-2-9b-it,11c9b309abf73637e4b6f9a3fa1e92e615547819,DGS-029,holdout,hard,language,hard__accurate__neutral,factorial,accurate,neutral,measured,5d6abd017e029adcb5ba2c39f5c4ecd8037a5421c98a0c310925d326ca765883,14.125000120951881,,0.0,,0.0,,0,false,0.2806810136630463,1.391343214374166,0.00020410019935557732,,0.045454545454545456,91,0.0,,1.4492753623188406,0.0,true,true,B,10,10,,3
phase_2,phase2-gemma-2-9b-it-2026-08-17,empirical,google/gemma-2-9b-it,11c9b309abf73637e4b6f9a3fa1e92e615547819,DGS-029,holdout,hard,language,hard__accurate__neutral,factorial,accurate,neutral,onset,5aa0b31aa50fdd4d5680919f4ab39ec0d868273ceaa67f209fd4eda1f5781a28,12.5624997657942,,0.0,,0.0,,0,false,0.08828446249695034,0.7034145298704424,6.025684142873909e-05,,0.0,66,-0.27472527472527475,,0.0,0.0,true,true,B,10,10,,3
phase_2,phase2-gemma-2-9b-it-2026-08-17,empirical,google/gemma-2-9b-it,11c9b309abf73637e4b6f9a3fa1e92e615547819,DGS-029,holdout,hard,language,hard__accurate__neutral,factorial,accurate,neutral,onset_washout,40f903ae3a4abaedafa10943753104a99963a58cb056e174a1381c6c69a1a966,13.43750023910252,,0.0,,0.0,,0,false,0.034610299711702805,0.30173078105294515,4.3287739748332896e-05,,0.0,66,-0.27472527472527475,,0.0,0.0,true,true,B,10,10,,3
phase_2,phase2-gemma-2-9b-it-2026-08-17,empirical,google/gemma-2-9b-it,11c9b309abf73637e4b6f9a3fa1e92e615547819,DGS-029,holdout,hard,language,hard__malfunctioning_always_fail__hostile,factorial,malfunctioning_always_fail,hostile,measured,09182368cc06be96fbaacbd4430f5fc14ac72e06244517c2bfbb665a2ef9c7b7,12.062499576510163,,0.09999999999999998,,0.0,,0,false,0.32126612785120434,1.4361762467342452,0.00024119434283589956,,0.04477611940298507,97,0.06593406593406594,,0.0,0.0,true,true,B,10,10,true,3
phase_2,phase2-gemma-2-9b-it-2026-08-17,empirical,google/gemma-2-9b-it,11c9b309abf73637e4b6f9a3fa1e92e615547819,DGS-029,holdout,hard,language,hard__malfunctioning_always_fail__hostile,factorial,malfunctioning_always_fail,hostile,recovery,e2e4b3a2cd24ff8a855c062caf625bd99cb974b0a414a36ffa13f97e8038a188,10.874999979132554,,,m2_invalid_final_answer_all_ten_required,0.0,,0,false,0.3230804181080815,1.5425195605427051,0.0011174246723390901,,0.05263157894736842,80,-0.12087912087912088,,0.0,0.0,true,true,B,10,9,true,3
phase_2,phase2-gemma-2-9b-it-2026-08-17,empirical,google/gemma-2-9b-it,11c9b309abf73637e4b6f9a3fa1e92e615547819,DGS-029,holdout,hard,language,hard__malfunctioning_always_fail__neutral,factorial,malfunctioning_always_fail,neutral,measured,2b218b5b11af6f5a6f3a7e9418625222676a90349ed5d4f189a1ddd508084444,12.43750000828004,,0.0,,0.0,,0,false,0.49330593087809194,1.6699780542345506,0.0005562540065315524,,0.0,74,-0.18681318681318682,,0.0,0.0,true,true,B,10,10,true,3
phase_2,phase2-gemma-2-9b-it-2026-08-17,empirical,google/gemma-2-9b-it,11c9b309abf73637e4b6f9a3fa1e92e615547819,DGS-029,holdout,hard,language,hard__malfunctioning_always_fail__neutral,factorial,malfunctioning_always_fail,neutral,recovery,ac32dda1684799766317593ed74f32bbfb4b11c0e62f9525ed28ff04c5e8fb20,10.500000217027264,,0.19999999999999996,,0.0,,0,false,0.3016463821988396,1.181128953605233,0.0003751754275124517,,0.0,66,-0.27472527472527475,,0.0,0.0,true,true,B,10,10,true,3
phase_2,phase2-gemma-2-9b-it-2026-08-17,empirical,google/gemma-2-9b-it,11c9b309abf73637e4b6f9a3fa1e92e615547819,DGS-031,holdout,hard,language,hard__accurate__hostile,factorial,accurate,hostile,measured,9e0ef35a69845db482148402c5b0f8ba6515bc0a8bd9b699d3d4d228e1ce16be,-14.312500218278728,,0.5,,0.0,,0,false,0.5124428322069137,1.5895440823654436,0.0005452037080784974,,0.0,93,0.576271186440678,,0.0,0.0,true,false,A,10,10,,3
phase_2,phase2-gemma-2-9b-it-2026-08-17,empirical,google/gemma-2-9b-it,11c9b309abf73637e4b6f9a3fa1e92e615547819,DGS-031,holdout,hard,language,hard__accurate__hostile,factorial,accurate,hostile,onset,b5474c8934da3e1ce92233a54549dbfd7042a722838e95f6c1a2d8ce3f7d775a,-9.999999651685357,,,m2_invalid_final_answer_all_ten_required,0.0,,0,false,0.42878708998878917,1.426723855201066,0.00021358191480289003,,0.0,102,0.7288135593220338,,0.0,0.0,true,false,A,10,3,,3
phase_2,phase2-gemma-2-9b-it-2026-08-17,empirical,google/gemma-2-9b-it,11c9b309abf73637e4b6f9a3fa1e92e615547819,DGS-031,holdout,hard,language,hard__accurate__hostile,factorial,accurate,hostile,onset_washout,4e9a3fcc1f100f124dcb81a2fe304eb96d7e719b9d734e01d5911667a37f9f86,-7.062500203028321,,,m2_invalid_final_answer_all_ten_required,0.0,,0,false,0.3014685112777637,1.2105321724884683,0.0002609832523359457,,0.0,95,0.6101694915254238,,0.0,0.0,true,false,A,10,6,,3
phase_2,phase2-gemma-2-9b-it-2026-08-17,empirical,google/gemma-2-9b-it,11c9b309abf73637e4b6f9a3fa1e92e615547819,DGS-031,holdout,hard,language,hard__accurate__neutral,factorial,accurate,neutral,measured,756e10a3b28093f0c3eb0dcfac526a0e1b9fe7413d6938e0f05a683d716d79d0,14.624999523835868,,0.0,,0.0,,0,false,0.3719209699161423,1.3847029795955808,0.0003171206551706704,,0.0,59,0.0,,0.0,0.0,true,true,D,10,10,,3
phase_2,phase2-gemma-2-9b-it-2026-08-17,empirical,google/gemma-2-9b-it,11c9b309abf73637e4b6f9a3fa1e92e615547819,DGS-031,holdout,hard,language,hard__accurate__neutral,factorial,accurate,neutral,onset,a18dbcc634ad40db301b5bb95a2464c02fdc698abc2bbfd0df2a59a034462da5,10.874999775871402,,0.0,,0.0,,0,false,0.08297163007616883,0.6399606657598567,0.0001752822436289693,,0.08571428571428572,149,1.5254237288135593,,0.0,0.0,true,true,D,10,10,,3
phase_2,phase2-gemma-2-9b-it-2026-08-17,empirical,google/gemma-2-9b-it,11c9b309abf73637e4b6f9a3fa1e92e615547819,DGS-031,holdout,hard,language,hard__accurate__neutral,factorial,accurate,neutral,onset_washout,6f08f6053ce0bb0780fe025f79810044730d0414368198b3fcfcaa223ab11786,12.750000239637302,,0.0,,0.0,,0,false,0.027613531283749552,0.24922442137006315,3.604781734527526e-05,,0.08571428571428572,149,1.5254237288135593,,0.0,0.0,true,true,D,10,10,,3
phase_2,phase2-gemma-2-9b-it-2026-08-17,empirical,google/gemma-2-9b-it,11c9b309abf73637e4b6f9a3fa1e92e615547819,DGS-031,holdout,hard,language,hard__malfunctioning_always_fail__hostile,factorial,malfunctioning_always_fail,hostile,measured,d98412502ecb464d9cbab217aaf9e5eba2510906788fb8a812d020bac8bab0f6,13.874999524025043,,0.30000000000000004,,0.0,,0,false,0.34942542016298345,1.5282175535964337,0.000256167170584741,,0.0,82,0.3898305084745763,,0.0,0.0,true,true,D,10,10,true,3
phase_2,phase2-gemma-2-9b-it-2026-08-17,empirical,google/gemma-2-9b-it,11c9b309abf73637e4b6f9a3fa1e92e615547819,DGS-031,holdout,hard,language,hard__malfunctioning_always_fail__hostile,factorial,malfunctioning_always_fail,hostile,recovery,7d506ac1733b31f9a37cd513f72bd0f95791bbe1ef373fe22269d2782fe7baf8,13.749999881230906,,,m2_invalid_final_answer_all_ten_required,0.0,,0,false,0.1607548073910501,0.9394802696382829,0.0001437473140497011,,0.09259259259259259,156,1.6440677966101696,,0.0,0.0,true,true,D,10,9,true,3
phase_2,phase2-gemma-2-9b-it-2026-08-17,empirical,google/gemma-2-9b-it,11c9b309abf73637e4b6f9a3fa1e92e615547819,DGS-031,holdout,hard,language,hard__malfunctioning_always_fail__neutral,factorial,malfunctioning_always_fail,neutral,measured,6995b9d219f05d32bba4a9b15614e39170d39bbff8bdad3f7f0b45c7d27e52d7,13.12499988284253,,0.09999999999999998,,0.0,,0,false,0.4478235255402853,1.6090379379906243,0.00034960497620434826,,0.0,84,0.423728813559322,,0.0,0.0,true,true,D,10,10,true,3
phase_2,phase2-gemma-2-9b-it-2026-08-17,empirical,google/gemma-2-9b-it,11c9b309abf73637e4b6f9a3fa1e92e615547819,DGS-031,holdout,hard,language,hard__malfunctioning_always_fail__neutral,factorial,malfunctioning_always_fail,neutral,recovery,ab2ded545f02d7d317a224ea3b202052cbd7e9f26d90be65d675463dde9aa7fd,12.124999900290277,,,m2_invalid_final_answer_all_ten_required,0.0,,0,false,0.34803991607517987,1.4616244772037637,0.0011245516576865635,,0.0,68,0.15254237288135594,,0.0,0.0,true,true,D,10,9,true,3
phase_2,phase2-gemma-2-9b-it-2026-08-17,empirical,google/gemma-2-9b-it,11c9b309abf73637e4b6f9a3fa1e92e615547819,DGS-033,holdout,easy,history,easy__accurate__hostile,factorial,accurate,hostile,measured,b3ccf06873554f9c526adeba9a776919fee3a3ea938153f96b19f5b9c22e3a76,-12.124999592429958,,0.09999999999999998,,0.0,,0,false,0.3348224605627296,1.4233621157157565,0.00032368354901197993,,0.0,32,0.10344827586206896,,0.0,0.0,true,false,D,10,10,,3
phase_2,phase2-gemma-2-9b-it-2026-08-17,empirical,google/gemma-2-9b-it,11c9b309abf73637e4b6f9a3fa1e92e615547819,DGS-033,holdout,easy,history,easy__accurate__hostile,factorial,accurate,hostile,onset,996058ebd1e87e19b60d769f3669fd128e62aa5c908b733a3410973dfb06f2fd,-11.687499995110556,,,m2_invalid_final_answer_all_ten_required,0.0,,0,false,0.21645917084201718,0.9613336562262282,0.0007166072283809657,,0.0,24,-0.1724137931034483,,0.0,0.0,true,false,D,10,9,,3
phase_2,phase2-gemma-2-9b-it-2026-08-17,empirical,google/gemma-2-9b-it,11c9b309abf73637e4b6f9a3fa1e92e615547819,DGS-033,holdout,easy,history,easy__accurate__hostile,factorial,accurate,hostile,onset_washout,b14549cecceb33432a129ad6d40d5e2d88e052a5598c5780eb7209cde420c335,-11.499999893363565,,0.19999999999999996,,0.0,,0,false,0.249830043175413,0.8684272044758822,0.0007602218447588099,,0.0,24,-0.1724137931034483,,0.0,0.0,true,false,D,10,10,,3
phase_2,phase2-gemma-2-9b-it-2026-08-17,empirical,google/gemma-2-9b-it,11c9b309abf73637e4b6f9a3fa1e92e615547819,DGS-033,holdout,easy,history,easy__accurate__neutral,factorial,accurate,neutral,measured,483e5bcd097f805b53bff41674d22b6b419f13b01834a75424b690485aec78d9,16.218749404702976,,0.0,,0.0,,0,false,0.3105146851507627,1.1785228284774514,0.00012715436679524265,,0.0,29,0.0,,0.0,0.0,true,true,C,10,10,,3
phase_2,phase2-gemma-2-9b-it-2026-08-17,empirical,google/gemma-2-9b-it,11c9b309abf73637e4b6f9a3fa1e92e615547819,DGS-033,holdout,easy,history,easy__accurate__neutral,factorial,accurate,neutral,onset,ba689a7f713aac4092cd54053afd1f4ffa003e53c72881b8be7745e2852a9fea,14.187499648323865,,0.0,,0.0,,0,false,0.14638668037022892,0.621287405865575,0.00045402102802214345,,0.0,19,-0.3448275862068966,,0.0,0.0,true,true,C,10,10,,3
phase_2,phase2-gemma-2-9b-it-2026-08-17,empirical,google/gemma-2-9b-it,11c9b309abf73637e4b6f9a3fa1e92e615547819,DGS-033,holdout,easy,history,easy__accurate__neutral,factorial,accurate,neutral,onset_washout,0a1a82fc44f5e25081f57947b544dbb0f9888ce6e196289467657abd90067949,14.68749976415711,,0.0,,0.0,,0,false,0.17749648196818255,0.9417441928384442,0.00021215650008861515,,0.0,19,-0.3448275862068966,,0.0,0.0,true,true,C,10,10,,3
phase_2,phase2-gemma-2-9b-it-2026-08-17,empirical,google/gemma-2-9b-it,11c9b309abf73637e4b6f9a3fa1e92e615547819,DGS-033,holdout,easy,history,easy__malfunctioning_always_fail__hostile,factorial,malfunctioning_always_fail,hostile,measured,a21dfa3bbd8fc6bff425674af1ebcbc626f6932ac3ddb4c6395a3c751e107837,13.562500381391146,,0.0,,0.0,,0,false,0.2874445681513067,0.976177453348989,0.00019043815020702262,,0.0,19,-0.3448275862068966,,0.0,0.0,true,true,C,10,10,true,3
phase_2,phase2-gemma-2-9b-it-2026-08-17,empirical,google/gemma-2-9b-it,11c9b309abf73637e4b6f9a3fa1e92e615547819,DGS-033,holdout,easy,history,easy__malfunctioning_always_fail__hostile,factorial,malfunctioning_always_fail,hostile,recovery,a8d3118263b8dee3a5ba95af18a088e55bc0bbd862231160b7db7e63fd6369b9,14.656250361527782,,0.0,,0.0,,0,false,0.2682343966452953,1.2675652435752722,0.0017732890009552762,,0.0,21,-0.27586206896551724,,0.0,0.0,true,true,C,10,10,true,3
phase_2,phase2-gemma-2-9b-it-2026-08-17,empirical,google/gemma-2-9b-it,11c9b309abf73637e4b6f9a3fa1e92e615547819,DGS-033,holdout,easy,history,easy__malfunctioning_always_fail__neutral,factorial,malfunctioning_always_fail,neutral,measured,b27b943eb6069794d8055fba69583f58492ae670a54560fbc24d4927a048f6d7,13.12499977684638,,0.0,,0.0,,0,false,0.3142806693108275,0.996768615435668,0.00040310188603481496,,0.0,19,-0.3448275862068966,,0.0,0.0,true,true,C,10,10,true,3
phase_2,phase2-gemma-2-9b-it-2026-08-17,empirical,google/gemma-2-9b-it,11c9b309abf73637e4b6f9a3fa1e92e615547819,DGS-033,holdout,easy,history,easy__malfunctioning_always_fail__neutral,factorial,malfunctioning_always_fail,neutral,recovery,fdadc88961108af81caf2904e1ece1a3eb06d1f8b1486e39cb792f313d7d2516,11.750000270520104,,0.0,,0.0,,0,false,0.12529751799544223,0.6264667478947665,0.0006603305677706126,,0.0,19,-0.3448275862068966,,0.0,0.0,true,true,C,10,10,true,3
phase_2,phase2-gemma-2-9b-it-2026-08-17,empirical,google/gemma-2-9b-it,11c9b309abf73637e4b6f9a3fa1e92e615547819,DGS-036,holdout,easy,history,easy__accurate__hostile,factorial,accurate,hostile,measured,d6fe00e2e34d127c31fe96c4cb610e8ebad62441dbc25ab254c4dba31374ab02,,m1_invalid_final_answer,,m2_invalid_final_answer_all_ten_required,0.0,,0,false,0.32737075581296665,1.3947879439039277,0.000972350186779225,,0.0,50,1.380952380952381,,0.0,0.0,false,,,10,8,,3
phase_2,phase2-gemma-2-9b-it-2026-08-17,empirical,google/gemma-2-9b-it,11c9b309abf73637e4b6f9a3fa1e92e615547819,DGS-036,holdout,easy,history,easy__accurate__hostile,factorial,accurate,hostile,onset,c7080452b97468ed3b229d005066e1f620718f95cdfedfb24784aa0dc8c1886f,15.78125039927545,,,m2_invalid_final_answer_all_ten_required,0.0,,0,false,0.27869520083634225,1.2324662311417167,0.0001557825675462574,,0.0,132,5.285714285714286,,0.0,0.0,true,true,D,10,7,,3
phase_2,phase2-gemma-2-9b-it-2026-08-17,empirical,google/gemma-2-9b-it,11c9b309abf73637e4b6f9a3fa1e92e615547819,DGS-036,holdout,easy,history,easy__accurate__hostile,factorial,accurate,hostile,onset_washout,93e0d7daee28d042d1fe50ef04825cab639d747116f1da4b0730d5cb4444f292,13.499999831896275,,,m2_invalid_final_answer_all_ten_required,0.0,,0,false,0.23352741994198045,1.0870844958591284,0.0002585199300517828,,0.0,18,-0.14285714285714285,,0.0,0.0,true,true,D,10,8,,3
phase_2,phase2-gemma-2-9b-it-2026-08-17,empirical,google/gemma-2-9b-it,11c9b309abf73637e4b6f9a3fa1e92e615547819,DGS-036,holdout,easy,history,easy__accurate__neutral,factorial,accurate,neutral,measured,ac40f92cfba98a423cb44cc43862c731a7992d783b6d153fec985497fe515266,14.624999884006684,,0.0,,0.0,,0,false,0.4026377175651963,1.6483635229473974,0.0001182425905846406,,0.0,21,0.0,,0.0,0.0,true,true,D,10,10,,3
phase_2,phase2-gemma-2-9b-it-2026-08-17,empirical,google/gemma-2-9b-it,11c9b309abf73637e4b6f9a3fa1e92e615547819,DGS-036,holdout,easy,history,easy__accurate__neutral,factorial,accurate,neutral,onset,6db8c445ec12ad2b9148d79749ba84a30fc114319a1e85d7b8195992a30b3baf,13.687499527135515,,0.0,,0.0,,0,false,0.14711690935044985,0.6761840316107511,0.00023444023657063587,,0.0,18,-0.14285714285714285,,0.0,0.0,true,true,D,10,10,,3
phase_2,phase2-gemma-2-9b-it-2026-08-17,empirical,google/gemma-2-9b-it,11c9b309abf73637e4b6f9a3fa1e92e615547819,DGS-036,holdout,easy,history,easy__accurate__neutral,factorial,accurate,neutral,onset_washout,1a8b3f62a639dd15c4fe362ea049d9c50e52cee873697b06eab1a1f24b751fe7,14.218750358573743,,0.0,,0.0,,0,false,0.10973532769154085,0.5139545624159908,8.693926440489497e-05,,0.0,18,-0.14285714285714285,,0.0,0.0,true,true,D,10,10,,3
phase_2,phase2-gemma-2-9b-it-2026-08-17,empirical,google/gemma-2-9b-it,11c9b309abf73637e4b6f9a3fa1e92e615547819,DGS-036,holdout,easy,history,easy__malfunctioning_always_fail__hostile,factorial,malfunctioning_always_fail,hostile,measured,b7ff7cfc08ccf683f04ceb69f9a81b62240fbc7030a0475cd9a21d180f74e34d,12.625000016763806,,0.0,,0.0,,0,false,0.3753193643670175,1.67487380109226,0.0002545138831039351,,0.0,18,-0.14285714285714285,,0.0,0.0,true,true,D,10,10,true,3
phase_2,phase2-gemma-2-9b-it-2026-08-17,empirical,google/gemma-2-9b-it,11c9b309abf73637e4b6f9a3fa1e92e615547819,DGS-036,holdout,easy,history,easy__malfunctioning_always_fail__hostile,factorial,malfunctioning_always_fail,hostile,recovery,04d68d04d31550fdf489973da9321c39112002e46a16152d19cfcf306cfe4a15,13.187500242762326,,0.0,,0.0,,0,false,0.15491909377918972,0.9747320027355426,0.0002905732693947881,,0.0,18,-0.14285714285714285,,0.0,0.0,true,true,D,10,10,true,3
phase_2,phase2-gemma-2-9b-it-2026-08-17,empirical,google/gemma-2-9b-it,11c9b309abf73637e4b6f9a3fa1e92e615547819,DGS-036,holdout,easy,history,easy__malfunctioning_always_fail__neutral,factorial,malfunctioning_always_fail,neutral,measured,ec34c884fb591beafc69d1dec5957e6abf168170a366e515f260d52c74d4559c,10.687500164203811,,0.0,,0.0,,0,false,0.26087898533200715,1.224959057289911,0.00044216870942317754,,0.0,26,0.23809523809523808,,0.0,0.0,true,true,D,10,10,true,3
phase_2,phase2-gemma-2-9b-it-2026-08-17,empirical,google/gemma-2-9b-it,11c9b309abf73637e4b6f9a3fa1e92e615547819,DGS-036,holdout,easy,history,easy__malfunctioning_always_fail__neutral,factorial,malfunctioning_always_fail,neutral,recovery,4d18908969f7df1492cbc0184ea041b4bc84830c25000da8d9eeb69300a4f1dc,10.500000230997102,,0.0,,0.0,,0,false,0.12628111064763733,0.7801206599488738,0.00027974052962052533,,0.0,26,0.23809523809523808,,0.0,0.0,true,true,D,10,10,true,3
phase_2,phase2-gemma-2-9b-it-2026-08-17,empirical,google/gemma-2-9b-it,11c9b309abf73637e4b6f9a3fa1e92e615547819,DGS-039,holdout,hard,history,hard__accurate__hostile,factorial,accurate,hostile,measured,412a3b1e20ef0e0a5d201633d058b5b964389ad04c746627454d93cba967523f,,m1_invalid_final_answer,0.30000000000000004,,0.0,,0,false,0.25458138681276804,1.190468323179351,0.00029014417982765385,,0.0,75,0.6666666666666666,,0.0,0.0,false,,,10,10,,3
phase_2,phase2-gemma-2-9b-it-2026-08-17,empirical,google/gemma-2-9b-it,11c9b309abf73637e4b6f9a3fa1e92e615547819,DGS-039,holdout,hard,history,hard__accurate__hostile,factorial,accurate,hostile,onset,75b2e284ed9cb91fcfe9bd7f5c6b76e6ca96281eff899296376901bfe46d318c,,m1_invalid_final_answer,,m2_invalid_final_answer_all_ten_required,0.0,,0,false,0.5151829048742244,1.6872437563254428,0.00046131605322818827,,0.0,143,2.1777777777777776,,0.0,0.0,false,,,10,6,,3
phase_2,phase2-gemma-2-9b-it-2026-08-17,empirical,google/gemma-2-9b-it,11c9b309abf73637e4b6f9a3fa1e92e615547819,DGS-039,holdout,hard,history,hard__accurate__hostile,factorial,accurate,hostile,onset_washout,0097d1a9086eec3fd6a5526fe4d00479b1f52d4301edff7c1034841f00f3a3ab,,m1_invalid_final_answer,,m2_invalid_final_answer_all_ten_required,0.0,,0,false,0.03806339398196848,0.3697374048878176,6.68544023423352e-05,,0.0,139,2.088888888888889,,0.0,0.0,false,,,10,9,,3
phase_2,phase2-gemma-2-9b-it-2026-08-17,empirical,google/gemma-2-9b-it,11c9b309abf73637e4b6f9a3fa1e92e615547819,DGS-039,holdout,hard,history,hard__accurate__neutral,factorial,accurate,neutral,measured,f5d1340f78f34fb6b7603fbd969cdd10bea832000a98fa6c1cbe918518bc4b80,15.06250000147702,,0.0,,0.0,,0,false,0.19824172211010468,1.0389322054825443,2.4738306244843757e-05,,0.0,45,0.0,,0.0,0.0,true,true,A,10,10,,3
phase_2,phase2-gemma-2-9b-it-2026-08-17,empirical,google/gemma-2-9b-it,11c9b309abf73637e4b6f9a3fa1e92e615547819,DGS-039,holdout,hard,history,hard__accurate__neutral,factorial,accurate,neutral,onset,6a4e45276cdf873c68d4713daaabaae99c77093444667884d4ff5083d5e61ee5,11.312500405823812,,0.0,,0.0,,0,false,0.17144851069674594,1.0195146334499352,9.794548833729528e-05,,0.0,70,0.5555555555555556,,0.0,0.0,true,true,A,10,10,,3
phase_2,phase2-gemma-2-9b-it-2026-08-17,empirical,google/gemma-2-9b-it,11c9b309abf73637e4b6f9a3fa1e92e615547819,DGS-039,holdout,hard,history,hard__accurate__neutral,factorial,accurate,neutral,onset_washout,53e199dd84aec22931f3b8f4fe627b9c71d6ffb7b92fcb2675dc9a7ad91beab6,13.31250025278132,,0.0,,0.0,,0,false,0.13860065756042148,0.8845655263145604,4.715680319795686e-05,,0.0,43,-0.044444444444444446,,0.0,0.0,true,true,A,10,10,,3
phase_2,phase2-gemma-2-9b-it-2026-08-17,empirical,google/gemma-2-9b-it,11c9b309abf73637e4b6f9a3fa1e92e615547819,DGS-039,holdout,hard,history,hard__malfunctioning_always_fail__hostile,factorial,malfunctioning_always_fail,hostile,measured,2bc3230b1945ac726b827eb5b5790aebfcf269bb93803dc98d4872dbec20bcd7,13.187500007916242,,0.0,,0.0,,0,false,0.24003734569710794,1.1590585161275873,3.018757230758919e-05,,0.0,70,0.5555555555555556,,0.0,0.0,true,true,A,10,10,true,3
phase_2,phase2-gemma-2-9b-it-2026-08-17,empirical,google/gemma-2-9b-it,11c9b309abf73637e4b6f9a3fa1e92e615547819,DGS-039,holdout,hard,history,hard__malfunctioning_always_fail__hostile,factorial,malfunctioning_always_fail,hostile,recovery,53e4067ea18f02164f2628ec6207ed18094430ce9a94982e52b0bd8df565e9fa,10.812500278174412,,0.0,,0.0,,0,false,0.08219920126388718,0.6907739228007234,9.164251994360059e-05,,0.0,70,0.5555555555555556,,0.0,0.0,true,true,A,10,10,true,3
phase_2,phase2-gemma-2-9b-it-2026-08-17,empirical,google/gemma-2-9b-it,11c9b309abf73637e4b6f9a3fa1e92e615547819,DGS-039,holdout,hard,history,hard__malfunctioning_always_fail__neutral,factorial,malfunctioning_always_fail,neutral,measured,effc4b010725ef18391c6ea84afea46f483b65d4797e5df9620e465ebb30d869,11.312500024054316,,0.0,,0.0,,0,false,0.2132053002693737,1.1644627890806263,3.9043345479538754e-05,,0.0,145,2.2222222222222223,,0.0,0.0,true,true,A,10,10,true,3
phase_2,phase2-gemma-2-9b-it-2026-08-17,empirical,google/gemma-2-9b-it,11c9b309abf73637e4b6f9a3fa1e92e615547819,DGS-039,holdout,hard,history,hard__malfunctioning_always_fail__neutral,factorial,malfunctioning_always_fail,neutral,recovery,10e2e11b7f5002861a5a1bc4a5c3731c4a10e7e72909390a4e9e08c6a2c0a8b6,11.187499925377779,,0.0,,0.0,,0,false,0.16192306840987325,0.8569106802767047,0.0001220073873034898,,0.0,45,0.0,,0.0,0.0,true,true,A,10,10,true,3
phase_2,phase2-gemma-2-9b-it-2026-08-17,empirical,google/gemma-2-9b-it,11c9b309abf73637e4b6f9a3fa1e92e615547819,DGS-040,holdout,hard,history,hard__accurate__hostile,factorial,accurate,hostile,measured,868c0f05e1b3e770f4d3a4659c51162a0888eacfc8bf0e181114ae1bab571459,12.437499949970515,,0.09999999999999998,,0.0,,0,false,0.4177514163340445,1.4714216405528573,0.0003644669448549663,,0.0,124,0.7222222222222222,,0.0,0.0,true,true,B,10,10,,3
phase_2,phase2-gemma-2-9b-it-2026-08-17,empirical,google/gemma-2-9b-it,11c9b309abf73637e4b6f9a3fa1e92e615547819,DGS-040,holdout,hard,history,hard__accurate__hostile,factorial,accurate,hostile,onset,0927540f3bf96a35b909376d873e3bec4644b98e0360b9900b5f34eb29bed880,6.687499852851033,,,m2_invalid_final_answer_all_ten_required,0.0,,0,false,0.6088768018343632,1.7398740649868483,0.0013451759661824703,,0.0,154,1.1388888888888888,,0.0,0.0,true,true,B,10,4,,3
phase_2,phase2-gemma-2-9b-it-2026-08-17,empirical,google/gemma-2-9b-it,11c9b309abf73637e4b6f9a3fa1e92e615547819,DGS-040,holdout,hard,history,hard__accurate__hostile,factorial,accurate,hostile,onset_washout,1de115081e905537ddbae21d6fde128297c93e031d520a7a695510f9f09f422c,9.812500422121957,,,m2_invalid_final_answer_all_ten_required,,m3_zero_visible_reasoning_tokens,0,false,0.5367428779959723,1.4836993856508358,0.005981064644229428,,0.0,5,-0.9305555555555556,,0.0,0.0,true,true,B,10,8,,3
phase_2,phase2-gemma-2-9b-it-2026-08-17,empirical,google/gemma-2-9b-it,11c9b309abf73637e4b6f9a3fa1e92e615547819,DGS-040,holdout,hard,history,hard__accurate__neutral,factorial,accurate,neutral,measured,76877b7f4461aa198a4bd6f1393139a2d872a160d0673c6fd6cabf57913e95b4,14.375000360509148,,0.0,,0.0,,0,false,0.49612585054763986,1.6545051635781343,0.0002901891781837526,,0.0,72,0.0,,0.0,0.0,true,true,B,10,10,,3
phase_2,phase2-gemma-2-9b-it-2026-08-17,empirical,google/gemma-2-9b-it,11c9b309abf73637e4b6f9a3fa1e92e615547819,DGS-040,holdout,hard,history,hard__accurate__neutral,factorial,accurate,neutral,onset,0162591340a99c51e3cced78cecf1b764a681de2ffec749357c2270f2d7962b4,10.187499530962668,,0.0,,0.0,,0,false,0.6283847941069856,1.773246991605804,0.0018045922488148514,,0.0,26,-0.6388888888888888,,0.0,0.0,true,true,B,10,10,,3
phase_2,phase2-gemma-2-9b-it-2026-08-17,empirical,google/gemma-2-9b-it,11c9b309abf73637e4b6f9a3fa1e92e615547819,DGS-040,holdout,hard,history,hard__accurate__neutral,factorial,accurate,neutral,onset_washout,1ddebe18ce7d3d35afc1cc68ed5ebefbb562b78763ae3cf0bfdb641da125e9ba,12.250000026630005,,0.0,,0.0,,0,false,0.5802347738624196,1.5736121606903177,0.0004280646943045028,,0.0,29,-0.5972222222222222,,0.0,0.0,true,true,B,10,10,,3
phase_2,phase2-gemma-2-9b-it-2026-08-17,empirical,google/gemma-2-9b-it,11c9b309abf73637e4b6f9a3fa1e92e615547819,DGS-040,holdout,hard,history,hard__malfunctioning_always_fail__hostile,factorial,malfunctioning_always_fail,hostile,measured,3664d12c3f801fe78160c7d93c9bb0dc9870a6c0b1a3ce44958a90e777165809,12.50000026478665,,,m2_invalid_final_answer_all_ten_required,0.0,,0,false,0.4120664926209136,1.576412868369253,0.0003981562174844161,,0.0,120,0.6666666666666666,,0.0,0.0,true,true,B,10,9,true,3
phase_2,phase2-gemma-2-9b-it-2026-08-17,empirical,google/gemma-2-9b-it,11c9b309abf73637e4b6f9a3fa1e92e615547819,DGS-040,holdout,hard,history,hard__malfunctioning_always_fail__hostile,factorial,malfunctioning_always_fail,hostile,recovery,b72a17b29476687676ea4bc7db66e1196d87d7a4e32fe1b94d7c250fb491a30c,10.125000122352503,,,m2_invalid_final_answer_all_ten_required,0.0,,0,false,0.3280239682989817,1.3970172036848945,0.00032098110145905396,,0.0,136,0.8888888888888888,,0.0,0.0,true,true,B,10,9,true,3
phase_2,phase2-gemma-2-9b-it-2026-08-17,empirical,google/gemma-2-9b-it,11c9b309abf73637e4b6f9a3fa1e92e615547819,DGS-040,holdout,hard,history,hard__malfunctioning_always_fail__neutral,factorial,malfunctioning_always_fail,neutral,measured,d677b41f7170f70b22072d502bc7bed68262603da3b031596b7ec6cea309ac86,12.81250031144009,,0.0,,0.0,,0,false,0.4744866291935688,1.7360458486505983,0.0007409490579585384,,0.0,112,0.5555555555555556,,0.0,0.0,true,true,B,10,10,true,3
phase_2,phase2-gemma-2-9b-it-2026-08-17,empirical,google/gemma-2-9b-it,11c9b309abf73637e4b6f9a3fa1e92e615547819,DGS-040,holdout,hard,history,hard__malfunctioning_always_fail__neutral,factorial,malfunctioning_always_fail,neutral,recovery,2ada9485eb77bcd82878ecfd336d0f8baf84036605008cd644457ee492abd572,6.187500041909516,,0.0,,0.0,,0,false,0.36985854111196753,1.440557390139758,0.0004162366913059513,,0.0,106,0.4722222222222222,,0.0,0.0,true,true,B,10,10,true,3
phase_2,phase2-qwen2.5-3b-2026-08-17,empirical,Qwen/Qwen2.5-3B-Instruct,aa8e72537993ba99e69dfaafa59ed015b17504d1,DGS-001,holdout,easy,mathematics,easy__accurate__hostile,factorial,accurate,hostile,measured,343acd7099db0c8c7b9d4241dc28fab21a143a754ea46007715fbd4f1af90ec7,25.375,,0.0,,0.0,,0,false,0.12860195422016,1.0682278126901683,9.350950983716622e-05,,0.0,79,0.0,,0.0,0.0,true,true,C,10,10,,3
phase_2,phase2-qwen2.5-3b-2026-08-17,empirical,Qwen/Qwen2.5-3B-Instruct,aa8e72537993ba99e69dfaafa59ed015b17504d1,DGS-001,holdout,easy,mathematics,easy__accurate__hostile,factorial,accurate,hostile,onset,aa17951e9f31d030a819a593ba11f390a08a71e301e7cf547bc1b5c6154d51b3,24.375,,0.0,,0.0,,0,false,0.07892555383653382,0.680633983567487,4.919349214084235e-05,,0.0,98,0.24050632911392406,,0.0,0.0,true,true,C,10,10,,3
phase_2,phase2-qwen2.5-3b-2026-08-17,empirical,Qwen/Qwen2.5-3B-Instruct,aa8e72537993ba99e69dfaafa59ed015b17504d1,DGS-001,holdout,easy,mathematics,easy__accurate__hostile,factorial,accurate,hostile,onset_washout,0025a689b0d2284d18852e1e205a39567175261e62a4a1908838a13c26eb4dd0,25.625,,0.0,,0.0,,0,false,0.121784072659723,1.039076933287649,0.000174604450385867,,0.0,96,0.21518987341772153,,0.0,0.0,true,true,C,10,10,,3
phase_2,phase2-qwen2.5-3b-2026-08-17,empirical,Qwen/Qwen2.5-3B-Instruct,aa8e72537993ba99e69dfaafa59ed015b17504d1,DGS-001,holdout,easy,mathematics,easy__accurate__neutral,factorial,accurate,neutral,measured,d99f97bdc6db5935f394c605dc1e09ca888f58d30a0aae315c6a6d8bdfd90d3f,24.625,,0.0,,0.0,,0,false,0.06191376693142227,0.5617575960729926,4.750025785356751e-05,,0.0,79,0.0,,0.0,0.0,true,true,C,10,10,,3
phase_2,phase2-qwen2.5-3b-2026-08-17,empirical,Qwen/Qwen2.5-3B-Instruct,aa8e72537993ba99e69dfaafa59ed015b17504d1,DGS-001,holdout,easy,mathematics,easy__accurate__neutral,factorial,accurate,neutral,onset,ca9cea9a88cc9b503f9cc65160a905b844db16d68a817fa97a3ed0d50b1c0f45,26.375,,0.0,,0.0,,0,false,0.037861343700830545,0.36879458411556826,1.3450256408829222e-05,,0.0,88,0.11392405063291139,,0.0,0.0,true,true,C,10,10,,3
phase_2,phase2-qwen2.5-3b-2026-08-17,empirical,Qwen/Qwen2.5-3B-Instruct,aa8e72537993ba99e69dfaafa59ed015b17504d1,DGS-001,holdout,easy,mathematics,easy__accurate__neutral,factorial,accurate,neutral,onset_washout,2ffd990d39534f9090ea88886fc6e48ffe099b272f6b1a2c766c02f21a5187ee,26.625,,0.0,,0.0,,0,false,0.0594907392272341,0.5548018719764648,9.088939690352012e-05,,0.0,94,0.189873417721519,,0.0,0.0,true,true,C,10,10,,3
phase_2,phase2-qwen2.5-3b-2026-08-17,empirical,Qwen/Qwen2.5-3B-Instruct,aa8e72537993ba99e69dfaafa59ed015b17504d1,DGS-001,holdout,easy,mathematics,easy__malfunctioning_always_fail__hostile,factorial,malfunctioning_always_fail,hostile,measured,f463458193e6117f5d04bc6e70772c42667b549af6acdcea934a548824df3887,21.625,,0.0,,0.0,,0,false,0.7357917469982993,1.7665599382806632,0.003510093325129725,,0.0,19,-0.759493670886076,,0.0,0.0,true,true,C,10,10,true,3
phase_2,phase2-qwen2.5-3b-2026-08-17,empirical,Qwen/Qwen2.5-3B-Instruct,aa8e72537993ba99e69dfaafa59ed015b17504d1,DGS-001,holdout,easy,mathematics,easy__malfunctioning_always_fail__hostile,factorial,malfunctioning_always_fail,hostile,recovery,f97b6b0dbca36140fbb4ac268174f400f098e0c8b679df47c416bcfae12c9929,24.125,,0.0,,0.0,,0,false,0.2510904328753505,1.3846932613133747,0.0004874032153106026,,0.0,88,0.11392405063291139,,0.0,0.0,true,true,C,10,10,true,3
phase_2,phase2-qwen2.5-3b-2026-08-17,empirical,Qwen/Qwen2.5-3B-Instruct,aa8e72537993ba99e69dfaafa59ed015b17504d1,DGS-001,holdout,easy,mathematics,easy__malfunctioning_always_fail__neutral,factorial,malfunctioning_always_fail,neutral,measured,a80e2df874a8df2fbd0b596b7ffcb077d055c256e0af9d0425e00465f77eb948,21.75,,0.0,,,m3_zero_visible_reasoning_tokens,0,false,0.3965018480085627,1.1895055246415942,0.0005564379549372426,,0.0,3,-0.9620253164556962,,0.0,0.0,true,true,C,10,10,true,3
phase_2,phase2-qwen2.5-3b-2026-08-17,empirical,Qwen/Qwen2.5-3B-Instruct,aa8e72537993ba99e69dfaafa59ed015b17504d1,DGS-001,holdout,easy,mathematics,easy__malfunctioning_always_fail__neutral,factorial,malfunctioning_always_fail,neutral,recovery,78d29c0e009097be480adf30f3d9d81ab3d7227948176b0fd978736e8f37f3e1,22.375,,0.0,,0.0,,0,false,0.0845161687711946,0.7679830084506102,0.00018244271176412138,,0.12903225806451613,157,0.9873417721518988,,0.0,0.0,true,true,C,10,10,true,3
phase_2,phase2-qwen2.5-3b-2026-08-17,empirical,Qwen/Qwen2.5-3B-Instruct,aa8e72537993ba99e69dfaafa59ed015b17504d1,DGS-002,holdout,easy,mathematics,easy__accurate__hostile,factorial,accurate,hostile,measured,6342c82166fef03dba04de1497da4baa6c4249549c6dad578443d2dd35a078e6,19.375,,0.0,,,m3_zero_visible_reasoning_tokens,0,false,0.10138162837792909,0.3041447425929579,0.00019883316832303155,,0.0,3,0.0,,0.0,0.0,true,true,B,10,10,,3
phase_2,phase2-qwen2.5-3b-2026-08-17,empirical,Qwen/Qwen2.5-3B-Instruct,aa8e72537993ba99e69dfaafa59ed015b17504d1,DGS-002,holdout,easy,mathematics,easy__accurate__hostile,factorial,accurate,hostile,onset,8b2ef45efc2b067078f3a9f23dbd5b077a6cc4b19dfb7c493222342867736749,21.5,,0.0,,0.0,,0,false,0.14934020313419427,1.0432040853566376,0.00010610749290397463,,0.0,104,33.666666666666664,,0.0,0.0,true,true,B,10,10,,3
phase_2,phase2-qwen2.5-3b-2026-08-17,empirical,Qwen/Qwen2.5-3B-Instruct,aa8e72537993ba99e69dfaafa59ed015b17504d1,DGS-002,holdout,easy,mathematics,easy__accurate__hostile,factorial,accurate,hostile,onset_washout,5dccda96d0a8c183e0c77110e5fd3c7cd3cfaddafe9223e172fb5b4cacbfae9f,21.0,,0.0,,0.0,,0,false,0.09562122366571257,0.8409214368740279,0.00032321603025010074,,0.0,101,32.666666666666664,,0.0,0.0,true,true,B,10,10,,3
phase_2,phase2-qwen2.5-3b-2026-08-17,empirical,Qwen/Qwen2.5-3B-Instruct,aa8e72537993ba99e69dfaafa59ed015b17504d1,DGS-002,holdout,easy,mathematics,easy__accurate__neutral,factorial,accurate,neutral,measured,f20eac232f876dde3a3ec1fe050be367a629ec509b351bd5a80cd2ec2561605a,20.125,,0.0,,,m3_zero_visible_reasoning_tokens,0,false,0.24770372555757017,0.7431111054951427,0.00018079956485110107,,0.0,3,0.0,,0.0,0.0,true,true,B,10,10,,3
phase_2,phase2-qwen2.5-3b-2026-08-17,empirical,Qwen/Qwen2.5-3B-Instruct,aa8e72537993ba99e69dfaafa59ed015b17504d1,DGS-002,holdout,easy,mathematics,easy__accurate__neutral,factorial,accurate,neutral,onset,81adc6263389b7f702abd1c89801ff39375127af50c21b975bf27e8616c996af,16.37500071525642,,0.0,,,m3_zero_visible_reasoning_tokens,0,false,0.23181998386674263,0.6954426694649973,5.350074328373348e-07,,0.0,3,0.0,,0.0,0.0,true,true,B,10,10,,3
phase_2,phase2-qwen2.5-3b-2026-08-17,empirical,Qwen/Qwen2.5-3B-Instruct,aa8e72537993ba99e69dfaafa59ed015b17504d1,DGS-002,holdout,easy,mathematics,easy__accurate__neutral,factorial,accurate,neutral,onset_washout,f21f4cc910a3ad581d9caaf59b5e957736c6a86953042ef5ae47da496682973c,20.375,,0.0,,,m3_zero_visible_reasoning_tokens,0,false,0.3626728611023331,1.0880185442248693,2.746707476945313e-06,,0.0,3,0.0,,0.0,0.0,true,true,B,10,10,,3
phase_2,phase2-qwen2.5-3b-2026-08-17,empirical,Qwen/Qwen2.5-3B-Instruct,aa8e72537993ba99e69dfaafa59ed015b17504d1,DGS-002,holdout,easy,mathematics,easy__malfunctioning_always_fail__hostile,factorial,malfunctioning_always_fail,hostile,measured,d7d7f0fde0a37b4a8e9bb6cb67c75d9d93ae4999ec39d2acc6c4a94fb57d1a92,21.125,,0.0,,0.0,,0,false,0.06961349037902266,0.6416169470888557,0.00040174823993413837,,0.0,94,30.333333333333332,,0.0,0.0,true,true,B,10,10,true,3
phase_2,phase2-qwen2.5-3b-2026-08-17,empirical,Qwen/Qwen2.5-3B-Instruct,aa8e72537993ba99e69dfaafa59ed015b17504d1,DGS-002,holdout,easy,mathematics,easy__malfunctioning_always_fail__hostile,factorial,malfunctioning_always_fail,hostile,recovery,41d4f5251b3edde44a64384aca7bc6fb22b3c9f16ef0c4630d6068b30fd9f64b,20.625,,,m2_invalid_final_answer_all_ten_required,0.0,,0,false,0.10869401644585036,0.9120901330271202,0.00028432154348704316,,0.0,102,33.0,,0.0,0.0,true,true,B,10,9,true,3
phase_2,phase2-qwen2.5-3b-2026-08-17,empirical,Qwen/Qwen2.5-3B-Instruct,aa8e72537993ba99e69dfaafa59ed015b17504d1,DGS-002,holdout,easy,mathematics,easy__malfunctioning_always_fail__neutral,factorial,malfunctioning_always_fail,neutral,measured,8cd7a41c0118231ef186fc9dc83ca569e289e4bc09495827d9ac99ff9895399d,21.75,,0.0,,0.0,,0,false,0.09083475607192212,0.8477680161278893,0.0005749127140827518,,0.0,99,32.0,,0.0,0.0,true,true,B,10,10,true,3
phase_2,phase2-qwen2.5-3b-2026-08-17,empirical,Qwen/Qwen2.5-3B-Instruct,aa8e72537993ba99e69dfaafa59ed015b17504d1,DGS-002,holdout,easy,mathematics,easy__malfunctioning_always_fail__neutral,factorial,malfunctioning_always_fail,neutral,recovery,6fbf6ff2d79280b6e5c89200a8601b23e04fbaf60b385aee13b7769330af64b9,20.625,,,m2_invalid_final_answer_all_ten_required,0.0,,0,false,0.09661794141468033,0.8346230039479731,0.00018423570050338152,,0.0,101,32.666666666666664,,0.0,0.0,true,true,B,10,9,true,3
phase_2,phase2-qwen2.5-3b-2026-08-17,empirical,Qwen/Qwen2.5-3B-Instruct,aa8e72537993ba99e69dfaafa59ed015b17504d1,DGS-006,holdout,hard,mathematics,hard__accurate__hostile,factorial,accurate,hostile,measured,0abbe3f44603d1fc608903860d2c4b8e2d5cb879c9e0012fcc3a694ed701f146,21.75,,0.0,,,m3_zero_visible_reasoning_tokens,0,false,0.018570090575263425,0.05571023493266192,0.00010813313568251252,,0.0,3,0.0,,0.0,0.0,true,true,C,10,10,,3
phase_2,phase2-qwen2.5-3b-2026-08-17,empirical,Qwen/Qwen2.5-3B-Instruct,aa8e72537993ba99e69dfaafa59ed015b17504d1,DGS-006,holdout,hard,mathematics,hard__accurate__hostile,factorial,accurate,hostile,onset,9190b636778a9089e7552dcef81cc80ef418390f9e243fe16662f863734ae6b2,21.374999880790718,,,m2_invalid_final_answer_all_ten_required,0.0,,0,false,0.04278807237054114,0.40748534503399714,2.7550576084780532e-05,,0.07423580786026202,396,131.0,,0.0,0.0,true,true,C,10,8,,3
phase_2,phase2-qwen2.5-3b-2026-08-17,empirical,Qwen/Qwen2.5-3B-Instruct,aa8e72537993ba99e69dfaafa59ed015b17504d1,DGS-006,holdout,hard,mathematics,hard__accurate__hostile,factorial,accurate,hostile,onset_washout,19b5aab04b75aadc7e25212fffb4ca588b22d07b9ebae747269bbf5223d21e55,20.125,,,m2_invalid_final_answer_all_ten_required,,m3_zero_visible_reasoning_tokens,0,false,0.26394019064012547,0.7918204352761032,0.00031458157148012145,,0.0,3,0.0,,0.0,0.0,true,true,C,10,9,,3
phase_2,phase2-qwen2.5-3b-2026-08-17,empirical,Qwen/Qwen2.5-3B-Instruct,aa8e72537993ba99e69dfaafa59ed015b17504d1,DGS-006,holdout,hard,mathematics,hard__accurate__neutral,factorial,accurate,neutral,measured,548f1164e097a6e1db611caf99d4669496c8aa78d9cce1897b049660015d0a79,15.24999976158145,,0.0,,,m3_zero_visible_reasoning_tokens,0,false,0.2950956449803696,0.885282742243036,0.00030579106139834905,,0.0,3,0.0,,0.0,0.0,true,true,C,10,10,,3
phase_2,phase2-qwen2.5-3b-2026-08-17,empirical,Qwen/Qwen2.5-3B-Instruct,aa8e72537993ba99e69dfaafa59ed015b17504d1,DGS-006,holdout,hard,mathematics,hard__accurate__neutral,factorial,accurate,neutral,onset,dbda386141213b78293cea81fdab704c2766183cbea9cba6cdbd127c163af4a0,,m1_invalid_final_answer,0.0,,0.0,,0,false,0.005934249004311495,0.05674492661074333,7.768709151711323e-06,,0.09570957095709572,512,169.66666666666666,,0.0,0.0,false,,,10,10,,3
phase_2,phase2-qwen2.5-3b-2026-08-17,empirical,Qwen/Qwen2.5-3B-Instruct,aa8e72537993ba99e69dfaafa59ed015b17504d1,DGS-006,holdout,hard,mathematics,hard__accurate__neutral,factorial,accurate,neutral,onset_washout,7247e0343e0741eaaba7cee5b55233215600dc749fcf25530b6ee62ad8104bed,18.0,,0.0,,,m3_zero_visible_reasoning_tokens,0,false,0.1879107729420841,0.5637312103622271,0.0001242152809141824,,0.0,3,0.0,,0.0,0.0,true,true,C,10,10,,3
phase_2,phase2-qwen2.5-3b-2026-08-17,empirical,Qwen/Qwen2.5-3B-Instruct,aa8e72537993ba99e69dfaafa59ed015b17504d1,DGS-006,holdout,hard,mathematics,hard__malfunctioning_always_fail__hostile,factorial,malfunctioning_always_fail,hostile,measured,c915b327847c17028842f7439e9cb29f901dc5ea85b9ff4c0b0da9f9f9fa60d1,17.5,,0.09999999999999998,,,m3_zero_visible_reasoning_tokens,0,false,0.5201020891345346,1.5603055997315745,0.0043143753035046846,,0.0,3,0.0,,0.0,0.0,true,true,C,10,10,true,3
phase_2,phase2-qwen2.5-3b-2026-08-17,empirical,Qwen/Qwen2.5-3B-Instruct,aa8e72537993ba99e69dfaafa59ed015b17504d1,DGS-006,holdout,hard,mathematics,hard__malfunctioning_always_fail__hostile,factorial,malfunctioning_always_fail,hostile,recovery,8a61781fa04ca72ff7ba598848c6313e1ce6437d2ffcec50cbc8687f2e2fdd91,14.374999761583695,,,m2_invalid_final_answer_all_ten_required,,m3_zero_visible_reasoning_tokens,0,false,0.09829006708119337,0.2948341591710151,1.8246586370211187e-05,,0.0,3,0.0,,0.0,0.0,true,true,C,10,9,true,3
phase_2,phase2-qwen2.5-3b-2026-08-17,empirical,Qwen/Qwen2.5-3B-Instruct,aa8e72537993ba99e69dfaafa59ed015b17504d1,DGS-006,holdout,hard,mathematics,hard__malfunctioning_always_fail__neutral,factorial,malfunctioning_always_fail,neutral,measured,ebffeeb44da497f061a10dcfbd37cdb58f6075cc4465c7883c5deda001a2fd74,16.875,,,m2_invalid_final_answer_all_ten_required,,m3_zero_visible_reasoning_tokens,0,false,0.3091541923048951,0.9274615682281333,0.0014144920692759817,,0.0,3,0.0,,0.0,0.0,true,true,C,10,9,true,3
phase_2,phase2-qwen2.5-3b-2026-08-17,empirical,Qwen/Qwen2.5-3B-Instruct,aa8e72537993ba99e69dfaafa59ed015b17504d1,DGS-006,holdout,hard,mathematics,hard__malfunctioning_always_fail__neutral,factorial,malfunctioning_always_fail,neutral,recovery,68d5a3d1efb980afffc0408c9d715cad9756476090cd2132da6f604baf940dca,18.00000011921088,,,m2_invalid_final_answer_all_ten_required,0.0,,0,false,0.038529358548608936,0.3758437558261818,0.0001413683443455112,,0.09056603773584905,425,140.66666666666666,,0.0,0.0,true,true,C,10,8,true,3
phase_2,phase2-qwen2.5-3b-2026-08-17,empirical,Qwen/Qwen2.5-3B-Instruct,aa8e72537993ba99e69dfaafa59ed015b17504d1,DGS-008,holdout,hard,mathematics,hard__accurate__hostile,factorial,accurate,hostile,measured,a7244c49794d6aae1e11578cda2c5ff42cf387c7c1f3582ce0297d4ac3916446,22.25,,0.0,,,m3_zero_visible_reasoning_tokens,0,false,0.084849168551996,0.2545474924676907,0.00046666887498399606,,0.0,3,0.0,,0.0,0.0,true,true,A,10,10,,3
phase_2,phase2-qwen2.5-3b-2026-08-17,empirical,Qwen/Qwen2.5-3B-Instruct,aa8e72537993ba99e69dfaafa59ed015b17504d1,DGS-008,holdout,hard,mathematics,hard__accurate__hostile,factorial,accurate,hostile,onset,51f6d1b34316496a5689dd13fe61bb6af8f23691597a9fd8d2b1ddb861aa3998,23.875,,0.0,,0.0,,0,false,0.10846229722505787,0.9063524068010774,4.049418110966053e-05,,0.025252525252525252,338,111.66666666666667,,0.0,0.0,true,true,A,10,10,,3
phase_2,phase2-qwen2.5-3b-2026-08-17,empirical,Qwen/Qwen2.5-3B-Instruct,aa8e72537993ba99e69dfaafa59ed015b17504d1,DGS-008,holdout,hard,mathematics,hard__accurate__hostile,factorial,accurate,hostile,onset_washout,3cf1a9a30b381dd24878ada3dbda1b17aac8d3e7853bb536cd6eef73a08eb5d3,19.875,,0.0,,,m3_zero_visible_reasoning_tokens,0,false,0.06904698069617611,0.20714086605695944,5.389834563921762e-05,,0.0,3,0.0,,0.0,0.0,true,true,A,10,10,,3
phase_2,phase2-qwen2.5-3b-2026-08-17,empirical,Qwen/Qwen2.5-3B-Instruct,aa8e72537993ba99e69dfaafa59ed015b17504d1,DGS-008,holdout,hard,mathematics,hard__accurate__neutral,factorial,accurate,neutral,measured,3c2f359cff9d4489c7809433d01dcf51fe38b9c23fdc6036fe282dfb0b47562d,14.250000238418806,,,m2_invalid_final_answer_all_ten_required,,m3_zero_visible_reasoning_tokens,0,false,0.16812491212026448,0.5043624237404722,0.0002514482083022888,,0.0,3,0.0,,0.0,0.0,true,true,A,10,9,,3
phase_2,phase2-qwen2.5-3b-2026-08-17,empirical,Qwen/Qwen2.5-3B-Instruct,aa8e72537993ba99e69dfaafa59ed015b17504d1,DGS-008,holdout,hard,mathematics,hard__accurate__neutral,factorial,accurate,neutral,onset,68931a1dd9fe0eab9ecb9681dc0c0a2e92f63dbff02d34523c5c2a220864e6ca,12.750000238424946,,,m2_invalid_final_answer_all_ten_required,,m3_zero_visible_reasoning_tokens,0,false,0.22959677720432173,0.6887387073286478,9.649584817491192e-07,,0.0,3,0.0,,0.0,0.0,true,true,A,10,7,,3
phase_2,phase2-qwen2.5-3b-2026-08-17,empirical,Qwen/Qwen2.5-3B-Instruct,aa8e72537993ba99e69dfaafa59ed015b17504d1,DGS-008,holdout,hard,mathematics,hard__accurate__neutral,factorial,accurate,neutral,onset_washout,e78fd6f4590c44b8a3ffd05867c41cd910b8b7720c1276ea97ce6a96c0f12756,21.375,,,m2_invalid_final_answer_all_ten_required,0.0,,0,false,0.0091393051688409,0.08971017228895674,4.021367684886615e-06,,0.025362318840579712,434,143.66666666666666,,0.0,0.0,true,true,A,10,9,,3
phase_2,phase2-qwen2.5-3b-2026-08-17,empirical,Qwen/Qwen2.5-3B-Instruct,aa8e72537993ba99e69dfaafa59ed015b17504d1,DGS-008,holdout,hard,mathematics,hard__malfunctioning_always_fail__hostile,factorial,malfunctioning_always_fail,hostile,measured,bc26659d9505bba323655f5e440023d5dd41c3a4a68faf1d384382260ef6d9e4,16.999999880790718,,0.0,,0.0,,0,false,0.028751927702403358,0.2749674220994072,9.148455170176569e-05,,0.026923076923076925,413,136.66666666666666,,0.0,0.0,true,true,A,10,10,true,3
phase_2,phase2-qwen2.5-3b-2026-08-17,empirical,Qwen/Qwen2.5-3B-Instruct,aa8e72537993ba99e69dfaafa59ed015b17504d1,DGS-008,holdout,hard,mathematics,hard__malfunctioning_always_fail__hostile,factorial,malfunctioning_always_fail,hostile,recovery,e1c8a48de07cc25dded40813b9efd93aa63f382d96a1cac2a26d99361a87fa0b,19.625,,0.09999999999999998,,0.0,,0,false,0.05415987610895165,0.5357173325782971,0.0007242435225315287,,0.02564102564102564,427,141.33333333333334,,0.0,0.36231884057971014,true,true,A,10,10,true,3
phase_2,phase2-qwen2.5-3b-2026-08-17,empirical,Qwen/Qwen2.5-3B-Instruct,aa8e72537993ba99e69dfaafa59ed015b17504d1,DGS-008,holdout,hard,mathematics,hard__malfunctioning_always_fail__neutral,factorial,malfunctioning_always_fail,neutral,measured,8a9ae36e229a6dea0662b656cc1c23c7aba79445d70ccc49e6d9916527866b93,18.125,,,m2_invalid_final_answer_all_ten_required,0.0,,0,false,0.024634914370941913,0.24043589623029682,7.6274437291867e-05,,0.02109704641350211,484,160.33333333333334,,0.0,0.0,true,true,A,10,9,true,3
phase_2,phase2-qwen2.5-3b-2026-08-17,empirical,Qwen/Qwen2.5-3B-Instruct,aa8e72537993ba99e69dfaafa59ed015b17504d1,DGS-008,holdout,hard,mathematics,hard__malfunctioning_always_fail__neutral,factorial,malfunctioning_always_fail,neutral,recovery,4787ac6531ae54ee908fb539d4303a57aba7fef07175fbff6c102fbb0e4354f0,,m1_invalid_final_answer,,m2_invalid_final_answer_all_ten_required,0.0,,0,false,0.019595238050437426,0.19262526153035325,5.864523357445748e-05,,0.019011406844106463,512,169.66666666666666,,0.0,0.0,false,,,10,8,true,3
phase_2,phase2-qwen2.5-3b-2026-08-17,empirical,Qwen/Qwen2.5-3B-Instruct,aa8e72537993ba99e69dfaafa59ed015b17504d1,DGS-009,holdout,easy,logic,easy__accurate__hostile,factorial,accurate,hostile,measured,70f9bda3f8b00c8827f56465435499b1511e72f3ecdaeb8d8b24cf8f9fb0c13b,21.75,,,m2_invalid_final_answer_all_ten_required,0.0,,0,false,0.5912285247637686,1.8492590824976958,0.0025566596297500726,,0.06097560975609756,201,66.0,,0.0,0.0,true,true,D,10,9,,3
phase_2,phase2-qwen2.5-3b-2026-08-17,empirical,Qwen/Qwen2.5-3B-Instruct,aa8e72537993ba99e69dfaafa59ed015b17504d1,DGS-009,holdout,easy,logic,easy__accurate__hostile,factorial,accurate,hostile,onset,f46106f42e17b1ea2507a75e6315824a4db72505e9ab7113fc7e2f38804989bd,16.624999284747673,,,m2_invalid_final_answer_all_ten_required,0.0,,0,false,0.055414480350701206,0.5072297716938983,5.295573427266145e-05,,0.05179282868525897,321,106.0,,0.0,0.0,true,true,D,10,8,,3
phase_2,phase2-qwen2.5-3b-2026-08-17,empirical,Qwen/Qwen2.5-3B-Instruct,aa8e72537993ba99e69dfaafa59ed015b17504d1,DGS-009,holdout,easy,logic,easy__accurate__hostile,factorial,accurate,hostile,onset_washout,279174763665b07bcad3375b737f7e801dad236d37817fd5397e0959328711ff,13.749999880791279,,,m2_invalid_final_answer_all_ten_required,0.0,,0,false,0.7178346612663313,1.8970184616336714,0.0035741403479744183,,0.0,18,5.0,,0.0,0.0,true,true,D,10,9,,3
phase_2,phase2-qwen2.5-3b-2026-08-17,empirical,Qwen/Qwen2.5-3B-Instruct,aa8e72537993ba99e69dfaafa59ed015b17504d1,DGS-009,holdout,easy,logic,easy__accurate__neutral,factorial,accurate,neutral,measured,4eac6ca34dafb67ba39d5e7772959a9668d279d8900b69a5b3f64060fd2639ab,22.375,,0.0,,,m3_zero_visible_reasoning_tokens,0,false,0.47209757362097676,1.4162926839536494,0.0014737467521191983,,0.0,3,0.0,,0.0,0.0,true,true,D,10,10,,3
phase_2,phase2-qwen2.5-3b-2026-08-17,empirical,Qwen/Qwen2.5-3B-Instruct,aa8e72537993ba99e69dfaafa59ed015b17504d1,DGS-009,holdout,easy,logic,easy__accurate__neutral,factorial,accurate,neutral,onset,23337646919bb77ebc1359a22c62d9453d88a05966c2df61f046b127e538f2ee,25.875,,0.0,,0.0,,0,false,0.007010277386533935,0.06831093968424037,1.6768593996543264e-06,,0.0234375,320,105.66666666666667,,0.0,0.0,true,true,D,10,10,,3
phase_2,phase2-qwen2.5-3b-2026-08-17,empirical,Qwen/Qwen2.5-3B-Instruct,aa8e72537993ba99e69dfaafa59ed015b17504d1,DGS-009,holdout,easy,logic,easy__accurate__neutral,factorial,accurate,neutral,onset_washout,d9562f4bde5720ee382f6ea534aaad5e7a60a89b2ce8c029952c60a7610f3dfd,24.875,,0.0,,0.0,,0,false,0.009986274812111652,0.0996589363140993,4.669070469190059e-06,,0.0234375,320,105.66666666666667,,0.0,0.0,true,true,D,10,10,,3
phase_2,phase2-qwen2.5-3b-2026-08-17,empirical,Qwen/Qwen2.5-3B-Instruct,aa8e72537993ba99e69dfaafa59ed015b17504d1,DGS-009,holdout,easy,logic,easy__malfunctioning_always_fail__hostile,factorial,malfunctioning_always_fail,hostile,measured,ed90dee40b4753f2a09eae76a42dd9a8ca976425e7344d305e7e8bcd1996c1be,-9.250000243031536,,0.09999999999999998,,0.0,,0,false,0.04499331813697005,0.4219220396723408,0.0001979951720017053,,0.07894736842105263,349,115.33333333333333,,0.0,0.0,true,false,A,10,10,true,3
phase_2,phase2-qwen2.5-3b-2026-08-17,empirical,Qwen/Qwen2.5-3B-Instruct,aa8e72537993ba99e69dfaafa59ed015b17504d1,DGS-009,holdout,easy,logic,easy__malfunctioning_always_fail__hostile,factorial,malfunctioning_always_fail,hostile,recovery,9df6a2a73f458ff0be65039469944d66e2f64cd79b98af48eb61476e9053bc64,-4.50000022072345,,0.0,,0.0,,0,false,0.06953696722107897,0.660661247567237,0.0006120985712008226,,0.07664233576642336,358,118.33333333333333,,0.0,0.36101083032490977,true,false,A,10,10,true,3
phase_2,phase2-qwen2.5-3b-2026-08-17,empirical,Qwen/Qwen2.5-3B-Instruct,aa8e72537993ba99e69dfaafa59ed015b17504d1,DGS-009,holdout,easy,logic,easy__malfunctioning_always_fail__neutral,factorial,malfunctioning_always_fail,neutral,measured,e3d58053d60824fc9da23b3d88c05f1e7fb0c42914e50c6dfbc7377b71b87a84,-11.749999761612344,,,m2_invalid_final_answer_all_ten_required,0.0,,0,false,0.04007693160104811,0.3553289348717183,0.0001343703613030619,,0.06666666666666667,373,123.33333333333333,,0.0,0.0,true,false,A,10,8,true,3
phase_2,phase2-qwen2.5-3b-2026-08-17,empirical,Qwen/Qwen2.5-3B-Instruct,aa8e72537993ba99e69dfaafa59ed015b17504d1,DGS-009,holdout,easy,logic,easy__malfunctioning_always_fail__neutral,factorial,malfunctioning_always_fail,neutral,recovery,b84e0b764b8a6ab0aa478a9a89efe98799d34b23d23330f4dbebaf76c8101e62,-1.2499999701976776,,,m2_invalid_final_answer_all_ten_required,0.0,,0,false,0.01864581039432863,0.17844449389839215,3.7813683529386e-05,,0.0673758865248227,370,122.33333333333333,,0.0,0.0,true,false,A,10,6,true,3
phase_2,phase2-qwen2.5-3b-2026-08-17,empirical,Qwen/Qwen2.5-3B-Instruct,aa8e72537993ba99e69dfaafa59ed015b17504d1,DGS-011,holdout,easy,logic,easy__accurate__hostile,factorial,accurate,hostile,measured,5bf8a7c157b321635c68405adf1b8fc59a1919ab41629d9a72359a78af5938c9,26.0,,0.0,,,m3_zero_visible_reasoning_tokens,0,false,0.11640229677858217,0.34920688793975146,4.638524800903987e-05,,0.0,3,0.0,,0.0,0.0,true,true,A,10,10,,3
phase_2,phase2-qwen2.5-3b-2026-08-17,empirical,Qwen/Qwen2.5-3B-Instruct,aa8e72537993ba99e69dfaafa59ed015b17504d1,DGS-011,holdout,easy,logic,easy__accurate__hostile,factorial,accurate,hostile,onset,8b23846c7a4c90de7019a61728d36a2727144737a2be883d19b3673feaa7db7b,20.25,,0.0,,0.0,,0,false,0.05025870499827039,0.46439314560265127,5.645214474264499e-05,,0.017777777777777778,286,94.33333333333333,,0.0,0.0,true,true,A,10,10,,3
phase_2,phase2-qwen2.5-3b-2026-08-17,empirical,Qwen/Qwen2.5-3B-Instruct,aa8e72537993ba99e69dfaafa59ed015b17504d1,DGS-011,holdout,easy,logic,easy__accurate__hostile,factorial,accurate,hostile,onset_washout,5ca746a49ef0d5904a09d5bf566b9eec3810a2a2b64b737b63d9fda3ea59f70d,25.375,,0.0,,,m3_zero_visible_reasoning_tokens,0,false,0.11303735611491618,0.33911206110860204,2.9094227895506048e-05,,0.0,3,0.0,,0.0,0.0,true,true,A,10,10,,3
phase_2,phase2-qwen2.5-3b-2026-08-17,empirical,Qwen/Qwen2.5-3B-Instruct,aa8e72537993ba99e69dfaafa59ed015b17504d1,DGS-011,holdout,easy,logic,easy__accurate__neutral,factorial,accurate,neutral,measured,c241efd56b1a676f6932a752c9c6c1b58e63cbf9e6441d664e737f65ec67ffa2,28.5,,0.0,,,m3_zero_visible_reasoning_tokens,0,false,0.0006350373347628729,0.0019051118237451308,6.352682620687962e-08,,0.0,3,0.0,,0.0,0.0,true,true,A,10,10,,3
phase_2,phase2-qwen2.5-3b-2026-08-17,empirical,Qwen/Qwen2.5-3B-Instruct,aa8e72537993ba99e69dfaafa59ed015b17504d1,DGS-011,holdout,easy,logic,easy__accurate__neutral,factorial,accurate,neutral,onset,b2da8fa4255fe44fa84819ae532d13dce854ec64ca633b5eb95fdeadbe7fe673,31.875,,0.0,,,m3_zero_visible_reasoning_tokens,0,false,2.8565398804773214e-05,8.569599080990733e-05,2.219269290559822e-08,,0.0,3,0.0,,0.0,0.0,true,true,A,10,10,,3
phase_2,phase2-qwen2.5-3b-2026-08-17,empirical,Qwen/Qwen2.5-3B-Instruct,aa8e72537993ba99e69dfaafa59ed015b17504d1,DGS-011,holdout,easy,logic,easy__accurate__neutral,factorial,accurate,neutral,onset_washout,21e063f8b93f09aa9bdffaa6afdc6591b44213f9e9090b4dbcb776ee0ac63c90,31.375,,0.0,,,m3_zero_visible_reasoning_tokens,0,false,0.0002454942646329411,0.0007364827094724236,1.4256878918169255e-07,,0.0,3,0.0,,0.0,0.0,true,true,A,10,10,,3
phase_2,phase2-qwen2.5-3b-2026-08-17,empirical,Qwen/Qwen2.5-3B-Instruct,aa8e72537993ba99e69dfaafa59ed015b17504d1,DGS-011,holdout,easy,logic,easy__malfunctioning_always_fail__hostile,factorial,malfunctioning_always_fail,hostile,measured,37ec39654eefed6fec567ce19ce54677a943bf14a47b8dd44f569ce47a549138,21.5,,0.0,,,m3_zero_visible_reasoning_tokens,0,false,0.4887938160933343,1.4663813986522376,0.0012121751584469969,,0.0,3,0.0,,0.0,0.0,true,true,A,10,10,true,3
phase_2,phase2-qwen2.5-3b-2026-08-17,empirical,Qwen/Qwen2.5-3B-Instruct,aa8e72537993ba99e69dfaafa59ed015b17504d1,DGS-011,holdout,easy,logic,easy__malfunctioning_always_fail__hostile,factorial,malfunctioning_always_fail,hostile,recovery,acb786894f561733e1129f9bf0e8d0e1a63d7188e796cdc07cfcfb6527f9fee9,15.999999642372188,,0.0,,0.0,,0,false,0.0752217594786197,0.7059346138479442,0.00014937936070710475,,0.03365384615384615,289,95.33333333333333,,0.0,0.0,true,true,A,10,10,true,3
phase_2,phase2-qwen2.5-3b-2026-08-17,empirical,Qwen/Qwen2.5-3B-Instruct,aa8e72537993ba99e69dfaafa59ed015b17504d1,DGS-011,holdout,easy,logic,easy__malfunctioning_always_fail__neutral,factorial,malfunctioning_always_fail,neutral,measured,25c012d729081400b4ac100cbc408194da20e59080929b869f691562dd0c520f,25.75,,,m2_invalid_final_answer_all_ten_required,0.0,,0,false,0.31145905887850356,1.4281179121428693,0.0007246985349559985,,0.0,34,10.333333333333334,,0.0,0.0,true,true,A,10,9,true,3
phase_2,phase2-qwen2.5-3b-2026-08-17,empirical,Qwen/Qwen2.5-3B-Instruct,aa8e72537993ba99e69dfaafa59ed015b17504d1,DGS-011,holdout,easy,logic,easy__malfunctioning_always_fail__neutral,factorial,malfunctioning_always_fail,neutral,recovery,1977672df73f77bb7f9a35d8e195ade0692fcfe4cc40560468f343d6cf543e35,14.749999642372188,,,m2_invalid_final_answer_all_ten_required,0.0,,0,false,0.09974075759105056,0.8843463910083136,0.0004472902571530775,,0.040229885057471264,225,74.0,,0.0,0.0,true,true,A,10,8,true,3
phase_2,phase2-qwen2.5-3b-2026-08-17,empirical,Qwen/Qwen2.5-3B-Instruct,aa8e72537993ba99e69dfaafa59ed015b17504d1,DGS-013,holdout,hard,logic,hard__accurate__hostile,factorial,accurate,hostile,measured,e71b6fbf304888dd4dda620d77f09cfcafbb4cf9f4b9661f4adcb58a0af3a734,-0.25,,,m2_invalid_final_answer_all_ten_required,,m3_zero_visible_reasoning_tokens,0,false,0.6645761248338807,1.2826485821001539,0.00019506227215319397,,0.0,3,0.0,,0.0,0.0,true,false,A,10,6,,3
phase_2,phase2-qwen2.5-3b-2026-08-17,empirical,Qwen/Qwen2.5-3B-Instruct,aa8e72537993ba99e69dfaafa59ed015b17504d1,DGS-013,holdout,hard,logic,hard__accurate__hostile,factorial,accurate,hostile,onset,52d4c68918b1c1bc805edff3c1c14440135a7950ecfd6388de1ba2782b926c66,,m1_invalid_final_answer,,m2_invalid_final_answer_all_ten_required,0.0,,0,false,0.01684117594494861,0.14928888025228018,1.6359928323771665e-05,,0.38107416879795397,512,169.66666666666666,,0.0,0.0,false,,,10,6,,3
phase_2,phase2-qwen2.5-3b-2026-08-17,empirical,Qwen/Qwen2.5-3B-Instruct,aa8e72537993ba99e69dfaafa59ed015b17504d1,DGS-013,holdout,hard,logic,hard__accurate__hostile,factorial,accurate,hostile,onset_washout,1d07ef2bf9a124383dce44a596453586aea90ee7ba3f6ad96e9fbd128efbc1b8,-2.2499998807907104,,,m2_invalid_final_answer_all_ten_required,,m3_zero_visible_reasoning_tokens,0,false,0.2289335450509619,0.625077259934591,5.215828029481173e-07,,0.0,3,0.0,,0.0,0.0,true,false,A,10,6,,3
phase_2,phase2-qwen2.5-3b-2026-08-17,empirical,Qwen/Qwen2.5-3B-Instruct,aa8e72537993ba99e69dfaafa59ed015b17504d1,DGS-013,holdout,hard,logic,hard__accurate__neutral,factorial,accurate,neutral,measured,c537c23c048b19c282870cf85549d837aa137903d09741fc59afc0975fccb251,18.875,,,m2_invalid_final_answer_all_ten_required,,m3_zero_visible_reasoning_tokens,0,false,0.016485564895016232,0.04945649106814193,4.301559344155326e-05,,0.0,3,0.0,,0.0,0.0,true,true,B,10,8,,3
phase_2,phase2-qwen2.5-3b-2026-08-17,empirical,Qwen/Qwen2.5-3B-Instruct,aa8e72537993ba99e69dfaafa59ed015b17504d1,DGS-013,holdout,hard,logic,hard__accurate__neutral,factorial,accurate,neutral,onset,9d22c7ad18275c3d22fd0ec790f7a06521f0f37e816dd36bf5e16b7d1609647d,13.875000238424946,,,m2_invalid_final_answer_all_ten_required,,m3_zero_visible_reasoning_tokens,0,false,0.06779355409719696,0.20332725210791203,8.915725541921068e-07,,0.0,3,0.0,,0.0,0.0,true,true,B,10,8,,3
phase_2,phase2-qwen2.5-3b-2026-08-17,empirical,Qwen/Qwen2.5-3B-Instruct,aa8e72537993ba99e69dfaafa59ed015b17504d1,DGS-013,holdout,hard,logic,hard__accurate__neutral,factorial,accurate,neutral,onset_washout,2e1356ae0da5a2f1ba958ecc215835b6dc56642bb4aae25df6d0e4180ee2bf6e,20.25,,,m2_invalid_final_answer_all_ten_required,,m3_zero_visible_reasoning_tokens,0,false,0.011465768708599182,0.03439726695215038,3.7925061498282156e-06,,0.0,3,0.0,,0.0,0.0,true,true,B,10,9,,3
phase_2,phase2-qwen2.5-3b-2026-08-17,empirical,Qwen/Qwen2.5-3B-Instruct,aa8e72537993ba99e69dfaafa59ed015b17504d1,DGS-013,holdout,hard,logic,hard__malfunctioning_always_fail__hostile,factorial,malfunctioning_always_fail,hostile,measured,7c9269d67430ba661f7b0228e5dd74f14d523e8a70619523ded861e87537d1b5,-13.499999761589606,,,m2_invalid_final_answer_all_ten_required,,m3_zero_visible_reasoning_tokens,0,false,0.1554668590691733,0.4663406414376259,7.06298269878743e-05,,0.0,3,0.0,,0.0,0.0,true,false,A,10,7,false,3
phase_2,phase2-qwen2.5-3b-2026-08-17,empirical,Qwen/Qwen2.5-3B-Instruct,aa8e72537993ba99e69dfaafa59ed015b17504d1,DGS-013,holdout,hard,logic,hard__malfunctioning_always_fail__hostile,factorial,malfunctioning_always_fail,hostile,recovery,bd9ae27c61f5682b84ed84d9a723b6f0f6dc936fa3e372b47fee80e25780bdb9,-18.25000071525642,,,m2_invalid_final_answer_all_ten_required,0.0,,0,false,0.15694927790145022,1.1720911241097358,0.0006041848265287843,,0.38005390835579517,500,165.66666666666666,,0.0,0.0,true,false,A,10,6,false,3
phase_2,phase2-qwen2.5-3b-2026-08-17,empirical,Qwen/Qwen2.5-3B-Instruct,aa8e72537993ba99e69dfaafa59ed015b17504d1,DGS-013,holdout,hard,logic,hard__malfunctioning_always_fail__neutral,factorial,malfunctioning_always_fail,neutral,measured,bc65935a60ab5a805d070ba56ad93f7a2bf1ed6ae12691b64120baf13cfeb7da,-16.624999761649633,,,m2_invalid_final_answer_all_ten_required,0.0,,0,false,0.08977767624175974,0.714087071532632,0.000363307210366895,,0.33827893175074186,459,152.0,,0.0,0.0,true,false,D,10,8,false,3
phase_2,phase2-qwen2.5-3b-2026-08-17,empirical,Qwen/Qwen2.5-3B-Instruct,aa8e72537993ba99e69dfaafa59ed015b17504d1,DGS-013,holdout,hard,logic,hard__malfunctioning_always_fail__neutral,factorial,malfunctioning_always_fail,neutral,recovery,646484f11d0a0c35ad130c5589990273870efd37369d444fc7e65435f313c49c,-12.500000158848707,,,m2_invalid_final_answer_all_ten_required,0.0,,0,false,0.07898543545952605,0.6637848991389103,0.0007658232772277532,,0.336283185840708,463,153.33333333333334,,0.0,0.0,true,false,D,10,8,false,3
phase_2,phase2-qwen2.5-3b-2026-08-17,empirical,Qwen/Qwen2.5-3B-Instruct,aa8e72537993ba99e69dfaafa59ed015b17504d1,DGS-016,holdout,hard,logic,hard__accurate__hostile,factorial,accurate,hostile,measured,119d9ea61f12e4f0f83d2456391cfb509807839cef6df72b49f4a0df997c323e,21.75,,0.6,,0.0,,0,false,0.33410402203820877,1.4842364464154283,0.0007350704847859648,,0.0,95,30.666666666666668,,0.0,0.0,true,true,D,10,10,,3
phase_2,phase2-qwen2.5-3b-2026-08-17,empirical,Qwen/Qwen2.5-3B-Instruct,aa8e72537993ba99e69dfaafa59ed015b17504d1,DGS-016,holdout,hard,logic,hard__accurate__hostile,factorial,accurate,hostile,onset,94011a0631386201a7e368735a980e85beff1418921659fce2a8e0aaa0475c5d,19.874999880790718,,,m2_invalid_final_answer_all_ten_required,0.0,,0,false,0.12762844049021102,0.9575472588331577,0.00020357608780163843,,0.2131782945736434,453,150.0,,0.0,0.0,true,true,D,10,8,,3
phase_2,phase2-qwen2.5-3b-2026-08-17,empirical,Qwen/Qwen2.5-3B-Instruct,aa8e72537993ba99e69dfaafa59ed015b17504d1,DGS-016,holdout,hard,logic,hard__accurate__hostile,factorial,accurate,hostile,onset_washout,9dbe7531efbbd4a426259a22f297af646584b958a369836f262e8f7b5e17ac06,18.625,,0.6,,0.0,,0,false,0.4376304649069226,1.626371670866289,0.0011008400426331711,,0.0,37,11.333333333333334,,0.0,0.0,true,true,D,10,10,,3
phase_2,phase2-qwen2.5-3b-2026-08-17,empirical,Qwen/Qwen2.5-3B-Instruct,aa8e72537993ba99e69dfaafa59ed015b17504d1,DGS-016,holdout,hard,logic,hard__accurate__neutral,factorial,accurate,neutral,measured,74ac5920557d66c35ed5bf9425613514d52901316cf78f176222b97445eccaa9,13.000000000004093,,,m2_invalid_final_answer_all_ten_required,,m3_zero_visible_reasoning_tokens,0,false,0.39380964538582425,1.1813874978916248,0.0030058048336026877,,0.0,3,0.0,,0.0,0.0,true,true,D,10,9,,3
phase_2,phase2-qwen2.5-3b-2026-08-17,empirical,Qwen/Qwen2.5-3B-Instruct,aa8e72537993ba99e69dfaafa59ed015b17504d1,DGS-016,holdout,hard,logic,hard__accurate__neutral,factorial,accurate,neutral,onset,ac5e0dceb8dcdd5861582cffdddeac723d3236f15f491a09b99687795008578b,20.5,,,m2_invalid_final_answer_all_ten_required,0.0,,0,false,0.02439459404813315,0.2226845921998774,1.689274639887208e-05,,0.00816326530612245,374,123.66666666666667,,0.0,0.0,true,true,D,10,7,,3
phase_2,phase2-qwen2.5-3b-2026-08-17,empirical,Qwen/Qwen2.5-3B-Instruct,aa8e72537993ba99e69dfaafa59ed015b17504d1,DGS-016,holdout,hard,logic,hard__accurate__neutral,factorial,accurate,neutral,onset_washout,06f43633b2029fe4a0c398416086e7b93e3b6b07a585e02d0c0f0b7ab6957c31,18.0,,,m2_invalid_final_answer_all_ten_required,0.0,,0,false,0.04441529820764762,0.4382347675154926,0.00019205937415278505,,0.008097165991902834,380,125.66666666666667,,0.0,0.0,true,true,D,10,9,,3
phase_2,phase2-qwen2.5-3b-2026-08-17,empirical,Qwen/Qwen2.5-3B-Instruct,aa8e72537993ba99e69dfaafa59ed015b17504d1,DGS-016,holdout,hard,logic,hard__malfunctioning_always_fail__hostile,factorial,malfunctioning_always_fail,hostile,measured,fec47cc64c96b3a85e164f37e13dcaebe3dee0abb2243225b28ceb207b248084,2.5000000298023224,,,m2_invalid_final_answer_all_ten_required,0.0,,0,false,0.33521857994277854,1.4730619822562097,0.0008445475959758687,,0.047619047619047616,228,75.0,,0.0,0.0,true,true,D,10,8,true,3
phase_2,phase2-qwen2.5-3b-2026-08-17,empirical,Qwen/Qwen2.5-3B-Instruct,aa8e72537993ba99e69dfaafa59ed015b17504d1,DGS-016,holdout,hard,logic,hard__malfunctioning_always_fail__hostile,factorial,malfunctioning_always_fail,hostile,recovery,3b17fcbb455a16f95db677235d4dedff635b2c1a6471371439e02273f7f0d12e,17.375,,,m2_invalid_final_answer_all_ten_required,0.0,,0,false,0.2184153268404342,1.370835653837883,0.0014065691765096397,,0.33488372093023255,392,129.66666666666666,,0.0,0.0,true,true,D,10,5,true,3
phase_2,phase2-qwen2.5-3b-2026-08-17,empirical,Qwen/Qwen2.5-3B-Instruct,aa8e72537993ba99e69dfaafa59ed015b17504d1,DGS-016,holdout,hard,logic,hard__malfunctioning_always_fail__neutral,factorial,malfunctioning_always_fail,neutral,measured,ba136f484d22fa86454ab8dcd44ba4db5ce2b2f67a1c18c2234e32dd32b57733,-9.750000368643668,,,m2_invalid_final_answer_all_ten_required,0.0,,0,false,0.1123402591645189,0.9571211544951722,0.0006419103996264038,,0.3880597014925373,360,119.0,,0.0,0.0,true,false,A,10,9,false,3
phase_2,phase2-qwen2.5-3b-2026-08-17,empirical,Qwen/Qwen2.5-3B-Instruct,aa8e72537993ba99e69dfaafa59ed015b17504d1,DGS-016,holdout,hard,logic,hard__malfunctioning_always_fail__neutral,factorial,malfunctioning_always_fail,neutral,recovery,0690837763496c5ba2bb99dd77e3f11839c81aa909aace605679c226922a48fd,,m1_invalid_final_answer,,m2_invalid_final_answer_all_ten_required,0.0,,0,false,0.2398382138632698,1.6253382134017065,0.002855838993962817,,0.3821428571428571,448,148.33333333333334,,0.0,0.0,false,,,10,4,false,3
phase_2,phase2-qwen2.5-3b-2026-08-17,empirical,Qwen/Qwen2.5-3B-Instruct,aa8e72537993ba99e69dfaafa59ed015b17504d1,DGS-017,holdout,easy,science,easy__accurate__hostile,factorial,accurate,hostile,measured,3db61663320d0e7074cebaaaf3f44ef757ecae253eecda9eba5006b415731235,22.375,,0.0,,,m3_zero_visible_reasoning_tokens,0,false,0.1407064018065108,0.4221191843479316,0.00030030371310944365,,0.0,3,0.0,,0.0,0.0,true,true,A,10,10,,3
phase_2,phase2-qwen2.5-3b-2026-08-17,empirical,Qwen/Qwen2.5-3B-Instruct,aa8e72537993ba99e69dfaafa59ed015b17504d1,DGS-017,holdout,easy,science,easy__accurate__hostile,factorial,accurate,hostile,onset,1c231596e9843b0e81672511161957e406afc66fdd2be8a4631f5bbed627be47,18.749999403953723,,0.0,,,m3_zero_visible_reasoning_tokens,0,false,0.2414432259565208,0.724319483857415,1.5522520253571e-05,,0.0,3,0.0,,0.0,0.0,true,true,A,10,10,,3
phase_2,phase2-qwen2.5-3b-2026-08-17,empirical,Qwen/Qwen2.5-3B-Instruct,aa8e72537993ba99e69dfaafa59ed015b17504d1,DGS-017,holdout,easy,science,easy__accurate__hostile,factorial,accurate,hostile,onset_washout,c4f6dca5c100913dd11ebcdbc89f57a6249c315c53bce1e2f05f387934c5fa5c,26.5,,0.0,,,m3_zero_visible_reasoning_tokens,0,false,0.0030592794888890423,0.009177837863211663,4.4640895006479536e-07,,0.0,3,0.0,,0.0,0.0,true,true,A,10,10,,3
phase_2,phase2-qwen2.5-3b-2026-08-17,empirical,Qwen/Qwen2.5-3B-Instruct,aa8e72537993ba99e69dfaafa59ed015b17504d1,DGS-017,holdout,easy,science,easy__accurate__neutral,factorial,accurate,neutral,measured,1c03a2472fb97b6650aa31271ceae04e6d3b34cd3c8e860fbf65b125652f4a8c,23.75,,0.0,,,m3_zero_visible_reasoning_tokens,0,false,0.009377507351688014,0.02813251837278767,1.7168273291160812e-05,,0.0,3,0.0,,0.0,0.0,true,true,A,10,10,,3
phase_2,phase2-qwen2.5-3b-2026-08-17,empirical,Qwen/Qwen2.5-3B-Instruct,aa8e72537993ba99e69dfaafa59ed015b17504d1,DGS-017,holdout,easy,science,easy__accurate__neutral,factorial,accurate,neutral,onset,6b3b5d0751484202e066bf6b0c2df9d825aec4c9eecb77864adda432251f81b1,24.125,,0.0,,0.0,,0,false,0.48928560402184873,1.5201395974753826,0.00034199457485554335,,0.0,16,4.333333333333333,,0.0,0.0,true,true,A,10,10,,3
phase_2,phase2-qwen2.5-3b-2026-08-17,empirical,Qwen/Qwen2.5-3B-Instruct,aa8e72537993ba99e69dfaafa59ed015b17504d1,DGS-017,holdout,easy,science,easy__accurate__neutral,factorial,accurate,neutral,onset_washout,4122dbe2600745dbb74530d35fea24487de3fff27f7204432ecb46d5076e9385,24.75,,0.0,,0.0,,0,false,0.28466376697381346,1.1233456964937458,0.0001346580514793367,,0.0,18,5.0,,0.0,0.0,true,true,A,10,10,,3
phase_2,phase2-qwen2.5-3b-2026-08-17,empirical,Qwen/Qwen2.5-3B-Instruct,aa8e72537993ba99e69dfaafa59ed015b17504d1,DGS-017,holdout,easy,science,easy__malfunctioning_always_fail__hostile,factorial,malfunctioning_always_fail,hostile,measured,e69372757efd64dc69a1492725e3945e5c9595c6b8ba4a8448ab73e7d5fa657d,19.0,,0.0,,,m3_zero_visible_reasoning_tokens,0,false,0.046169314009202905,0.13850772370148368,0.00012454572967416735,,0.0,3,0.0,,0.0,0.0,true,true,A,10,10,true,3
phase_2,phase2-qwen2.5-3b-2026-08-17,empirical,Qwen/Qwen2.5-3B-Instruct,aa8e72537993ba99e69dfaafa59ed015b17504d1,DGS-017,holdout,easy,science,easy__malfunctioning_always_fail__hostile,factorial,malfunctioning_always_fail,hostile,recovery,185bc103abc03a3195ad652776d662d509a34a8365604eb6f075de1b74061715,18.5,,0.0,,,m3_zero_visible_reasoning_tokens,0,false,0.035410720313138896,0.10623149045693069,4.574938915665368e-06,,0.0,3,0.0,,0.0,0.0,true,true,A,10,10,true,3
phase_2,phase2-qwen2.5-3b-2026-08-17,empirical,Qwen/Qwen2.5-3B-Instruct,aa8e72537993ba99e69dfaafa59ed015b17504d1,DGS-017,holdout,easy,science,easy__malfunctioning_always_fail__neutral,factorial,malfunctioning_always_fail,neutral,measured,5a5ac41abbf75940b2f6a4f07f8722a23482381bbdcfa4d4b0d27af059e79002,23.875,,0.0,,,m3_zero_visible_reasoning_tokens,0,false,0.1594199728403575,0.4782599130489782,0.0012748285912453545,,0.0,3,0.0,,0.0,0.0,true,true,A,10,10,true,3
phase_2,phase2-qwen2.5-3b-2026-08-17,empirical,Qwen/Qwen2.5-3B-Instruct,aa8e72537993ba99e69dfaafa59ed015b17504d1,DGS-017,holdout,easy,science,easy__malfunctioning_always_fail__neutral,factorial,malfunctioning_always_fail,neutral,recovery,9fbf96aaf3b1771382ef3315aab2e8853e39d7c2cf243be734f2cf7ffcaead1f,23.125,,0.0,,0.0,,0,false,0.43084913208217823,1.9131439776952877,0.003907673755493834,,0.0,99,32.0,,0.0,0.0,true,true,A,10,10,true,3
phase_2,phase2-qwen2.5-3b-2026-08-17,empirical,Qwen/Qwen2.5-3B-Instruct,aa8e72537993ba99e69dfaafa59ed015b17504d1,DGS-019,holdout,easy,science,easy__accurate__hostile,factorial,accurate,hostile,measured,277acaac23defe58cf0fa838bad457158f125297747e44ff115bd2f2101f67c3,19.75,,0.0,,,m3_zero_visible_reasoning_tokens,0,false,0.27164369672580496,0.8149310323896937,0.0002116360465602337,,0.0,3,0.0,,0.0,0.0,true,true,B,10,10,,3
phase_2,phase2-qwen2.5-3b-2026-08-17,empirical,Qwen/Qwen2.5-3B-Instruct,aa8e72537993ba99e69dfaafa59ed015b17504d1,DGS-019,holdout,easy,science,easy__accurate__hostile,factorial,accurate,hostile,onset,3b7feb500b2007f90ed0db59786ff2299e75696bf137b4a94d52db19ae792fed,19.375,,0.0,,0.0,,0,false,0.05297665031415765,0.5105887875087594,4.1245931217505534e-05,,0.0136986301369863,128,41.666666666666664,,0.0,0.0,true,true,B,10,10,,3
phase_2,phase2-qwen2.5-3b-2026-08-17,empirical,Qwen/Qwen2.5-3B-Instruct,aa8e72537993ba99e69dfaafa59ed015b17504d1,DGS-019,holdout,easy,science,easy__accurate__hostile,factorial,accurate,hostile,onset_washout,d2d9f746c6be7b209d558f9dae464da3b33f7cc0c9248f32e2c716a686e772eb,20.875,,0.0,,0.0,,0,false,0.06116452701046769,0.58750359015036,0.00015072228363748736,,0.014492753623188406,126,41.0,,0.0,0.0,true,true,B,10,10,,3
phase_2,phase2-qwen2.5-3b-2026-08-17,empirical,Qwen/Qwen2.5-3B-Instruct,aa8e72537993ba99e69dfaafa59ed015b17504d1,DGS-019,holdout,easy,science,easy__accurate__neutral,factorial,accurate,neutral,measured,83b590fb1f44987efe5e60d21a44c74bc00fb5509a163b992962020fe70070fa,19.0,,0.0,,,m3_zero_visible_reasoning_tokens,0,false,0.47466579373471274,1.4239972633125169,0.0016259472949913627,,0.0,3,0.0,,0.0,0.0,true,true,B,10,10,,3
phase_2,phase2-qwen2.5-3b-2026-08-17,empirical,Qwen/Qwen2.5-3B-Instruct,aa8e72537993ba99e69dfaafa59ed015b17504d1,DGS-019,holdout,easy,science,easy__accurate__neutral,factorial,accurate,neutral,onset,c5fc6319fcdfddd220ed8d7aa31a2fc364df845d880844d561f5b75bea2fda7d,22.375,,0.0,,0.0,,0,false,0.03861427342968996,0.3655666293680049,2.8298156078021552e-05,,0.0,126,41.0,,0.0,0.0,true,true,B,10,10,,3
phase_2,phase2-qwen2.5-3b-2026-08-17,empirical,Qwen/Qwen2.5-3B-Instruct,aa8e72537993ba99e69dfaafa59ed015b17504d1,DGS-019,holdout,easy,science,easy__accurate__neutral,factorial,accurate,neutral,onset_washout,96cad691d15a5af370ac0746f655f1e1c336f05a44251d0c8708ca6f998bcf5e,19.75,,0.0,,,m3_zero_visible_reasoning_tokens,0,false,0.5164707309087503,1.5494121319354492,0.00021655292158192138,,0.0,3,0.0,,0.0,0.0,true,true,B,10,10,,3
phase_2,phase2-qwen2.5-3b-2026-08-17,empirical,Qwen/Qwen2.5-3B-Instruct,aa8e72537993ba99e69dfaafa59ed015b17504d1,DGS-019,holdout,easy,science,easy__malfunctioning_always_fail__hostile,factorial,malfunctioning_always_fail,hostile,measured,a8e7f151e8e4ce640dfeacbe8a953fc767d05ea8765f9150b9fc9b4cde06b45c,18.75,,0.0,,0.0,,0,false,0.10390022389781776,0.895388900617678,0.00017000969372793,,0.016129032258064516,112,36.333333333333336,,0.0,0.0,true,true,B,10,10,true,3
phase_2,phase2-qwen2.5-3b-2026-08-17,empirical,Qwen/Qwen2.5-3B-Instruct,aa8e72537993ba99e69dfaafa59ed015b17504d1,DGS-019,holdout,easy,science,easy__malfunctioning_always_fail__hostile,factorial,malfunctioning_always_fail,hostile,recovery,918b2696ebf4a689003e4420e2a1b370aa6fa65b95af99f28a7bca8b5105a7f5,21.0,,0.0,,0.0,,0,false,0.013439738802545207,0.12539418059364882,2.8986010904033322e-05,,0.016129032258064516,112,36.333333333333336,,0.0,0.0,true,true,B,10,10,true,3
phase_2,phase2-qwen2.5-3b-2026-08-17,empirical,Qwen/Qwen2.5-3B-Instruct,aa8e72537993ba99e69dfaafa59ed015b17504d1,DGS-019,holdout,easy,science,easy__malfunctioning_always_fail__neutral,factorial,malfunctioning_always_fail,neutral,measured,3fcc9b0dcde7ebcc234dbf2dee15f2fc9d6f87ff18f6b5fb10f45252958b0a4b,17.125,,0.0,,,m3_zero_visible_reasoning_tokens,0,false,0.2870760387478979,0.8612274727638864,0.0010647327763661691,,0.0,3,0.0,,0.0,0.0,true,true,B,10,10,true,3
phase_2,phase2-qwen2.5-3b-2026-08-17,empirical,Qwen/Qwen2.5-3B-Instruct,aa8e72537993ba99e69dfaafa59ed015b17504d1,DGS-019,holdout,easy,science,easy__malfunctioning_always_fail__neutral,factorial,malfunctioning_always_fail,neutral,recovery,6e2b59ea6c5cc3602042ba7c6d2ad7e196382b2c5b4974fa3a792e836fac36a5,20.75,,,m2_invalid_final_answer_all_ten_required,0.0,,0,false,0.09812319000467958,0.8657829732232916,0.00027807541811359054,,0.0,134,43.666666666666664,,0.0,0.0,true,true,B,10,9,true,3
phase_2,phase2-qwen2.5-3b-2026-08-17,empirical,Qwen/Qwen2.5-3B-Instruct,aa8e72537993ba99e69dfaafa59ed015b17504d1,DGS-021,holdout,hard,science,hard__accurate__hostile,factorial,accurate,hostile,measured,4aa5aee2fb1bc9a6128b2c6513da0894e4f256734f43af7045833de4412b5ffe,18.25,,,m2_invalid_final_answer_all_ten_required,,m3_zero_visible_reasoning_tokens,0,false,0.40089331590549976,1.202679640455882,0.002104538353841242,,0.0,3,0.0,,0.0,0.0,true,true,C,10,9,,3
phase_2,phase2-qwen2.5-3b-2026-08-17,empirical,Qwen/Qwen2.5-3B-Instruct,aa8e72537993ba99e69dfaafa59ed015b17504d1,DGS-021,holdout,hard,science,hard__accurate__hostile,factorial,accurate,hostile,onset,ae4ddb8759639201111b1f184e378f40ccddf4c8c289fab8657fd50d9d82b224,17.874999165535314,,,m2_invalid_final_answer_all_ten_required,0.0,,0,false,0.030154932932050342,0.2970539877396437,3.6984587444851746e-05,,0.16129032258064516,466,154.33333333333334,,0.0,0.0,true,true,C,10,5,,3
phase_2,phase2-qwen2.5-3b-2026-08-17,empirical,Qwen/Qwen2.5-3B-Instruct,aa8e72537993ba99e69dfaafa59ed015b17504d1,DGS-021,holdout,hard,science,hard__accurate__hostile,factorial,accurate,hostile,onset_washout,df84254813a3bcfe3e399f3e218037304d4f0e3bdaf4f32d072a829582fff952,18.375,,,m2_invalid_final_answer_all_ten_required,,m3_zero_visible_reasoning_tokens,0,false,0.2351748525948518,0.7055239209088988,0.00019032964160751545,,0.0,3,0.0,,0.0,0.0,true,true,C,10,8,,3
phase_2,phase2-qwen2.5-3b-2026-08-17,empirical,Qwen/Qwen2.5-3B-Instruct,aa8e72537993ba99e69dfaafa59ed015b17504d1,DGS-021,holdout,hard,science,hard__accurate__neutral,factorial,accurate,neutral,measured,6479fa6b2d90735dd2bd4945bb4e54c3f74bbdf96458e5781157d61a39acbdd0,19.5,,,m2_invalid_final_answer_all_ten_required,,m3_zero_visible_reasoning_tokens,0,false,0.06418191567194852,0.19254564654399492,0.00024097217983864994,,0.0,3,0.0,,0.0,0.0,true,true,C,10,9,,3
phase_2,phase2-qwen2.5-3b-2026-08-17,empirical,Qwen/Qwen2.5-3B-Instruct,aa8e72537993ba99e69dfaafa59ed015b17504d1,DGS-021,holdout,hard,science,hard__accurate__neutral,factorial,accurate,neutral,onset,cf41e8d5962ae097ad630ca3d5b15153697098a73ebb8349da9d9fc4093bc631,19.375,,,m2_invalid_final_answer_all_ten_required,0.0,,0,false,0.023726716636138994,0.23304270756651746,3.626605745584991e-05,,0.18025751072961374,495,164.0,,0.0,0.0,true,true,C,10,6,,3
phase_2,phase2-qwen2.5-3b-2026-08-17,empirical,Qwen/Qwen2.5-3B-Instruct,aa8e72537993ba99e69dfaafa59ed015b17504d1,DGS-021,holdout,hard,science,hard__accurate__neutral,factorial,accurate,neutral,onset_washout,8afeef67359894e6918be4dcf44abb3371ba99e96801f1fa095168fffcfd9232,19.875,,,m2_invalid_final_answer_all_ten_required,0.0,,0,false,0.027827571529766153,0.27647133131429436,9.929451866469172e-05,,0.1810344827586207,497,164.66666666666666,,0.0,0.0,true,true,C,10,8,,3
phase_2,phase2-qwen2.5-3b-2026-08-17,empirical,Qwen/Qwen2.5-3B-Instruct,aa8e72537993ba99e69dfaafa59ed015b17504d1,DGS-021,holdout,hard,science,hard__malfunctioning_always_fail__hostile,factorial,malfunctioning_always_fail,hostile,measured,d3e2d58cb67d4c70411e96f451f38814129e5b8cc4512b692d7878e3da112726,18.25,,0.30000000000000004,,0.0,,0,false,0.15166099695000268,1.0601277100249744,0.0006152650843541747,,0.0,105,34.0,,0.0,0.0,true,true,C,10,10,true,3
phase_2,phase2-qwen2.5-3b-2026-08-17,empirical,Qwen/Qwen2.5-3B-Instruct,aa8e72537993ba99e69dfaafa59ed015b17504d1,DGS-021,holdout,hard,science,hard__malfunctioning_always_fail__hostile,factorial,malfunctioning_always_fail,hostile,recovery,1d2fcc5d56c8d875391f34268b3d6b3c50c34ede2ca2083c9fe72cbe6feae8a6,16.874999880790718,,,m2_invalid_final_answer_all_ten_required,0.0,,0,false,0.11479596747930498,1.0199182669004636,0.0008069483170451624,,0.06779661016949153,244,80.33333333333333,,0.0,0.0,true,true,C,10,8,true,3
phase_2,phase2-qwen2.5-3b-2026-08-17,empirical,Qwen/Qwen2.5-3B-Instruct,aa8e72537993ba99e69dfaafa59ed015b17504d1,DGS-021,holdout,hard,science,hard__malfunctioning_always_fail__neutral,factorial,malfunctioning_always_fail,neutral,measured,019171191ee6e4378f2e0fa89e6f824ae5868124b29f84999328da36ab4c3d28,15.24999976158145,,,m2_invalid_final_answer_all_ten_required,0.0,,0,false,0.07506641015021435,0.7054037105718003,0.00035501974832903376,,0.19428571428571428,400,132.33333333333334,,0.0,0.0,true,true,C,10,9,true,3
phase_2,phase2-qwen2.5-3b-2026-08-17,empirical,Qwen/Qwen2.5-3B-Instruct,aa8e72537993ba99e69dfaafa59ed015b17504d1,DGS-021,holdout,hard,science,hard__malfunctioning_always_fail__neutral,factorial,malfunctioning_always_fail,neutral,recovery,5d86a036a0e35c90bdbe29fd7c7167b4c5e2dd51f04a063146086fa6f2f6918f,16.24999928474449,,,m2_invalid_final_answer_all_ten_required,0.0,,0,false,0.04117528057153707,0.3993100474050708,0.0001665316531163257,,0.17801047120418848,421,139.33333333333334,,0.0,0.0,true,true,C,10,8,true,3
phase_2,phase2-qwen2.5-3b-2026-08-17,empirical,Qwen/Qwen2.5-3B-Instruct,aa8e72537993ba99e69dfaafa59ed015b17504d1,DGS-024,holdout,hard,science,hard__accurate__hostile,factorial,accurate,hostile,measured,4038c00a3620cb263a8a749fc222c8ceff4cdebeb1468f79720c8f8e11b5a492,19.5,,0.09999999999999998,,,m3_zero_visible_reasoning_tokens,0,false,0.03287313915792979,0.0986193114288553,0.00014508841720321333,,0.0,3,0.0,,0.0,0.0,true,true,D,10,10,,3
phase_2,phase2-qwen2.5-3b-2026-08-17,empirical,Qwen/Qwen2.5-3B-Instruct,aa8e72537993ba99e69dfaafa59ed015b17504d1,DGS-024,holdout,hard,science,hard__accurate__hostile,factorial,accurate,hostile,onset,c23883f43b596fe6f06a7a2b1df6e3389f24b879ced7803843794152da1969f7,16.87499904632614,,,m2_invalid_final_answer_all_ten_required,0.0,,0,false,0.030676267233453132,0.3004603742692919,2.7801233717050406e-05,,0.009009009009009009,466,154.33333333333334,,0.0,0.0,true,true,D,10,8,,3
phase_2,phase2-qwen2.5-3b-2026-08-17,empirical,Qwen/Qwen2.5-3B-Instruct,aa8e72537993ba99e69dfaafa59ed015b17504d1,DGS-024,holdout,hard,science,hard__accurate__hostile,factorial,accurate,hostile,onset_washout,9c854d9be360b46914ad9461a2633e0f5db3f0b651d980bed625aaf3109269e5,16.374999880790718,,0.19999999999999996,,,m3_zero_visible_reasoning_tokens,0,false,0.14552761041945186,0.4365812161839851,6.404475604671056e-05,,0.0,3,0.0,,0.0,0.0,true,true,D,10,10,,3
phase_2,phase2-qwen2.5-3b-2026-08-17,empirical,Qwen/Qwen2.5-3B-Instruct,aa8e72537993ba99e69dfaafa59ed015b17504d1,DGS-024,holdout,hard,science,hard__accurate__neutral,factorial,accurate,neutral,measured,1d4903d2d841b29b38fddcff7d4a318fb5f589863dd93c753450b189948d9d2f,19.75,,0.5,,,m3_zero_visible_reasoning_tokens,0,false,0.1970126108136544,0.5910377484051469,0.0005148540142669485,,0.0,3,0.0,,0.0,0.0,true,true,D,10,10,,3
phase_2,phase2-qwen2.5-3b-2026-08-17,empirical,Qwen/Qwen2.5-3B-Instruct,aa8e72537993ba99e69dfaafa59ed015b17504d1,DGS-024,holdout,hard,science,hard__accurate__neutral,factorial,accurate,neutral,onset,b6d021fc50404efbca846dfec59a62d7d90b49ad043ef2b9dab7431158f09cf2,21.249999523162955,,0.5,,0.0,,0,false,0.01640629838796275,0.16086789337391855,8.697008666643717e-06,,0.0058823529411764705,390,129.0,,0.0,0.0,true,true,D,10,10,,3
phase_2,phase2-qwen2.5-3b-2026-08-17,empirical,Qwen/Qwen2.5-3B-Instruct,aa8e72537993ba99e69dfaafa59ed015b17504d1,DGS-024,holdout,hard,science,hard__accurate__neutral,factorial,accurate,neutral,onset_washout,ba78dc3e6f6d2885cc625ba3d200b117032d5c84e2a3fb5cb80f072681e4f36c,21.499999880790718,,0.6,,0.0,,0,false,0.016201923796344064,0.1580999031001154,3.5239826133860735e-05,,0.005917159763313609,391,129.33333333333334,,0.0,0.0,true,true,D,10,10,,3
phase_2,phase2-qwen2.5-3b-2026-08-17,empirical,Qwen/Qwen2.5-3B-Instruct,aa8e72537993ba99e69dfaafa59ed015b17504d1,DGS-024,holdout,hard,science,hard__malfunctioning_always_fail__hostile,factorial,malfunctioning_always_fail,hostile,measured,d2abce9e10af393a2d316864373c0bed378926a11bc9c7fcc1a1ec42f9cbb6f6,18.5,,0.4,,0.0,,0,false,0.04364752855272415,0.4077529679930865,0.00013310622096336647,,0.006172839506172839,378,125.0,,0.0,0.0,true,true,D,10,10,true,3
phase_2,phase2-qwen2.5-3b-2026-08-17,empirical,Qwen/Qwen2.5-3B-Instruct,aa8e72537993ba99e69dfaafa59ed015b17504d1,DGS-024,holdout,hard,science,hard__malfunctioning_always_fail__hostile,factorial,malfunctioning_always_fail,hostile,recovery,68195d29d055bbd9795d953175d337d356e458f13c115f2988de84fd822d5a81,18.374999880790718,,,m2_invalid_final_answer_all_ten_required,0.0,,0,false,0.29293236475500534,1.6821080187881812,0.001856855664736095,,0.0196078431372549,325,107.33333333333333,,0.0,0.0,true,true,D,10,9,true,3
phase_2,phase2-qwen2.5-3b-2026-08-17,empirical,Qwen/Qwen2.5-3B-Instruct,aa8e72537993ba99e69dfaafa59ed015b17504d1,DGS-024,holdout,hard,science,hard__malfunctioning_always_fail__neutral,factorial,malfunctioning_always_fail,neutral,measured,5b008c468afe11c03a7b6f9c9a4adf58ef5daf353d6f9e85d4776ed54e3e907c,16.75,,,m2_invalid_final_answer_all_ten_required,0.0,,0,false,0.4050875093191568,1.6871486834681866,0.0011540905349414815,,0.0,77,24.666666666666668,,0.0,0.0,true,true,D,10,9,true,3
phase_2,phase2-qwen2.5-3b-2026-08-17,empirical,Qwen/Qwen2.5-3B-Instruct,aa8e72537993ba99e69dfaafa59ed015b17504d1,DGS-024,holdout,hard,science,hard__malfunctioning_always_fail__neutral,factorial,malfunctioning_always_fail,neutral,recovery,6fc4a3fcd5e42aec5ad7435e84ddf62d6c0aaf1413e400124fb41e66ecb1f4a9,18.874999165535314,,0.19999999999999996,,0.0,,0,false,0.1157490393448782,0.8478378593355419,0.0001272794683659073,,0.08163265306122448,361,119.33333333333333,,0.0,0.0,true,true,D,10,10,true,3
phase_2,phase2-qwen2.5-3b-2026-08-17,empirical,Qwen/Qwen2.5-3B-Instruct,aa8e72537993ba99e69dfaafa59ed015b17504d1,DGS-025,holdout,easy,language,easy__accurate__hostile,factorial,accurate,hostile,measured,d727fffab9d474c26199685191df6c6d9775bcdfe65fa924fd33222d061d194e,-24.75,,,m2_invalid_final_answer_all_ten_required,0.0,,0,false,0.6152600848850155,1.9701148530849215,0.003022645110895641,,0.0,18,-0.8947368421052632,,0.0,0.0,true,false,A,10,7,,3
phase_2,phase2-qwen2.5-3b-2026-08-17,empirical,Qwen/Qwen2.5-3B-Instruct,aa8e72537993ba99e69dfaafa59ed015b17504d1,DGS-025,holdout,easy,language,easy__accurate__hostile,factorial,accurate,hostile,onset,23dcb6deae03372295101275d0e0cb2afd251b5dc8c07d0211cedc08685ff46f,-20.875000834465595,,,m2_invalid_final_answer_all_ten_required,0.0,,0,false,0.12555060796536108,0.9328669320424701,0.00021647308778961123,,0.025,207,0.21052631578947367,,0.0,0.0,true,false,A,10,7,,3
phase_2,phase2-qwen2.5-3b-2026-08-17,empirical,Qwen/Qwen2.5-3B-Instruct,aa8e72537993ba99e69dfaafa59ed015b17504d1,DGS-025,holdout,easy,language,easy__accurate__hostile,factorial,accurate,hostile,onset_washout,b952fc0a371cd221ce08e15043896dc41e3fdba232943e3fa8c6d19e1fbe88af,-23.375,,,m2_invalid_final_answer_all_ten_required,0.0,,0,false,0.24526128877727033,1.3498961243295846,0.0037684524759512006,,0.0,18,-0.8947368421052632,,0.0,0.0,true,false,A,10,7,,3
phase_2,phase2-qwen2.5-3b-2026-08-17,empirical,Qwen/Qwen2.5-3B-Instruct,aa8e72537993ba99e69dfaafa59ed015b17504d1,DGS-025,holdout,easy,language,easy__accurate__neutral,factorial,accurate,neutral,measured,c288d697c574a219f792843dc73380b5c185b3cd717cee063801515054e257e7,21.0,,0.6,,0.0,,0,false,0.20166384054947684,1.1886958981161484,0.00031771633595515037,,0.016129032258064516,171,0.0,,0.7874015748031497,0.0,true,true,C,10,10,,3
phase_2,phase2-qwen2.5-3b-2026-08-17,empirical,Qwen/Qwen2.5-3B-Instruct,aa8e72537993ba99e69dfaafa59ed015b17504d1,DGS-025,holdout,easy,language,easy__accurate__neutral,factorial,accurate,neutral,onset,eba927eb3bf9b5124edd0fb12232a05d92eb93d3bbfd24481711ece6db0821ce,20.624999880790718,,0.5,,0.0,,0,false,0.06872577209751934,0.6306283664359507,9.881023886377693e-05,,0.015503875968992248,176,0.029239766081871343,,0.7575757575757576,0.0,true,true,C,10,10,,3
phase_2,phase2-qwen2.5-3b-2026-08-17,empirical,Qwen/Qwen2.5-3B-Instruct,aa8e72537993ba99e69dfaafa59ed015b17504d1,DGS-025,holdout,easy,language,easy__accurate__neutral,factorial,accurate,neutral,onset_washout,9712ea78c05cfe1f6cb960fa5dcd3aa2204e2a22753c5f5df869a7abcb1f8b05,22.375,,0.6,,0.0,,0,false,0.05723869766247211,0.5499227549098052,8.556950123767733e-05,,0.016,175,0.023391812865497075,,0.78125,0.0,true,true,C,10,10,,3
phase_2,phase2-qwen2.5-3b-2026-08-17,empirical,Qwen/Qwen2.5-3B-Instruct,aa8e72537993ba99e69dfaafa59ed015b17504d1,DGS-025,holdout,easy,language,easy__malfunctioning_always_fail__hostile,factorial,malfunctioning_always_fail,hostile,measured,5239d32e53d2798807955aaee6a4874c01fcf06a26044d925bab354d39d02a91,22.75,,0.5,,0.0,,0,false,0.7711919543253359,1.9461431719940474,0.003814056142524847,,0.0,19,-0.8888888888888888,,0.0,0.0,true,true,C,10,10,true,3
phase_2,phase2-qwen2.5-3b-2026-08-17,empirical,Qwen/Qwen2.5-3B-Instruct,aa8e72537993ba99e69dfaafa59ed015b17504d1,DGS-025,holdout,easy,language,easy__malfunctioning_always_fail__hostile,factorial,malfunctioning_always_fail,hostile,recovery,b23fe97ec677d86d82cc7a2276c23f07fffbcc0098060d7ef07e8a862d435a23,19.75,,0.4,,0.0,,0,false,0.08781651105428424,0.8221257675742791,0.0012240597205468715,,0.14018691588785046,279,0.631578947368421,,0.0,0.0,true,true,C,10,10,true,3
phase_2,phase2-qwen2.5-3b-2026-08-17,empirical,Qwen/Qwen2.5-3B-Instruct,aa8e72537993ba99e69dfaafa59ed015b17504d1,DGS-025,holdout,easy,language,easy__malfunctioning_always_fail__neutral,factorial,malfunctioning_always_fail,neutral,measured,ac4e4989d6ecc981be1bc020a09e9a2a83eaed3fe1a8061a77ad878d0facbbfa,-24.75,,0.30000000000000004,,0.0,,0,false,0.12193595945737719,0.9531952052363947,0.00037086848829687803,,0.023809523809523808,172,0.005847953216374269,,0.0,0.0,true,false,A,10,10,false,3
phase_2,phase2-qwen2.5-3b-2026-08-17,empirical,Qwen/Qwen2.5-3B-Instruct,aa8e72537993ba99e69dfaafa59ed015b17504d1,DGS-025,holdout,easy,language,easy__malfunctioning_always_fail__neutral,factorial,malfunctioning_always_fail,neutral,recovery,5ec6c198ec233b83ab78874baf5a0fdb9cf5c56e8be1426ea004f151050c7c52,-17.87499928474449,,0.4,,0.0,,0,false,0.11837933823043915,1.0995285037256517,0.0008168381093290513,,0.022388059701492536,183,0.07017543859649122,,0.0,0.0,true,false,A,10,10,false,3
phase_2,phase2-qwen2.5-3b-2026-08-17,empirical,Qwen/Qwen2.5-3B-Instruct,aa8e72537993ba99e69dfaafa59ed015b17504d1,DGS-027,holdout,easy,language,easy__accurate__hostile,factorial,accurate,hostile,measured,7e67f30bad54df097b412b476991bc59c8cb4642d18a80188116d5a01cdb6aa3,26.0,,0.0,,0.0,,0,false,0.455452959585297,1.456124414935957,0.0012969962663770345,,0.0,67,21.333333333333332,,0.0,0.0,true,true,A,10,10,,3
phase_2,phase2-qwen2.5-3b-2026-08-17,empirical,Qwen/Qwen2.5-3B-Instruct,aa8e72537993ba99e69dfaafa59ed015b17504d1,DGS-027,holdout,easy,language,easy__accurate__hostile,factorial,accurate,hostile,onset,bfa82581b448b37174ef43d906dafdd626a91619105d2d548e52fd4e53dd63f2,20.5,,0.0,,0.0,,0,false,0.4770673868493496,1.6144499073613572,0.0011037099458707485,,0.0,88,28.333333333333332,,0.0,0.0,true,true,A,10,10,,3
phase_2,phase2-qwen2.5-3b-2026-08-17,empirical,Qwen/Qwen2.5-3B-Instruct,aa8e72537993ba99e69dfaafa59ed015b17504d1,DGS-027,holdout,easy,language,easy__accurate__hostile,factorial,accurate,hostile,onset_washout,4d650d38173f224c5892f2fe0df894797a01806b3793f6e993954bd6b4d3284a,23.75,,0.0,,0.0,,0,false,0.46695582950960196,1.2055096812728305,0.0005532005969638432,,0.0,22,6.333333333333333,,0.0,0.0,true,true,A,10,10,,3
phase_2,phase2-qwen2.5-3b-2026-08-17,empirical,Qwen/Qwen2.5-3B-Instruct,aa8e72537993ba99e69dfaafa59ed015b17504d1,DGS-027,holdout,easy,language,easy__accurate__neutral,factorial,accurate,neutral,measured,ac31b39d06cfa17c64871a3d671a81109cee94e6952dd9e9df67147f43e408a5,26.125,,0.19999999999999996,,,m3_zero_visible_reasoning_tokens,0,false,0.01174156896543984,0.035224706127010036,2.3137596017056932e-05,,0.0,3,0.0,,0.0,0.0,true,true,A,10,10,,3
phase_2,phase2-qwen2.5-3b-2026-08-17,empirical,Qwen/Qwen2.5-3B-Instruct,aa8e72537993ba99e69dfaafa59ed015b17504d1,DGS-027,holdout,easy,language,easy__accurate__neutral,factorial,accurate,neutral,onset,b16d6ab8f0709e0f10b7e329a5f1f8828c7c1ef82120740b797d6ce8e1da85d5,27.25,,0.19999999999999996,,,m3_zero_visible_reasoning_tokens,0,false,0.0961348061351912,0.2884044041448537,6.668978751086149e-07,,0.0,3,0.0,,0.0,0.0,true,true,A,10,10,,3
phase_2,phase2-qwen2.5-3b-2026-08-17,empirical,Qwen/Qwen2.5-3B-Instruct,aa8e72537993ba99e69dfaafa59ed015b17504d1,DGS-027,holdout,easy,language,easy__accurate__neutral,factorial,accurate,neutral,onset_washout,05072383f7206dcbba3f16d8e0af85791fe4247bb433a8a6daf2cf6cf8c09f1d,27.875,,0.19999999999999996,,,m3_zero_visible_reasoning_tokens,0,false,0.08647202614676074,0.2594160703036705,3.6011047789274997e-06,,0.0,3,0.0,,0.0,0.0,true,true,A,10,10,,3
phase_2,phase2-qwen2.5-3b-2026-08-17,empirical,Qwen/Qwen2.5-3B-Instruct,aa8e72537993ba99e69dfaafa59ed015b17504d1,DGS-027,holdout,easy,language,easy__malfunctioning_always_fail__hostile,factorial,malfunctioning_always_fail,hostile,measured,c43812505ddd3725f29e8c6f13ea5254c299128d1f37470c9ead4a1d467d4a8c,21.875,,0.30000000000000004,,0.0,,0,false,0.5609629372090355,1.6947742540441233,0.0019206069806666744,,0.0,23,6.666666666666667,,0.0,0.0,true,true,A,10,10,true,3
phase_2,phase2-qwen2.5-3b-2026-08-17,empirical,Qwen/Qwen2.5-3B-Instruct,aa8e72537993ba99e69dfaafa59ed015b17504d1,DGS-027,holdout,easy,language,easy__malfunctioning_always_fail__hostile,factorial,malfunctioning_always_fail,hostile,recovery,8b134429742f95799e92697a34c911f1950ef1e8a0926ef2a10b772c709e3bbc,11.62500011926295,,0.30000000000000004,,0.0,,0,false,0.15195546654127853,1.1058025214179865,0.0004370497246985497,,0.1015625,184,60.333333333333336,,0.0,0.0,true,true,A,10,10,true,3
phase_2,phase2-qwen2.5-3b-2026-08-17,empirical,Qwen/Qwen2.5-3B-Instruct,aa8e72537993ba99e69dfaafa59ed015b17504d1,DGS-027,holdout,easy,language,easy__malfunctioning_always_fail__neutral,factorial,malfunctioning_always_fail,neutral,measured,d39a357622a2b1fb1045c885e4930f7bba9d67e8ff76d46fea0e4ad1c9000b53,21.0,,,m2_invalid_final_answer_all_ten_required,0.0,,0,false,0.7479550295285056,2.0486215659026197,0.002462247814880484,,0.0,15,4.0,,0.0,0.0,true,true,A,10,9,true,3
phase_2,phase2-qwen2.5-3b-2026-08-17,empirical,Qwen/Qwen2.5-3B-Instruct,aa8e72537993ba99e69dfaafa59ed015b17504d1,DGS-027,holdout,easy,language,easy__malfunctioning_always_fail__neutral,factorial,malfunctioning_always_fail,neutral,recovery,abc69602317eb2e4dcfe97fe3f47e999b14e904a8f5e5948b7cced2e23bdf94e,10.750000357975296,,,m2_invalid_final_answer_all_ten_required,0.0,,0,false,0.088532920924302,0.7403059301964726,0.0002856771776265009,,0.16793893129770993,196,64.33333333333333,,0.0,0.0,true,true,A,10,8,true,3
phase_2,phase2-qwen2.5-3b-2026-08-17,empirical,Qwen/Qwen2.5-3B-Instruct,aa8e72537993ba99e69dfaafa59ed015b17504d1,DGS-029,holdout,hard,language,hard__accurate__hostile,factorial,accurate,hostile,measured,5c73fee26827fcbcb8f1502e3be19c07578c09dcfe1ee40805d27167b18d627d,22.75,,0.0,,,m3_zero_visible_reasoning_tokens,0,false,0.06607997157649914,0.19823987328716391,9.574170294635032e-05,,0.0,3,-0.9893617021276596,,0.0,0.0,true,true,B,10,10,,3
phase_2,phase2-qwen2.5-3b-2026-08-17,empirical,Qwen/Qwen2.5-3B-Instruct,aa8e72537993ba99e69dfaafa59ed015b17504d1,DGS-029,holdout,hard,language,hard__accurate__hostile,factorial,accurate,hostile,onset,ae19aa60f818cdf77d0c03dfd1ed4793b7b7de55c09d400ae343834de5c97fba,15.125000000007276,,,m2_invalid_final_answer_all_ten_required,0.0,,0,false,0.0812780186662698,0.6708447864132971,9.557919768040117e-05,,0.08854166666666667,261,-0.07446808510638298,,0.0,0.0,true,true,B,10,9,,3
phase_2,phase2-qwen2.5-3b-2026-08-17,empirical,Qwen/Qwen2.5-3B-Instruct,aa8e72537993ba99e69dfaafa59ed015b17504d1,DGS-029,holdout,hard,language,hard__accurate__hostile,factorial,accurate,hostile,onset_washout,3e7294eaccf4c1e17e03ff725870ec074eb5c005deaa1d49621f6e2b935c1994,24.0,,0.0,,,m3_zero_visible_reasoning_tokens,0,false,0.11659132594356685,0.3497739668209361,3.6796083512665355e-05,,0.0,3,-0.9893617021276596,,0.0,0.0,true,true,B,10,10,,3
phase_2,phase2-qwen2.5-3b-2026-08-17,empirical,Qwen/Qwen2.5-3B-Instruct,aa8e72537993ba99e69dfaafa59ed015b17504d1,DGS-029,holdout,hard,language,hard__accurate__neutral,factorial,accurate,neutral,measured,e673fe2fa0981a2742b19b228fa7a8ffaa6384031a5a08a9e902e339feb68500,24.25,,,m2_invalid_final_answer_all_ten_required,0.0,,0,false,0.04758963085009853,0.44230802765563476,0.00016661687317328549,,0.12322274881516587,282,0.0,,0.0,0.0,true,true,B,10,9,,3
phase_2,phase2-qwen2.5-3b-2026-08-17,empirical,Qwen/Qwen2.5-3B-Instruct,aa8e72537993ba99e69dfaafa59ed015b17504d1,DGS-029,holdout,hard,language,hard__accurate__neutral,factorial,accurate,neutral,onset,3444342f0448b4a7c53b6dddce6352e2bc3d1aeaa3ea35826a312ae6849a0056,26.25,,,m2_invalid_final_answer_all_ten_required,0.0,,0,false,0.012947812354863428,0.12609802347840268,5.204224114202594e-06,,0.12206572769953052,284,0.0070921985815602835,,0.0,0.0,true,true,B,10,8,,3
phase_2,phase2-qwen2.5-3b-2026-08-17,empirical,Qwen/Qwen2.5-3B-Instruct,aa8e72537993ba99e69dfaafa59ed015b17504d1,DGS-029,holdout,hard,language,hard__accurate__neutral,factorial,accurate,neutral,onset_washout,26a0906ece5b7ecbd764837ea645436adddc83848b60c35579a79eda8c71658d,23.25,,,m2_invalid_final_answer_all_ten_required,0.0,,0,false,0.019435413510241552,0.18989871064027736,1.5751381734674072e-05,,0.12322274881516587,284,0.0070921985815602835,,0.0,0.0,true,true,B,10,8,,3
phase_2,phase2-qwen2.5-3b-2026-08-17,empirical,Qwen/Qwen2.5-3B-Instruct,aa8e72537993ba99e69dfaafa59ed015b17504d1,DGS-029,holdout,hard,language,hard__malfunctioning_always_fail__hostile,factorial,malfunctioning_always_fail,hostile,measured,d347091d46faba3393aeeec8746898c99f88bc615d9754ba485e4dc43ee5e94a,25.375,,,m2_invalid_final_answer_all_ten_required,0.0,,0,false,0.46910797640556495,1.77908798819737,0.0011818348589297362,,0.0,39,-0.8617021276595744,,0.0,0.0,true,true,B,10,9,true,3
phase_2,phase2-qwen2.5-3b-2026-08-17,empirical,Qwen/Qwen2.5-3B-Instruct,aa8e72537993ba99e69dfaafa59ed015b17504d1,DGS-029,holdout,hard,language,hard__malfunctioning_always_fail__hostile,factorial,malfunctioning_always_fail,hostile,recovery,92f370897922f2aa6e82179da5650f0c72f46d96bd94282ea6b3c904fff57433,23.125,,,m2_invalid_final_answer_all_ten_required,0.0,,0,false,0.09371300231919613,0.8704161982679837,0.0005520732191634358,,0.1829787234042553,320,0.1347517730496454,,0.0,0.42016806722689076,true,true,B,10,9,true,3
phase_2,phase2-qwen2.5-3b-2026-08-17,empirical,Qwen/Qwen2.5-3B-Instruct,aa8e72537993ba99e69dfaafa59ed015b17504d1,DGS-029,holdout,hard,language,hard__malfunctioning_always_fail__neutral,factorial,malfunctioning_always_fail,neutral,measured,eac7257b357718756f17726fe0c0cd29660da69a80ee48a49fb318e97f06744a,21.125,,0.0,,,m3_zero_visible_reasoning_tokens,0,false,0.2557003903002102,0.7671010557867709,0.0005892880167037337,,0.0,3,-0.9893617021276596,,0.0,0.0,true,true,B,10,10,true,3
phase_2,phase2-qwen2.5-3b-2026-08-17,empirical,Qwen/Qwen2.5-3B-Instruct,aa8e72537993ba99e69dfaafa59ed015b17504d1,DGS-029,holdout,hard,language,hard__malfunctioning_always_fail__neutral,factorial,malfunctioning_always_fail,neutral,recovery,c209ad95eca276b630a5381c172c9d0c6e2cc852c51102168fc0eb2a3acece51,,m1_invalid_final_answer,,m2_invalid_final_answer_all_ten_required,0.0,,0,false,0.45189786264172993,1.96076683791041,0.003821834077515204,,0.14912280701754385,159,-0.43617021276595747,,0.0,0.8547008547008547,false,,,10,8,true,3
phase_2,phase2-qwen2.5-3b-2026-08-17,empirical,Qwen/Qwen2.5-3B-Instruct,aa8e72537993ba99e69dfaafa59ed015b17504d1,DGS-031,holdout,hard,language,hard__accurate__hostile,factorial,accurate,hostile,measured,019199972a2ab015e898b1eabc7a6bf5c6c1d1a55b2c0efa665b4cfa50806040,26.625,,,m2_invalid_final_answer_all_ten_required,0.0,,0,false,0.3203310551299016,1.2462726926142773,0.0005635205242703275,,0.06153846153846154,172,56.333333333333336,,0.0,0.0,true,true,D,10,8,,3
phase_2,phase2-qwen2.5-3b-2026-08-17,empirical,Qwen/Qwen2.5-3B-Instruct,aa8e72537993ba99e69dfaafa59ed015b17504d1,DGS-031,holdout,hard,language,hard__accurate__hostile,factorial,accurate,hostile,onset,7c270d2f471d1edf26fe34c041f2024907fb982917ce40abd0bfbefc3538f17d,23.624999880790718,,,m2_invalid_final_answer_all_ten_required,0.0,,0,false,0.12651332588296538,0.9832663563763394,0.0001519247445858873,,0.08695652173913043,232,76.33333333333333,,0.0,0.0,true,true,D,10,8,,3
phase_2,phase2-qwen2.5-3b-2026-08-17,empirical,Qwen/Qwen2.5-3B-Instruct,aa8e72537993ba99e69dfaafa59ed015b17504d1,DGS-031,holdout,hard,language,hard__accurate__hostile,factorial,accurate,hostile,onset_washout,84db564f9d18726335e34c9f4d4408eaefef75852010c9c400b08efc80eebc3b,,m1_candidate_absent_B,,m2_invalid_final_answer_all_ten_required,0.0,,0,false,0.2443005107890019,1.3373627606158105,0.0007800956688433298,,0.0,38,11.666666666666666,,0.0,0.0,true,true,D,10,8,,3
phase_2,phase2-qwen2.5-3b-2026-08-17,empirical,Qwen/Qwen2.5-3B-Instruct,aa8e72537993ba99e69dfaafa59ed015b17504d1,DGS-031,holdout,hard,language,hard__accurate__neutral,factorial,accurate,neutral,measured,09a863dcbcb4dd2fc163ad2afead5157dfb0edd38e4ee085a6c44ce8ac8109b5,24.25,,,m2_invalid_final_answer_all_ten_required,,m3_zero_visible_reasoning_tokens,0,false,0.3338648392079795,1.0015944711222498,0.0010498521107755732,,0.0,3,0.0,,0.0,0.0,true,true,D,10,9,,3
phase_2,phase2-qwen2.5-3b-2026-08-17,empirical,Qwen/Qwen2.5-3B-Instruct,aa8e72537993ba99e69dfaafa59ed015b17504d1,DGS-031,holdout,hard,language,hard__accurate__neutral,factorial,accurate,neutral,onset,092eed46f8da15d33bdf124ebbe0535c94a57406f31a713e57701ebb5a325e31,,m1_candidate_absent_B,,m2_invalid_final_answer_all_ten_required,0.0,,0,false,0.26888081072947284,1.1598022592146011,0.00030327695674130516,,0.0,15,4.0,,0.0,0.0,true,true,D,10,9,,3
phase_2,phase2-qwen2.5-3b-2026-08-17,empirical,Qwen/Qwen2.5-3B-Instruct,aa8e72537993ba99e69dfaafa59ed015b17504d1,DGS-031,holdout,hard,language,hard__accurate__neutral,factorial,accurate,neutral,onset_washout,e0b1dd5da5f1a8ec5da040ca38ed2577ee799ebb4c5794bcbc50022cf926388f,,m1_candidate_absent_B,,m2_invalid_final_answer_all_ten_required,,m3_zero_visible_reasoning_tokens,0,false,0.2881743746734565,0.8645231167059398,2.2289899253347123e-05,,0.0,3,0.0,,0.0,0.0,true,true,D,10,9,,3
phase_2,phase2-qwen2.5-3b-2026-08-17,empirical,Qwen/Qwen2.5-3B-Instruct,aa8e72537993ba99e69dfaafa59ed015b17504d1,DGS-031,holdout,hard,language,hard__malfunctioning_always_fail__hostile,factorial,malfunctioning_always_fail,hostile,measured,70e3593f292a1c22d281e4072ded7cbefb6af4fcc07c588fa34ecf5061368cdd,25.375,,,m2_invalid_final_answer_all_ten_required,0.0,,0,false,0.2563742194291167,1.409353323449907,0.0008809371917748933,,0.17532467532467533,195,64.0,,0.0,0.0,true,true,D,10,9,true,3
phase_2,phase2-qwen2.5-3b-2026-08-17,empirical,Qwen/Qwen2.5-3B-Instruct,aa8e72537993ba99e69dfaafa59ed015b17504d1,DGS-031,holdout,hard,language,hard__malfunctioning_always_fail__hostile,factorial,malfunctioning_always_fail,hostile,recovery,4e68f95bfe6bd678735df89b6e18d381b6b2175fd78bebed1644c2904dd48dc0,20.25,,,m2_invalid_final_answer_all_ten_required,0.0,,0,false,0.1949617355386186,1.3452353366666931,0.001037244153043424,,0.17857142857142858,217,71.33333333333333,,0.0,0.0,true,true,D,10,8,true,3
phase_2,phase2-qwen2.5-3b-2026-08-17,empirical,Qwen/Qwen2.5-3B-Instruct,aa8e72537993ba99e69dfaafa59ed015b17504d1,DGS-031,holdout,hard,language,hard__malfunctioning_always_fail__neutral,factorial,malfunctioning_always_fail,neutral,measured,61d78b4a3d5ee09b1655703e809f7920933cc5fdca6b381b9bb6f2beac516da4,26.125,,,m2_invalid_final_answer_all_ten_required,0.0,,0,false,0.681607653507122,1.8274028336536023,0.001219317614505868,,0.0,44,13.666666666666666,,0.0,0.0,true,true,D,10,6,true,3
phase_2,phase2-qwen2.5-3b-2026-08-17,empirical,Qwen/Qwen2.5-3B-Instruct,aa8e72537993ba99e69dfaafa59ed015b17504d1,DGS-031,holdout,hard,language,hard__malfunctioning_always_fail__neutral,factorial,malfunctioning_always_fail,neutral,recovery,88bd97d1c370ef99419493a18558d6e4ff8049ba469be5f8f1d7e2145888530f,23.0,,,m2_invalid_final_answer_all_ten_required,0.0,,0,false,0.11792425674054573,1.0397910889452262,0.0007498330035665781,,0.10582010582010581,244,80.33333333333333,,0.0,0.0,true,true,D,10,6,true,3
phase_2,phase2-qwen2.5-3b-2026-08-17,empirical,Qwen/Qwen2.5-3B-Instruct,aa8e72537993ba99e69dfaafa59ed015b17504d1,DGS-033,holdout,easy,history,easy__accurate__hostile,factorial,accurate,hostile,measured,54d1ac4c7941210be5b7c6a900226541649f14a448a2c1bdb91ecaa89a03b71a,23.125,,0.0,,0.0,,0,false,0.10613694668508669,0.8761252031618723,0.0008691994782635333,,0.0,115,37.333333333333336,,0.0,0.0,true,true,C,10,10,,3
phase_2,phase2-qwen2.5-3b-2026-08-17,empirical,Qwen/Qwen2.5-3B-Instruct,aa8e72537993ba99e69dfaafa59ed015b17504d1,DGS-033,holdout,easy,history,easy__accurate__hostile,factorial,accurate,hostile,onset,b85ac92df31db4259acf7db45b4d8ccfc7d71457e7e4d24640f7a786c68a1913,21.0,,0.0,,0.0,,0,false,0.12770261464109792,1.084771691487149,0.0001970079414458567,,0.0,124,40.333333333333336,,0.0,0.0,true,true,C,10,10,,3
phase_2,phase2-qwen2.5-3b-2026-08-17,empirical,Qwen/Qwen2.5-3B-Instruct,aa8e72537993ba99e69dfaafa59ed015b17504d1,DGS-033,holdout,easy,history,easy__accurate__hostile,factorial,accurate,hostile,onset_washout,ee852b35f054f89cc3691ff154953dc2217e84a499ceb5e366236ac24099c511,23.375,,0.0,,0.0,,0,false,0.06014359564028176,0.5569361758211938,5.39610697209971e-05,,0.0,121,39.333333333333336,,0.0,0.0,true,true,C,10,10,,3
phase_2,phase2-qwen2.5-3b-2026-08-17,empirical,Qwen/Qwen2.5-3B-Instruct,aa8e72537993ba99e69dfaafa59ed015b17504d1,DGS-033,holdout,easy,history,easy__accurate__neutral,factorial,accurate,neutral,measured,31bc23476b43b5f039a888ea6575304f79be136b6827a879ecc13b409b8d244c,23.125,,0.0,,,m3_zero_visible_reasoning_tokens,0,false,0.001390877312019789,0.004172541842605136,3.1096963175603065e-06,,0.0,3,0.0,,0.0,0.0,true,true,C,10,10,,3
phase_2,phase2-qwen2.5-3b-2026-08-17,empirical,Qwen/Qwen2.5-3B-Instruct,aa8e72537993ba99e69dfaafa59ed015b17504d1,DGS-033,holdout,easy,history,easy__accurate__neutral,factorial,accurate,neutral,onset,27b582aa5bd5387cd4840f7394b02a5367a337a29eb45197932ec18920f406a5,26.875,,0.0,,,m3_zero_visible_reasoning_tokens,0,false,0.00019234482203904483,0.0005769947551805088,3.231377506314933e-08,,0.0,3,0.0,,0.0,0.0,true,true,C,10,10,,3
phase_2,phase2-qwen2.5-3b-2026-08-17,empirical,Qwen/Qwen2.5-3B-Instruct,aa8e72537993ba99e69dfaafa59ed015b17504d1,DGS-033,holdout,easy,history,easy__accurate__neutral,factorial,accurate,neutral,onset_washout,9ce5df2845c6bdbd0a8f3feb34faae2a1b9f150652679082f5dd2b6fca24a3b3,29.0,,0.0,,,m3_zero_visible_reasoning_tokens,0,false,2.3719210552762326e-05,7.11568385085151e-05,3.2148026093044755e-09,,0.0,3,0.0,,0.0,0.0,true,true,C,10,10,,3
phase_2,phase2-qwen2.5-3b-2026-08-17,empirical,Qwen/Qwen2.5-3B-Instruct,aa8e72537993ba99e69dfaafa59ed015b17504d1,DGS-033,holdout,easy,history,easy__malfunctioning_always_fail__hostile,factorial,malfunctioning_always_fail,hostile,measured,083f0fc487e12b7a70adb57d0d8ce9fc98c54175d5079ecbbd9dfce6f80403f9,21.25,,,m2_invalid_final_answer_all_ten_required,0.0,,0,false,0.10978560948730524,0.7879130982583704,0.0004623437618491729,,0.0,122,39.666666666666664,,0.0,0.0,true,true,C,10,8,true,3
phase_2,phase2-qwen2.5-3b-2026-08-17,empirical,Qwen/Qwen2.5-3B-Instruct,aa8e72537993ba99e69dfaafa59ed015b17504d1,DGS-033,holdout,easy,history,easy__malfunctioning_always_fail__hostile,factorial,malfunctioning_always_fail,hostile,recovery,ebdb255e54acb1164a898a927ee973a1040ff48bc8b05ff0a9cd8379d8133dcf,21.0,,,m2_invalid_final_answer_all_ten_required,0.0,,0,false,0.052925096522491846,0.4808471418820451,0.0005604245197227386,,0.0,122,39.666666666666664,,0.0,0.0,true,true,C,10,9,true,3
phase_2,phase2-qwen2.5-3b-2026-08-17,empirical,Qwen/Qwen2.5-3B-Instruct,aa8e72537993ba99e69dfaafa59ed015b17504d1,DGS-033,holdout,easy,history,easy__malfunctioning_always_fail__neutral,factorial,malfunctioning_always_fail,neutral,measured,33288a495431bb631f61492ea364b4000592be5e363af0cadc4f1f6ae3cba154,22.5,,0.0,,0.0,,0,false,0.09026429645616883,0.7271157745477921,0.0008604162568511656,,0.0,115,37.333333333333336,,0.0,0.0,true,true,C,10,10,true,3
phase_2,phase2-qwen2.5-3b-2026-08-17,empirical,Qwen/Qwen2.5-3B-Instruct,aa8e72537993ba99e69dfaafa59ed015b17504d1,DGS-033,holdout,easy,history,easy__malfunctioning_always_fail__neutral,factorial,malfunctioning_always_fail,neutral,recovery,6ba03db4eb7c320d9a70f20f1e587b1b6faccf729e5b0186754b0ae98bb5f749,21.5,,0.0,,0.0,,0,false,0.052786202240817266,0.49665383460381934,0.0005664803125444544,,0.0,116,37.666666666666664,,0.0,0.0,true,true,C,10,10,true,3
phase_2,phase2-qwen2.5-3b-2026-08-17,empirical,Qwen/Qwen2.5-3B-Instruct,aa8e72537993ba99e69dfaafa59ed015b17504d1,DGS-036,holdout,easy,history,easy__accurate__hostile,factorial,accurate,hostile,measured,68c45389684ea0d532298b8ca3a683e972e329956cf5498292358cfc89621bae,22.5,,0.0,,,m3_zero_visible_reasoning_tokens,0,false,0.37572475416708456,1.127174195670083,0.0016919185216479615,,0.0,3,0.0,,0.0,0.0,true,true,D,10,10,,3
phase_2,phase2-qwen2.5-3b-2026-08-17,empirical,Qwen/Qwen2.5-3B-Instruct,aa8e72537993ba99e69dfaafa59ed015b17504d1,DGS-036,holdout,easy,history,easy__accurate__hostile,factorial,accurate,hostile,onset,4ee44e67b85833fe2baa260df5255d7dcf5b754cc47e39e4c2f42abc7ad17915,24.0,,0.0,,0.0,,0,false,0.057041680134249734,0.5117532117485399,9.620819963790444e-05,,0.036734693877551024,364,120.33333333333333,,0.0,0.0,true,true,D,10,10,,3
phase_2,phase2-qwen2.5-3b-2026-08-17,empirical,Qwen/Qwen2.5-3B-Instruct,aa8e72537993ba99e69dfaafa59ed015b17504d1,DGS-036,holdout,easy,history,easy__accurate__hostile,factorial,accurate,hostile,onset_washout,6a793d14743a816ba25b8f5d8b1f56f6b016f413498ee1a801847f166de7cd0b,22.375,,0.0,,,m3_zero_visible_reasoning_tokens,0,false,0.03043733216716897,0.09131197309056706,9.763287281823926e-06,,0.0,3,0.0,,0.0,0.0,true,true,D,10,10,,3
phase_2,phase2-qwen2.5-3b-2026-08-17,empirical,Qwen/Qwen2.5-3B-Instruct,aa8e72537993ba99e69dfaafa59ed015b17504d1,DGS-036,holdout,easy,history,easy__accurate__neutral,factorial,accurate,neutral,measured,1b0bdd93779cb61fb0f162bd51f1ae6c91827a0ce1001da6c1a3e5802e377aaa,24.375,,0.0,,,m3_zero_visible_reasoning_tokens,0,false,0.05916257984406804,0.17748773406864812,0.0002236101673567248,,0.0,3,0.0,,0.0,0.0,true,true,D,10,10,,3
phase_2,phase2-qwen2.5-3b-2026-08-17,empirical,Qwen/Qwen2.5-3B-Instruct,aa8e72537993ba99e69dfaafa59ed015b17504d1,DGS-036,holdout,easy,history,easy__accurate__neutral,factorial,accurate,neutral,onset,a7b4fc9ddf6b38dcd8a0f17534eb1158c00c5c004a2f813ec71827f3cb30b78a,27.5,,0.0,,,m3_zero_visible_reasoning_tokens,0,false,0.01062447259008828,0.03187341083811153,3.343738523842177e-07,,0.0,3,0.0,,0.0,0.0,true,true,D,10,10,,3
phase_2,phase2-qwen2.5-3b-2026-08-17,empirical,Qwen/Qwen2.5-3B-Instruct,aa8e72537993ba99e69dfaafa59ed015b17504d1,DGS-036,holdout,easy,history,easy__accurate__neutral,factorial,accurate,neutral,onset_washout,f325ec412a4fa7ce9a02b05c02fc0bd63cf4792751996238c3612374068aa584,27.375,,0.0,,,m3_zero_visible_reasoning_tokens,0,false,0.0006270607966791515,0.0018811814203189112,7.475317994239579e-08,,0.0,3,0.0,,0.0,0.0,true,true,D,10,10,,3
phase_2,phase2-qwen2.5-3b-2026-08-17,empirical,Qwen/Qwen2.5-3B-Instruct,aa8e72537993ba99e69dfaafa59ed015b17504d1,DGS-036,holdout,easy,history,easy__malfunctioning_always_fail__hostile,factorial,malfunctioning_always_fail,hostile,measured,66ab684ec19b07c965ad2d7b3912919209eefe63f5f3555cded749949d91c414,24.625,,,m2_invalid_final_answer_all_ten_required,0.0,,0,false,0.37096215571941915,1.6200644993663635,0.0015385192394843257,,0.0,39,12.0,,0.0,0.0,true,true,D,10,9,true,3
phase_2,phase2-qwen2.5-3b-2026-08-17,empirical,Qwen/Qwen2.5-3B-Instruct,aa8e72537993ba99e69dfaafa59ed015b17504d1,DGS-036,holdout,easy,history,easy__malfunctioning_always_fail__hostile,factorial,malfunctioning_always_fail,hostile,recovery,0f3cd09fae5656c6c47e38a6769520f0ac6507e9352a23478bb07811ef47982f,22.125,,,m2_invalid_final_answer_all_ten_required,0.0,,0,false,0.4481750905732787,1.9073011654137788,0.004667518674135357,,0.07339449541284404,172,56.333333333333336,,0.0,0.8928571428571429,true,true,D,10,8,true,3
phase_2,phase2-qwen2.5-3b-2026-08-17,empirical,Qwen/Qwen2.5-3B-Instruct,aa8e72537993ba99e69dfaafa59ed015b17504d1,DGS-036,holdout,easy,history,easy__malfunctioning_always_fail__neutral,factorial,malfunctioning_always_fail,neutral,measured,9a567f6dc295a124c3f39bbe74a63ee1cd89223a5c2ebe4a0da1519c7a0dbf42,21.0,,0.0,,,m3_zero_visible_reasoning_tokens,0,false,0.3914220122403113,1.1742659678630165,0.0016280692204321638,,0.0,3,0.0,,0.0,0.0,true,true,D,10,10,true,3
phase_2,phase2-qwen2.5-3b-2026-08-17,empirical,Qwen/Qwen2.5-3B-Instruct,aa8e72537993ba99e69dfaafa59ed015b17504d1,DGS-036,holdout,easy,history,easy__malfunctioning_always_fail__neutral,factorial,malfunctioning_always_fail,neutral,recovery,861a19de35117a3fa589bee3092b662ab01da9c8a67eb04a6088aabab8b7803e,23.0,,0.19999999999999996,,0.0,,0,false,0.15013434937080702,1.2368567976101759,0.0016697883951571361,,0.02577319587628866,302,99.66666666666667,,0.0,0.5076142131979695,true,true,D,10,10,true,3
phase_2,phase2-qwen2.5-3b-2026-08-17,empirical,Qwen/Qwen2.5-3B-Instruct,aa8e72537993ba99e69dfaafa59ed015b17504d1,DGS-039,holdout,hard,history,hard__accurate__hostile,factorial,accurate,hostile,measured,8528ed6333bb1253c3b02319b0b9f28cbf3129cf4553daf8312a2cc3d974cf42,21.875,,,m2_invalid_final_answer_all_ten_required,,m3_zero_visible_reasoning_tokens,0,false,0.2345546959993802,0.7036640094847195,0.0007637931836006473,,0.0,3,0.0,,0.0,0.0,true,true,A,10,9,,3
phase_2,phase2-qwen2.5-3b-2026-08-17,empirical,Qwen/Qwen2.5-3B-Instruct,aa8e72537993ba99e69dfaafa59ed015b17504d1,DGS-039,holdout,hard,history,hard__accurate__hostile,factorial,accurate,hostile,onset,ea0d0d48c1f7b31d52c87664c9b628513825e50798bf136f110b5fc15cfac3e2,12.874999763516826,,0.30000000000000004,,,m3_zero_visible_reasoning_tokens,0,false,0.34131319523638753,1.0228011228654137,0.00010198949015327585,,0.0,3,0.0,,0.0,0.0,true,true,A,10,10,,3
phase_2,phase2-qwen2.5-3b-2026-08-17,empirical,Qwen/Qwen2.5-3B-Instruct,aa8e72537993ba99e69dfaafa59ed015b17504d1,DGS-039,holdout,hard,history,hard__accurate__hostile,factorial,accurate,hostile,onset_washout,df03a83e187e50b4df6e308a90894030e93b4431455abe5dc502f4c1ec2c674d,24.375,,0.30000000000000004,,,m3_zero_visible_reasoning_tokens,0,false,0.022503384941579663,0.06751015014996442,5.298865990210899e-06,,0.0,3,0.0,,0.0,0.0,true,true,A,10,10,,3
phase_2,phase2-qwen2.5-3b-2026-08-17,empirical,Qwen/Qwen2.5-3B-Instruct,aa8e72537993ba99e69dfaafa59ed015b17504d1,DGS-039,holdout,hard,history,hard__accurate__neutral,factorial,accurate,neutral,measured,13e2b3ed66cab10930c0f12a816361abbab4a8d64639ced44a3fcd0d02f79402,19.5,,,m2_invalid_final_answer_all_ten_required,,m3_zero_visible_reasoning_tokens,0,false,0.4030737967980802,1.2092210884922303,0.0014363821458714583,,0.0,3,0.0,,0.0,0.0,true,true,A,10,9,,3
phase_2,phase2-qwen2.5-3b-2026-08-17,empirical,Qwen/Qwen2.5-3B-Instruct,aa8e72537993ba99e69dfaafa59ed015b17504d1,DGS-039,holdout,hard,history,hard__accurate__neutral,factorial,accurate,neutral,onset,74ad5f623430cc731dcbc21d9e216685e68334c4e24cc2229b7cb11008384024,18.99999916553884,,,m2_invalid_final_answer_all_ten_required,,m3_zero_visible_reasoning_tokens,0,false,0.004796402644963894,0.01435001333865243,1.7643557184883936e-06,,0.0,3,0.0,,0.0,0.0,true,true,A,10,9,,3
phase_2,phase2-qwen2.5-3b-2026-08-17,empirical,Qwen/Qwen2.5-3B-Instruct,aa8e72537993ba99e69dfaafa59ed015b17504d1,DGS-039,holdout,hard,history,hard__accurate__neutral,factorial,accurate,neutral,onset_washout,cccb2f4bbf741a9a605031a97c0fa654648d0183b5a62a21d4986d6d781a9951,22.875,,,m2_invalid_final_answer_all_ten_required,,m3_zero_visible_reasoning_tokens,0,false,0.05995642145728822,0.17986921921277838,5.49585174081102e-06,,0.0,3,0.0,,0.0,0.0,true,true,A,10,9,,3
phase_2,phase2-qwen2.5-3b-2026-08-17,empirical,Qwen/Qwen2.5-3B-Instruct,aa8e72537993ba99e69dfaafa59ed015b17504d1,DGS-039,holdout,hard,history,hard__malfunctioning_always_fail__hostile,factorial,malfunctioning_always_fail,hostile,measured,caa04f98d5486933fd4763efc0844737659662dd237f5e5b64ca6da7065a2274,20.25,,,m2_invalid_final_answer_all_ten_required,0.0,,0,false,0.43816017488864,1.91804197391626,0.0038900489348611587,,0.0,60,19.0,,0.0,0.0,true,true,A,10,9,true,3
phase_2,phase2-qwen2.5-3b-2026-08-17,empirical,Qwen/Qwen2.5-3B-Instruct,aa8e72537993ba99e69dfaafa59ed015b17504d1,DGS-039,holdout,hard,history,hard__malfunctioning_always_fail__hostile,factorial,malfunctioning_always_fail,hostile,recovery,7e7ef08551dd9b5610b4efdb3992ca920553a68ab86f92e7e00379c2c0bf4c48,12.62500011921611,,,m2_invalid_final_answer_all_ten_required,0.0,,0,false,0.37869636068910906,1.7539428523710825,0.003606567945984343,,0.039473684210526314,124,40.333333333333336,,0.0,0.0,true,true,A,10,9,true,3
phase_2,phase2-qwen2.5-3b-2026-08-17,empirical,Qwen/Qwen2.5-3B-Instruct,aa8e72537993ba99e69dfaafa59ed015b17504d1,DGS-039,holdout,hard,history,hard__malfunctioning_always_fail__neutral,factorial,malfunctioning_always_fail,neutral,measured,4caa4d85ea4cc5a828e42a940de3ca3b1f3fdef1f14b1a2e1586914b9ea1c872,23.0,,0.09999999999999998,,0.0,,0,false,0.11736112110850415,0.9691911603890793,0.0007592988662900398,,0.23893805309734514,196,64.33333333333333,,0.0,0.0,true,true,A,10,10,true,3
phase_2,phase2-qwen2.5-3b-2026-08-17,empirical,Qwen/Qwen2.5-3B-Instruct,aa8e72537993ba99e69dfaafa59ed015b17504d1,DGS-039,holdout,hard,history,hard__malfunctioning_always_fail__neutral,factorial,malfunctioning_always_fail,neutral,recovery,c7c815812b9150e632d35805287c0b2119d6195dcf38fbae567574adec9d22dc,15.750000238418806,,,m2_invalid_final_answer_all_ten_required,0.0,,0,false,0.10373576416655386,0.9166035684520933,0.0013228657725445404,,0.20863309352517986,265,87.33333333333333,,0.0,0.0,true,true,A,10,7,true,3
phase_2,phase2-qwen2.5-3b-2026-08-17,empirical,Qwen/Qwen2.5-3B-Instruct,aa8e72537993ba99e69dfaafa59ed015b17504d1,DGS-040,holdout,hard,history,hard__accurate__hostile,factorial,accurate,hostile,measured,412e91da4e5aac4aece9206d100ffaa61643da0aa95b69f2befffa9b568b4eb2,25.875,,,m2_invalid_final_answer_all_ten_required,0.0,,0,false,0.5421972113389695,1.7963672003963849,0.004350198128722957,,0.0,203,-0.45866666666666667,,0.0,0.0,true,true,B,10,8,,3
phase_2,phase2-qwen2.5-3b-2026-08-17,empirical,Qwen/Qwen2.5-3B-Instruct,aa8e72537993ba99e69dfaafa59ed015b17504d1,DGS-040,holdout,hard,history,hard__accurate__hostile,factorial,accurate,hostile,onset,2945157bd27fc45ded97ba0b7904a460299e942267757e716a05a5705758470a,21.875,,,m2_invalid_final_answer_all_ten_required,0.0,,0,false,0.06188578642378653,0.528792628977351,9.630073116514163e-05,,0.0033444816053511705,417,0.112,,0.0,0.0,true,true,B,10,8,,3
phase_2,phase2-qwen2.5-3b-2026-08-17,empirical,Qwen/Qwen2.5-3B-Instruct,aa8e72537993ba99e69dfaafa59ed015b17504d1,DGS-040,holdout,hard,history,hard__accurate__hostile,factorial,accurate,hostile,onset_washout,4f33825b3897425ad58e991ec19254bde326b089455aecc6fb90635ca6d6344c,21.25,,,m2_invalid_final_answer_all_ten_required,0.0,,0,false,0.58215663154943,1.6456667377089598,0.0016081309916900755,,0.0,27,-0.928,,0.0,0.0,true,true,B,10,8,,3
phase_2,phase2-qwen2.5-3b-2026-08-17,empirical,Qwen/Qwen2.5-3B-Instruct,aa8e72537993ba99e69dfaafa59ed015b17504d1,DGS-040,holdout,hard,history,hard__accurate__neutral,factorial,accurate,neutral,measured,cd35aeeb2420511c46ab41705c85e46c6c9922875bddf7444390e8254349c75f,,m1_invalid_final_answer,,m2_invalid_final_answer_all_ten_required,0.0,,0,false,0.06920753814286394,0.5806672577368638,0.00028803466987073576,,0.007936507936507936,375,0.0,,0.0,0.0,false,,,10,9,,3
phase_2,phase2-qwen2.5-3b-2026-08-17,empirical,Qwen/Qwen2.5-3B-Instruct,aa8e72537993ba99e69dfaafa59ed015b17504d1,DGS-040,holdout,hard,history,hard__accurate__neutral,factorial,accurate,neutral,onset,a4d17710bc41225af912ac1623741f15dcb2950db325a77be0c3223272c42f2c,,m1_invalid_final_answer,,m2_invalid_final_answer_all_ten_required,0.0,,0,false,0.04774471540900463,0.4597218479095854,0.00010515351931515089,,0.007352941176470588,399,0.064,,0.0,0.0,false,,,10,9,,3
phase_2,phase2-qwen2.5-3b-2026-08-17,empirical,Qwen/Qwen2.5-3B-Instruct,aa8e72537993ba99e69dfaafa59ed015b17504d1,DGS-040,holdout,hard,history,hard__accurate__neutral,factorial,accurate,neutral,onset_washout,ef054c694e160a9f30e5a3a082d1b0d5b6aefed5ff0ac91ed5413f43c29499f7,,m1_invalid_final_answer,,m2_invalid_final_answer_all_ten_required,0.0,,0,false,0.042350947005228894,0.4108741231857748,5.1641528954991545e-05,,0.007407407407407408,399,0.064,,0.0,0.0,false,,,10,9,,3
phase_2,phase2-qwen2.5-3b-2026-08-17,empirical,Qwen/Qwen2.5-3B-Instruct,aa8e72537993ba99e69dfaafa59ed015b17504d1,DGS-040,holdout,hard,history,hard__malfunctioning_always_fail__hostile,factorial,malfunctioning_always_fail,hostile,measured,cf719d810d38c5fcf1c2d267968cdaf0319739fb2e3ecb33dab74472b3eac238,22.5,,0.0,,0.0,,0,false,0.23864092373704276,1.3203703375401277,0.0013796177360593273,,0.028688524590163935,326,-0.13066666666666665,,0.4048582995951417,0.0,true,true,B,10,10,true,3
phase_2,phase2-qwen2.5-3b-2026-08-17,empirical,Qwen/Qwen2.5-3B-Instruct,aa8e72537993ba99e69dfaafa59ed015b17504d1,DGS-040,holdout,hard,history,hard__malfunctioning_always_fail__hostile,factorial,malfunctioning_always_fail,hostile,recovery,db70af5c686f64ab7f7fffe03efc898fe21d478f53b3d2dfe8ee4cae3bbc69ed,19.5,,,m2_invalid_final_answer_all_ten_required,0.0,,0,false,0.2354715329236626,1.4091953587014892,0.00139769292273414,,0.02527075812274368,372,-0.008,,0.35714285714285715,0.35714285714285715,true,true,B,10,8,true,3
phase_2,phase2-qwen2.5-3b-2026-08-17,empirical,Qwen/Qwen2.5-3B-Instruct,aa8e72537993ba99e69dfaafa59ed015b17504d1,DGS-040,holdout,hard,history,hard__malfunctioning_always_fail__neutral,factorial,malfunctioning_always_fail,neutral,measured,c1ea0239af0fed948f4dae414b8cb35f67f8f336c9ee83ec924e2e7506fc2a59,24.375,,,m2_invalid_final_answer_all_ten_required,0.0,,0,false,0.4262425577164941,1.5308730171080756,0.0009334584787992732,,0.0,38,-0.8986666666666666,,0.0,0.0,true,true,B,10,8,true,3
phase_2,phase2-qwen2.5-3b-2026-08-17,empirical,Qwen/Qwen2.5-3B-Instruct,aa8e72537993ba99e69dfaafa59ed015b17504d1,DGS-040,holdout,hard,history,hard__malfunctioning_always_fail__neutral,factorial,malfunctioning_always_fail,neutral,recovery,312db5f57942f0552b7ad7a192a9753e3d19f7d68d021b01632e1c8a7e718d0c,25.0,,,m2_invalid_final_answer_all_ten_required,0.0,,0,false,0.3506388706614498,1.5651545647523266,0.0015560526779359318,,0.0,40,-0.8933333333333333,,0.0,0.0,true,true,B,10,8,true,3
