phase,run_id,run_kind,model_id,immutable_revision,task_id,split,difficulty,domain,cell_id,cell_kind,feedback_validity,tone,turn_label,response_id,m1,m1_missing_reason,m2,m2_missing_reason,m3_rate,m3_missing_reason,m3_event_count,m3_loop_flag,entropy_mean,entropy_worst_decile,tail_mass_mean,entropy_missing_reason,rep4,length_tokens,length_drift,length_drift_missing_reason,hedge_per100,selfcorr_per100,greedy_answer_valid,greedy_answer_correct,greedy_answer_letter,resample_count,resample_valid_count,history_false_negative,feedback_rounds
phase_0,phase0-gemma-2-2b-it-2026-08-17,empirical,google/gemma-2-2b-it,299a8560bedf22ed1c72a8a11e7dce4a7f9f51f8,DGS-003,discovery,easy,mathematics,easy__accurate__neutral,factorial,accurate,neutral,measured,628f7f4385f94de0a1422c29fedad907587ff21771149bef2cda0e815546dfc7,10.312500301457476,,0.0,,0.0,,0,false,0.21299719082047794,1.019958932371492,3.13864858055341e-05,,0.0,77,0.0,,0.0,0.0,true,true,D,10,10,,3
phase_0,phase0-gemma-2-2b-it-2026-08-17,empirical,google/gemma-2-2b-it,299a8560bedf22ed1c72a8a11e7dce4a7f9f51f8,DGS-003,discovery,easy,mathematics,easy__accurate__neutral,factorial,accurate,neutral,onset,e4aa7baadf0c04578315b9cded390cea76e1377d9ba2d8db329d9b8bbd0b9552,8.874999686726369,,0.0,,0.0,,0,false,0.050412045073472585,0.3954529177840051,1.2392513292981177e-05,,0.0,76,-0.012987012987012988,,0.0,0.0,true,true,D,10,10,,3
phase_0,phase0-gemma-2-2b-it-2026-08-17,empirical,google/gemma-2-2b-it,299a8560bedf22ed1c72a8a11e7dce4a7f9f51f8,DGS-003,discovery,easy,mathematics,easy__accurate__neutral,factorial,accurate,neutral,onset_washout,41dc8ad344be3aeb7f4060fb3cb094e99450ec7fe5386105406002177dcf657e,10.06250047616777,,0.0,,0.0,,0,false,0.01643713003453176,0.14099067157417916,1.7458855886212216e-05,,0.0,76,-0.012987012987012988,,0.0,0.0,true,true,D,10,10,,3
phase_0,phase0-gemma-2-2b-it-2026-08-17,empirical,google/gemma-2-2b-it,299a8560bedf22ed1c72a8a11e7dce4a7f9f51f8,DGS-003,discovery,easy,mathematics,easy__malfunctioning_always_fail__neutral,factorial,malfunctioning_always_fail,neutral,measured,62b7aa6614adc99b4c1632007776fb2026c307ca8f91fd3fc6fe4bddb78d97f5,9.125000208616257,,0.0,,0.0,,0,false,0.2984299432208924,1.2818942862768232,0.0002877962563400765,,0.0,77,0.0,,0.0,0.0,true,true,D,10,10,true,3
phase_0,phase0-gemma-2-2b-it-2026-08-17,empirical,google/gemma-2-2b-it,299a8560bedf22ed1c72a8a11e7dce4a7f9f51f8,DGS-003,discovery,easy,mathematics,easy__malfunctioning_always_fail__neutral,factorial,malfunctioning_always_fail,neutral,recovery,58e3208f90fd466cc2c5cb6335033505d59b5b474aee3ddf6e7836e53ca821cf,8.937499885680154,,0.0,,0.0,,0,false,0.09648118391204635,0.8061410768979874,0.00024367535639919244,,0.0,58,-0.24675324675324675,,0.0,0.0,true,true,D,10,10,true,3
phase_0,phase0-gemma-2-2b-it-2026-08-17,empirical,google/gemma-2-2b-it,299a8560bedf22ed1c72a8a11e7dce4a7f9f51f8,DGS-005,discovery,hard,mathematics,hard__accurate__neutral,factorial,accurate,neutral,measured,3f42e3c570c6a63a6169debaf4d24c04710dfc9db2bfbd914c6f12adc53c5ede,9.62499964388553,,0.09999999999999998,,0.0,,0,false,0.2757879495119863,1.4141076010322304,0.0007381030961054522,,0.03409090909090909,294,0.0,,0.0,0.0,true,true,B,10,10,,3
phase_0,phase0-gemma-2-2b-it-2026-08-17,empirical,google/gemma-2-2b-it,299a8560bedf22ed1c72a8a11e7dce4a7f9f51f8,DGS-005,discovery,hard,mathematics,hard__accurate__neutral,factorial,accurate,neutral,onset,efe2f1dfcfcb8bce603098b29813b66af6bb6b988eec5219bf9a2d12797fdccd,9.187500277534127,,0.09999999999999998,,0.0,,0,false,0.0448855672039482,0.3238500739723365,4.260445609938539e-05,,0.03932584269662921,306,0.04081632653061224,,0.0,0.0,true,true,B,10,10,,3
phase_0,phase0-gemma-2-2b-it-2026-08-17,empirical,google/gemma-2-2b-it,299a8560bedf22ed1c72a8a11e7dce4a7f9f51f8,DGS-005,discovery,hard,mathematics,hard__accurate__neutral,factorial,accurate,neutral,onset_washout,72a717e7cc4a2603a987ee5949f823c3f08222c8e9f248c043b153da786c79b1,10.000000200932845,,0.09999999999999998,,0.0,,0,false,0.01969868442876217,0.15667974502406393,1.390685362281621e-05,,0.03932584269662921,306,0.04081632653061224,,0.0,0.0,true,true,B,10,10,,3
phase_0,phase0-gemma-2-2b-it-2026-08-17,empirical,google/gemma-2-2b-it,299a8560bedf22ed1c72a8a11e7dce4a7f9f51f8,DGS-005,discovery,hard,mathematics,hard__malfunctioning_always_fail__neutral,factorial,malfunctioning_always_fail,neutral,measured,bbc8eda0c4a59fb1d9cc1f3ff255be0fecf75033fb9410d888fd440b3b480251,8.875000065891072,,0.30000000000000004,,0.0,,0,false,0.27934016411953133,1.3917888338661972,0.0006776126153453826,,0.02857142857142857,292,-0.006802721088435374,,0.0,0.0,true,true,B,10,10,true,3
phase_0,phase0-gemma-2-2b-it-2026-08-17,empirical,google/gemma-2-2b-it,299a8560bedf22ed1c72a8a11e7dce4a7f9f51f8,DGS-005,discovery,hard,mathematics,hard__malfunctioning_always_fail__neutral,factorial,malfunctioning_always_fail,neutral,recovery,90b7ade1d044888dfb6d7a8f0fdb544f6f5242ba89fce2a5c505b7f046c50570,9.500000130501576,,,m2_invalid_final_answer_all_ten_required,0.0,,0,false,0.019309738493299755,0.15440545781757758,3.322381196411802e-05,,0.0392156862745098,276,-0.061224489795918366,,0.0,0.0,true,true,B,10,9,true,3
phase_0,phase0-gemma-2-2b-it-2026-08-17,empirical,google/gemma-2-2b-it,299a8560bedf22ed1c72a8a11e7dce4a7f9f51f8,DGS-010,discovery,easy,logic,easy__accurate__neutral,factorial,accurate,neutral,measured,d80f74af97c447d9332d3ca26281a931c9b740c68d3f8937a1195faae81ffe36,-6.687500211410224,,0.09999999999999998,,0.0,,0,false,0.6180950488534185,1.7163511056482879,0.003836612253152206,,0.03333333333333333,48,0.0,,0.0,0.0,true,false,C,10,10,,3
phase_0,phase0-gemma-2-2b-it-2026-08-17,empirical,google/gemma-2-2b-it,299a8560bedf22ed1c72a8a11e7dce4a7f9f51f8,DGS-010,discovery,easy,logic,easy__accurate__neutral,factorial,accurate,neutral,onset,8f7cc7a1cc51c33a8a3e2fe012aa3f111ee444ab061e007896cf8026c35e404f,-6.812500029802322,,,m2_invalid_final_answer_all_ten_required,0.0,,0,false,0.10733765606275192,0.6395481073670632,0.00016450489364043994,,0.03333333333333333,48,0.0,,0.0,0.0,true,false,C,10,9,,3
phase_0,phase0-gemma-2-2b-it-2026-08-17,empirical,google/gemma-2-2b-it,299a8560bedf22ed1c72a8a11e7dce4a7f9f51f8,DGS-010,discovery,easy,logic,easy__accurate__neutral,factorial,accurate,neutral,onset_washout,3967acb4bc0ba2ba16e5645274e75f3a3c4129c9811c2141de7fc96bcc8f4cfb,-7.750000175554305,,0.09999999999999998,,0.0,,0,false,0.053238935307784375,0.32008171973181504,0.00014835944152150754,,0.03333333333333333,48,0.0,,0.0,0.0,true,false,C,10,10,,3
phase_0,phase0-gemma-2-2b-it-2026-08-17,empirical,google/gemma-2-2b-it,299a8560bedf22ed1c72a8a11e7dce4a7f9f51f8,DGS-010,discovery,easy,logic,easy__malfunctioning_always_fail__neutral,factorial,malfunctioning_always_fail,neutral,measured,42918ce02369ca5f4f72074d0ed2eda61165cf75708d951a1c32cd7097ec4e2d,-9.812499812222086,,0.09999999999999998,,0.0,,0,false,0.5061623433645912,1.5924702771536945,0.0032357433091522816,,0.022727272727272728,72,0.5,,0.0,0.0,true,false,C,10,10,false,3
phase_0,phase0-gemma-2-2b-it-2026-08-17,empirical,google/gemma-2-2b-it,299a8560bedf22ed1c72a8a11e7dce4a7f9f51f8,DGS-010,discovery,easy,logic,easy__malfunctioning_always_fail__neutral,factorial,malfunctioning_always_fail,neutral,recovery,a4a64b0c5db62b19b43a3e386e9028af2406b0c6318922996849cd3c2b2db5bc,-9.562500053434633,,0.4,,0.0,,0,false,0.06619461768750555,0.4448855998146814,0.00031199141807174586,,0.05555555555555555,111,1.3125,,0.0,0.0,true,false,C,10,10,false,3
phase_0,phase0-gemma-2-2b-it-2026-08-17,empirical,google/gemma-2-2b-it,299a8560bedf22ed1c72a8a11e7dce4a7f9f51f8,DGS-014,discovery,hard,logic,hard__accurate__neutral,factorial,accurate,neutral,measured,8d91bfea9b3c51e2f7ba122d629012a6a058ac25176fd55e517ca34ddc90b52b,-6.562499865889549,,,m2_invalid_final_answer_all_ten_required,0.0,,0,false,0.5346986855390543,2.0414826602948133,0.013231447857221893,,0.17272727272727273,147,0.0,,0.0,0.0,true,false,D,10,6,,3
phase_0,phase0-gemma-2-2b-it-2026-08-17,empirical,google/gemma-2-2b-it,299a8560bedf22ed1c72a8a11e7dce4a7f9f51f8,DGS-014,discovery,hard,logic,hard__accurate__neutral,factorial,accurate,neutral,onset,41e8f114ec914942fa1a981040530b946c9242495f4f9b6b48f5848c3ac0ea12,-6.499999975785613,,,m2_invalid_final_answer_all_ten_required,0.0,,0,false,0.09242505490991969,0.6691855178171452,0.0004037267160350432,,0.2909090909090909,313,1.129251700680272,,0.0,0.0,true,false,D,10,7,,3
phase_0,phase0-gemma-2-2b-it-2026-08-17,empirical,google/gemma-2-2b-it,299a8560bedf22ed1c72a8a11e7dce4a7f9f51f8,DGS-014,discovery,hard,logic,hard__accurate__neutral,factorial,accurate,neutral,onset_washout,1e13fb16987834cbb35625a96ea8f2692bf50d8d62536382c808905de2fdfc78,-7.124999991618097,,,m2_invalid_final_answer_all_ten_required,0.0,,0,false,0.0658643647615109,0.5307754639166722,0.0002896689896940118,,0.2909090909090909,313,1.129251700680272,,0.0,0.0,true,false,D,10,5,,3
phase_0,phase0-gemma-2-2b-it-2026-08-17,empirical,google/gemma-2-2b-it,299a8560bedf22ed1c72a8a11e7dce4a7f9f51f8,DGS-014,discovery,hard,logic,hard__malfunctioning_always_fail__neutral,factorial,malfunctioning_always_fail,neutral,measured,ff19503b858ca93a067bd876a7ed554d2ec9db4c53c0b81750fa3a86b5a75ea3,,m1_invalid_final_answer,,m2_invalid_final_answer_all_ten_required,0.0,,0,false,0.5346857869536588,2.002820097424246,0.010998066789457986,,0.12403100775193798,178,0.2108843537414966,,0.0,0.0,false,,,10,7,false,3
phase_0,phase0-gemma-2-2b-it-2026-08-17,empirical,google/gemma-2-2b-it,299a8560bedf22ed1c72a8a11e7dce4a7f9f51f8,DGS-014,discovery,hard,logic,hard__malfunctioning_always_fail__neutral,factorial,malfunctioning_always_fail,neutral,recovery,8c0496f1bd3a7321a4ecac1da4daab2782e09feae17f6683340ffbd0eda76de3,,m1_invalid_final_answer,,m2_invalid_final_answer_all_ten_required,0.0,,0,false,0.04236286526275408,0.35237667197375755,0.00031692909481487245,,0.25903614457831325,242,0.6462585034013606,,0.0,0.0,false,,,10,5,false,3
phase_0,phase0-gemma-2-2b-it-2026-08-17,empirical,google/gemma-2-2b-it,299a8560bedf22ed1c72a8a11e7dce4a7f9f51f8,DGS-018,discovery,easy,science,easy__accurate__neutral,factorial,accurate,neutral,measured,a38a1fcfd1b5f4730e24db6fefeecddb0a24fcdf53468e8fe15dfc3d320f0a58,10.12500019161962,,0.0,,0.0,,0,false,0.37350089174754775,1.499508465234857,0.002895904657105139,,0.0,88,0.0,,0.0,0.0,true,true,B,10,10,,3
phase_0,phase0-gemma-2-2b-it-2026-08-17,empirical,google/gemma-2-2b-it,299a8560bedf22ed1c72a8a11e7dce4a7f9f51f8,DGS-018,discovery,easy,science,easy__accurate__neutral,factorial,accurate,neutral,onset,145af7ca524638e3f318e9af5407c56d5bb8ae81ee5c7fe9c0325e0d393f4c75,9.500000284053385,,0.0,,0.0,,0,false,0.09081209297697171,0.5312447729352595,0.0002932763861679574,,0.0,89,0.011363636363636364,,0.0,0.0,true,true,B,10,10,,3
phase_0,phase0-gemma-2-2b-it-2026-08-17,empirical,google/gemma-2-2b-it,299a8560bedf22ed1c72a8a11e7dce4a7f9f51f8,DGS-018,discovery,easy,science,easy__accurate__neutral,factorial,accurate,neutral,onset_washout,cfff4b94671f1693fa63e9eec9d0424258b8d1daad441aff15239985a4baa197,10.93749977304833,,0.0,,0.0,,0,false,0.020993745222824357,0.1813933807795748,1.840167809513495e-05,,0.0,89,0.011363636363636364,,0.0,0.0,true,true,B,10,10,,3
phase_0,phase0-gemma-2-2b-it-2026-08-17,empirical,google/gemma-2-2b-it,299a8560bedf22ed1c72a8a11e7dce4a7f9f51f8,DGS-018,discovery,easy,science,easy__malfunctioning_always_fail__neutral,factorial,malfunctioning_always_fail,neutral,measured,ef860da06ee1e958fce169db4db0361860fe0d9a031456ca2c30b19764ec0f02,8.625000194064341,,0.0,,0.0,,0,false,0.29798437974012754,1.3559389765187988,0.0025345253060675274,,0.0,89,0.011363636363636364,,0.0,0.0,true,true,B,10,10,true,3
phase_0,phase0-gemma-2-2b-it-2026-08-17,empirical,google/gemma-2-2b-it,299a8560bedf22ed1c72a8a11e7dce4a7f9f51f8,DGS-018,discovery,easy,science,easy__malfunctioning_always_fail__neutral,factorial,malfunctioning_always_fail,neutral,recovery,76b4dcea430cde2d07715d98646ac562fb348d086947866e50fbf0ea79dad487,8.937499562627636,,0.0,,0.0,,0,false,0.04590253164409738,0.2931563746099865,0.00017006691651715361,,0.0,89,0.011363636363636364,,0.0,0.0,true,true,B,10,10,true,3
phase_0,phase0-gemma-2-2b-it-2026-08-17,empirical,google/gemma-2-2b-it,299a8560bedf22ed1c72a8a11e7dce4a7f9f51f8,DGS-022,discovery,hard,science,hard__accurate__neutral,factorial,accurate,neutral,measured,2380d3f4377ed9e2b0035a447c6cdef25cadd9a8a5a90c544af9299212fa087f,-11.437499791150913,,,m2_invalid_final_answer_all_ten_required,0.0,,0,false,0.3023221307843326,1.6186285478847835,0.003159227144197033,,0.008064516129032258,273,0.0,,0.0,0.0,true,false,C,10,8,,3
phase_0,phase0-gemma-2-2b-it-2026-08-17,empirical,google/gemma-2-2b-it,299a8560bedf22ed1c72a8a11e7dce4a7f9f51f8,DGS-022,discovery,hard,science,hard__accurate__neutral,factorial,accurate,neutral,onset,263d69e25028b51dd60522083e2e9547bf6409ec1a618182c2ad17d193ca31ba,,m1_invalid_final_answer,,m2_invalid_final_answer_all_ten_required,0.0,,0,false,0.09570240473069112,0.5925812750921068,0.0005121402378400127,,0.05555555555555555,204,-0.25274725274725274,,0.0,0.0,false,,,10,5,,3
phase_0,phase0-gemma-2-2b-it-2026-08-17,empirical,google/gemma-2-2b-it,299a8560bedf22ed1c72a8a11e7dce4a7f9f51f8,DGS-022,discovery,hard,science,hard__accurate__neutral,factorial,accurate,neutral,onset_washout,b85fa564e782418cf2a4b33eabe4e31279eb8e97e218889a9076583be8c8ae15,,m1_invalid_final_answer,,m2_invalid_final_answer_all_ten_required,0.0,,0,false,0.045708155568887056,0.35118549534713445,0.00019300589677909478,,0.05555555555555555,204,-0.25274725274725274,,0.0,0.0,false,,,10,4,,3
phase_0,phase0-gemma-2-2b-it-2026-08-17,empirical,google/gemma-2-2b-it,299a8560bedf22ed1c72a8a11e7dce4a7f9f51f8,DGS-022,discovery,hard,science,hard__malfunctioning_always_fail__neutral,factorial,malfunctioning_always_fail,neutral,measured,c5199586413ee238bd9c5c62330ba933e991d2da96ee7be9154553d241a567e5,-8.12500015925616,,,m2_invalid_final_answer_all_ten_required,0.0,,0,false,0.3248599430560164,1.651910811685839,0.0036095629902534415,,0.1320754716981132,267,-0.02197802197802198,,0.0,0.0,true,false,C,10,9,false,3
phase_0,phase0-gemma-2-2b-it-2026-08-17,empirical,google/gemma-2-2b-it,299a8560bedf22ed1c72a8a11e7dce4a7f9f51f8,DGS-022,discovery,hard,science,hard__malfunctioning_always_fail__neutral,factorial,malfunctioning_always_fail,neutral,recovery,045d2ef82987be9b06fa70c04702262eb68c0470c6c2f39a04923209debba1b3,,m1_invalid_final_answer,,m2_invalid_final_answer_all_ten_required,0.0,,0,false,0.07939940209317568,0.5905894816471222,0.0004643835903627375,,0.04861111111111111,256,-0.06227106227106227,,0.0,0.0,false,,,10,3,false,3
phase_0,phase0-gemma-2-2b-it-2026-08-17,empirical,google/gemma-2-2b-it,299a8560bedf22ed1c72a8a11e7dce4a7f9f51f8,DGS-026,discovery,easy,language,easy__accurate__neutral,factorial,accurate,neutral,measured,0db1f17534ea44f1858801b4bc7de55511250bfea4c30567354a70d4c46e0f6e,8.562500186264515,,0.0,,0.0,,0,false,0.4394847869081037,1.4205763985539672,0.004552178619004337,,0.0,27,0.0,,0.0,0.0,true,true,B,10,10,,3
phase_0,phase0-gemma-2-2b-it-2026-08-17,empirical,google/gemma-2-2b-it,299a8560bedf22ed1c72a8a11e7dce4a7f9f51f8,DGS-026,discovery,easy,language,easy__accurate__neutral,factorial,accurate,neutral,onset,4d3004f3330e09ce5dcc69afe5e293d8c3c7944615b83e560bd9547a3a0135ad,2.5000001192092896,,,m2_invalid_final_answer_all_ten_required,0.0,,0,false,0.2660662890213939,1.0676747626457792,0.0017292475306612655,,0.0,27,0.0,,0.0,0.0,true,true,B,10,9,,3
phase_0,phase0-gemma-2-2b-it-2026-08-17,empirical,google/gemma-2-2b-it,299a8560bedf22ed1c72a8a11e7dce4a7f9f51f8,DGS-026,discovery,easy,language,easy__accurate__neutral,factorial,accurate,neutral,onset_washout,521fd6d32138ae80b26c1d2fe459588258266deaac8c6d1a6f7a64ad2a863f63,7.250000178115442,,0.0,,0.0,,0,false,0.028416800788671846,0.18249737683446923,9.231827769823548e-05,,0.0,27,0.0,,0.0,0.0,true,true,B,10,10,,3
phase_0,phase0-gemma-2-2b-it-2026-08-17,empirical,google/gemma-2-2b-it,299a8560bedf22ed1c72a8a11e7dce4a7f9f51f8,DGS-026,discovery,easy,language,easy__malfunctioning_always_fail__neutral,factorial,malfunctioning_always_fail,neutral,measured,4587a7c9ddd91439e783f67d40ece3c02daf9d79b90bcf257e2c3a08be8f0993,3.874999888241291,,,m2_invalid_final_answer_all_ten_required,0.0,,0,false,0.4138970671466649,1.3417292308708548,0.004149329757855198,,0.0,27,0.0,,0.0,0.0,true,true,B,10,9,true,3
phase_0,phase0-gemma-2-2b-it-2026-08-17,empirical,google/gemma-2-2b-it,299a8560bedf22ed1c72a8a11e7dce4a7f9f51f8,DGS-026,discovery,easy,language,easy__malfunctioning_always_fail__neutral,factorial,malfunctioning_always_fail,neutral,recovery,f334ccd02ea5c625f30cdb74ab98452564c947ef02c07d3491fce3b178e19a51,4.625000048428774,,0.09999999999999998,,0.0,,0,false,0.05349622625771874,0.26118354026058926,0.00033732009732894634,,0.0,27,0.0,,0.0,0.0,true,true,B,10,10,true,3
phase_0,phase0-gemma-2-2b-it-2026-08-17,empirical,google/gemma-2-2b-it,299a8560bedf22ed1c72a8a11e7dce4a7f9f51f8,DGS-030,discovery,hard,language,hard__accurate__neutral,factorial,accurate,neutral,measured,796f9d51cc76fd73ca463bf804c8c95eeba52cc6e3281ffa9a2ddb6a721b5db4,5.312499841675162,,0.09999999999999998,,0.0,,0,false,0.29703534361494566,1.1664805312515543,0.0008589389884137631,,0.0,49,0.0,,0.0,0.0,true,true,C,10,10,,3
phase_0,phase0-gemma-2-2b-it-2026-08-17,empirical,google/gemma-2-2b-it,299a8560bedf22ed1c72a8a11e7dce4a7f9f51f8,DGS-030,discovery,hard,language,hard__accurate__neutral,factorial,accurate,neutral,onset,76b49054a72ab593c16866d7302a1b3a8d7d2aaa27f9e43f44fd5cd779020e94,,m1_invalid_final_answer,,m2_invalid_final_answer_all_ten_required,0.0,,0,false,0.3811334766559086,1.5504649439066849,0.001294476288915394,,0.046511627906976744,66,0.3469387755102041,,0.0,0.0,false,,,10,6,,3
phase_0,phase0-gemma-2-2b-it-2026-08-17,empirical,google/gemma-2-2b-it,299a8560bedf22ed1c72a8a11e7dce4a7f9f51f8,DGS-030,discovery,hard,language,hard__accurate__neutral,factorial,accurate,neutral,onset_washout,b55c8e107fbb6aecdfd556ff697ad21ff6ff6700de96935428ff7551f9424b7b,,m1_invalid_final_answer,,m2_invalid_final_answer_all_ten_required,0.0,,0,false,0.045496747488342607,0.36345944556133736,4.3175995341453714e-05,,0.046511627906976744,66,0.3469387755102041,,0.0,0.0,false,,,10,8,,3
phase_0,phase0-gemma-2-2b-it-2026-08-17,empirical,google/gemma-2-2b-it,299a8560bedf22ed1c72a8a11e7dce4a7f9f51f8,DGS-030,discovery,hard,language,hard__malfunctioning_always_fail__neutral,factorial,malfunctioning_always_fail,neutral,measured,b6a5e7f1aedfba470d420bccdd278cf0e214dda3fcbededc8687fb9541df5a77,-2.3750000298023224,,0.19999999999999996,,0.0,,0,false,0.19479148463064272,0.9823738533360233,0.0004120599498505982,,0.0,49,0.0,,0.0,0.0,true,false,B,10,10,true,3
phase_0,phase0-gemma-2-2b-it-2026-08-17,empirical,google/gemma-2-2b-it,299a8560bedf22ed1c72a8a11e7dce4a7f9f51f8,DGS-030,discovery,hard,language,hard__malfunctioning_always_fail__neutral,factorial,malfunctioning_always_fail,neutral,recovery,13faeb7486b4c36fec17872f37384c8004ae615e662e89c5cba5b3f28587e726,-0.375,,0.4,,0.0,,0,false,0.07930400842733516,0.5831251023750582,0.0001110935521835662,,0.0,49,0.0,,0.0,0.0,true,false,B,10,10,true,3
phase_0,phase0-gemma-2-2b-it-2026-08-17,empirical,google/gemma-2-2b-it,299a8560bedf22ed1c72a8a11e7dce4a7f9f51f8,DGS-034,discovery,easy,history,easy__accurate__neutral,factorial,accurate,neutral,measured,33104de79afd4c4d6a0153ac8da9236a885fe5580bc720094926955a1910d017,12.187500345229637,,0.0,,0.0,,0,false,0.5277620189203833,1.943820387297895,0.0033887982744601574,,0.0,44,0.0,,0.0,0.0,true,true,A,10,10,,3
phase_0,phase0-gemma-2-2b-it-2026-08-17,empirical,google/gemma-2-2b-it,299a8560bedf22ed1c72a8a11e7dce4a7f9f51f8,DGS-034,discovery,easy,history,easy__accurate__neutral,factorial,accurate,neutral,onset,a84e9abefcfae108abfa0efa6fcd95675dce002280379952d6d4d5e201d92da0,12.124999939580448,,,m2_invalid_final_answer_all_ten_required,,m3_zero_visible_reasoning_tokens,0,false,0.030483443457625575,0.09502507183022631,0.0001461138647833593,,0.0,5,-0.8863636363636364,,0.0,0.0,true,true,A,10,9,,3
phase_0,phase0-gemma-2-2b-it-2026-08-17,empirical,google/gemma-2-2b-it,299a8560bedf22ed1c72a8a11e7dce4a7f9f51f8,DGS-034,discovery,easy,history,easy__accurate__neutral,factorial,accurate,neutral,onset_washout,e3215128c538de56d6ad1241b01b0076d3c38d49d7bc52e2aeeb9862ac562d95,12.500000359199475,,,m2_invalid_final_answer_all_ten_required,,m3_zero_visible_reasoning_tokens,0,false,0.017288910634435082,0.03552733830391145,6.284825492355317e-05,,0.0,5,-0.8863636363636364,,0.0,0.0,true,true,A,10,9,,3
phase_0,phase0-gemma-2-2b-it-2026-08-17,empirical,google/gemma-2-2b-it,299a8560bedf22ed1c72a8a11e7dce4a7f9f51f8,DGS-034,discovery,easy,history,easy__malfunctioning_always_fail__neutral,factorial,malfunctioning_always_fail,neutral,measured,020fcd54a01c946208f1699cbe782b307d844eb241a159d5e612abb7fc934ce1,11.531250178348273,,0.0,,0.0,,0,false,0.5961770146194464,1.5849971458956738,0.0029608986752535944,,0.0,47,0.06818181818181818,,0.0,0.0,true,true,A,10,10,true,3
phase_0,phase0-gemma-2-2b-it-2026-08-17,empirical,google/gemma-2-2b-it,299a8560bedf22ed1c72a8a11e7dce4a7f9f51f8,DGS-034,discovery,easy,history,easy__malfunctioning_always_fail__neutral,factorial,malfunctioning_always_fail,neutral,recovery,21ab25ec4018e39ce6d297c4fd2cb654e9713df9c63c086b9b4699aaaabb13b1,11.499999525025487,,0.0,,0.0,,0,false,0.4022163208964934,1.4723547015836385,0.001970257084421221,,0.0,49,0.11363636363636363,,0.0,0.0,true,true,A,10,10,true,3
phase_0,phase0-gemma-2-2b-it-2026-08-17,empirical,google/gemma-2-2b-it,299a8560bedf22ed1c72a8a11e7dce4a7f9f51f8,DGS-037,discovery,hard,history,hard__accurate__neutral,factorial,accurate,neutral,measured,a96360c18c07a9c7ac435ad97348c30bf5d888b0775d86ce59c68c6d6361d922,9.562500270083547,,,m2_invalid_final_answer_all_ten_required,0.0,,0,false,0.7217578270383943,2.10569768993242,0.03134036369170751,,0.0,145,0.0,,1.0638297872340425,0.0,true,true,D,10,9,,3
phase_0,phase0-gemma-2-2b-it-2026-08-17,empirical,google/gemma-2-2b-it,299a8560bedf22ed1c72a8a11e7dce4a7f9f51f8,DGS-037,discovery,hard,history,hard__accurate__neutral,factorial,accurate,neutral,onset,f820ed2f2aa291be5c5c8e4ee888e570c8eb37163c8891b2b10acd57faf45f37,-3.375,,,m2_invalid_final_answer_all_ten_required,,m3_zero_visible_reasoning_tokens,0,false,0.3911391566775416,1.199150304593124,2.9978599090463297e-05,,0.0,5,-0.9655172413793104,,0.0,0.0,true,false,A,10,3,,3
phase_0,phase0-gemma-2-2b-it-2026-08-17,empirical,google/gemma-2-2b-it,299a8560bedf22ed1c72a8a11e7dce4a7f9f51f8,DGS-037,discovery,hard,history,hard__accurate__neutral,factorial,accurate,neutral,onset_washout,2f598eb3491fc3764b32aa4daa575fc5bc94e044c80961a5c1d7624ad0f1c25b,-3.1250000670552254,,,m2_invalid_final_answer_all_ten_required,,m3_zero_visible_reasoning_tokens,0,false,0.07980212661631464,0.24412162300746118,3.2509103358302484e-05,,0.0,5,-0.9655172413793104,,0.0,0.0,true,false,A,10,5,,3
phase_0,phase0-gemma-2-2b-it-2026-08-17,empirical,google/gemma-2-2b-it,299a8560bedf22ed1c72a8a11e7dce4a7f9f51f8,DGS-037,discovery,hard,history,hard__malfunctioning_always_fail__neutral,factorial,malfunctioning_always_fail,neutral,measured,9162ef7c21239e68c22aaf0e47c60bd97dc8d7f7c2ef3fce435d72030df88a5b,-11.750000026542693,,,m2_invalid_final_answer_all_ten_required,0.0,,0,false,0.11734525899148492,0.6590390115415687,0.0016073033495438598,,0.008,195,0.3448275862068966,,0.0,0.0,true,false,C,10,9,true,3
phase_0,phase0-gemma-2-2b-it-2026-08-17,empirical,google/gemma-2-2b-it,299a8560bedf22ed1c72a8a11e7dce4a7f9f51f8,DGS-037,discovery,hard,history,hard__malfunctioning_always_fail__neutral,factorial,malfunctioning_always_fail,neutral,recovery,cbc399c02908739e71025137a3f66d14c6ee165c9664dc085ee0b2b99326a377,-12.156249538820703,,,m2_invalid_final_answer_all_ten_required,0.0,,0,false,0.04119603433908276,0.3153584934146755,0.00017343869571306733,,0.008,195,0.3448275862068966,,0.0,0.0,true,false,C,10,8,true,3
phase_0,phase0-gemma-2-9b-it-2026-08-17,empirical,google/gemma-2-9b-it,11c9b309abf73637e4b6f9a3fa1e92e615547819,DGS-003,discovery,easy,mathematics,easy__accurate__neutral,factorial,accurate,neutral,measured,3dd706f89e6dc832f18788635885d2b58c2f810ae2ef6860354db832de73a762,15.687500000101863,,0.0,,0.0,,0,false,0.18122362505281397,0.9984048541632313,3.8670671560758765e-05,,0.0,40,0.0,,0.0,0.0,true,true,D,10,10,,3
phase_0,phase0-gemma-2-9b-it-2026-08-17,empirical,google/gemma-2-9b-it,11c9b309abf73637e4b6f9a3fa1e92e615547819,DGS-003,discovery,easy,mathematics,easy__accurate__neutral,factorial,accurate,neutral,onset,b35a260313119bba5568b02993b856d5cb85aa4e09ce97bae418929049dba464,8.937500083702616,,0.0,,0.0,,0,false,0.2680107122971457,1.3033383538077035,0.00022162697104952112,,0.0,40,0.0,,0.0,0.0,true,true,D,10,10,,3
phase_0,phase0-gemma-2-9b-it-2026-08-17,empirical,google/gemma-2-9b-it,11c9b309abf73637e4b6f9a3fa1e92e615547819,DGS-003,discovery,easy,mathematics,easy__accurate__neutral,factorial,accurate,neutral,onset_washout,fb0c70ab681a1f19e02b4ed2f20e16fcc8f3959827bd610f2aa65dc692097458,12.437500239935616,,0.0,,0.0,,0,false,0.1116309440829341,0.7916016222212103,3.574041326639965e-05,,0.0,40,0.0,,0.0,0.0,true,true,D,10,10,,3
phase_0,phase0-gemma-2-9b-it-2026-08-17,empirical,google/gemma-2-9b-it,11c9b309abf73637e4b6f9a3fa1e92e615547819,DGS-003,discovery,easy,mathematics,easy__malfunctioning_always_fail__neutral,factorial,malfunctioning_always_fail,neutral,measured,ce064880418880865a103215b35c1836d4134ad638f6decd80d8fa1df4ba4582,9.062499651918188,,0.0,,0.0,,0,false,0.10987812697488476,0.7079042200969672,7.938547038820033e-05,,0.0,72,0.8,,0.0,0.0,true,true,D,10,10,true,3
phase_0,phase0-gemma-2-9b-it-2026-08-17,empirical,google/gemma-2-9b-it,11c9b309abf73637e4b6f9a3fa1e92e615547819,DGS-003,discovery,easy,mathematics,easy__malfunctioning_always_fail__neutral,factorial,malfunctioning_always_fail,neutral,recovery,33180d007b0b8a408360cfcd72fec06999e4ead5bc9b407f03d37ebd77bfb753,8.749999912106432,,0.0,,0.0,,0,false,0.021899408433294954,0.18572946287335046,1.4771409993764673e-05,,0.0,74,0.85,,0.0,0.0,true,true,D,10,10,true,3
phase_0,phase0-gemma-2-9b-it-2026-08-17,empirical,google/gemma-2-9b-it,11c9b309abf73637e4b6f9a3fa1e92e615547819,DGS-005,discovery,hard,mathematics,hard__accurate__neutral,factorial,accurate,neutral,measured,26cd28e4642e888735eddc9a905268131bfc4cd30dee2fbc94f4aeb284253431,14.12499964403105,,0.0,,0.0,,0,false,0.13063121327388055,0.8476379322405561,2.6292931363268667e-06,,0.0423728813559322,211,0.0,,0.0,0.0,true,true,B,10,10,,3
phase_0,phase0-gemma-2-9b-it-2026-08-17,empirical,google/gemma-2-9b-it,11c9b309abf73637e4b6f9a3fa1e92e615547819,DGS-005,discovery,hard,mathematics,hard__accurate__neutral,factorial,accurate,neutral,onset,611e1c28d681b5954c6e47545b3e541315abdb1b188c4ddd2772f320c67cadd6,10.999999698833562,,0.0,,0.0,,0,false,0.08054357680642169,0.6092429396553377,8.517426715371986e-06,,0.05084745762711865,209,-0.009478672985781991,,0.0,0.0,true,true,B,10,10,,3
phase_0,phase0-gemma-2-9b-it-2026-08-17,empirical,google/gemma-2-9b-it,11c9b309abf73637e4b6f9a3fa1e92e615547819,DGS-005,discovery,hard,mathematics,hard__accurate__neutral,factorial,accurate,neutral,onset_washout,70c6761cb7de7da53a6440c24eb0e7d42e062ea34968f4579a24f9f0581cfe36,13.062500241307134,,0.0,,0.0,,0,false,0.03715253319268105,0.3420001894371994,2.0130154868696996e-06,,0.05084745762711865,209,-0.009478672985781991,,0.0,0.0,true,true,B,10,10,,3
phase_0,phase0-gemma-2-9b-it-2026-08-17,empirical,google/gemma-2-9b-it,11c9b309abf73637e4b6f9a3fa1e92e615547819,DGS-005,discovery,hard,mathematics,hard__malfunctioning_always_fail__neutral,factorial,malfunctioning_always_fail,neutral,measured,40605a7878f4b273d4fed6bf94b6fbcc7eec57944e7c26e2603ee17ad2cdbb88,11.749999650099198,,0.0,,0.0,,0,false,0.12208076861423195,0.8316622644581981,1.3519570966069262e-05,,0.042105263157894736,334,0.5829383886255924,,0.0,0.0,true,true,B,10,10,true,3
phase_0,phase0-gemma-2-9b-it-2026-08-17,empirical,google/gemma-2-9b-it,11c9b309abf73637e4b6f9a3fa1e92e615547819,DGS-005,discovery,hard,mathematics,hard__malfunctioning_always_fail__neutral,factorial,malfunctioning_always_fail,neutral,recovery,7c4cb1bf3457ebbce230fb7611206bedd9aea487d1c97c7d64c2ff2139348315,10.625000258616637,,,m2_invalid_final_answer_all_ten_required,0.0,,0,false,0.0182460158944234,0.17183827756952588,6.503727409527552e-06,,0.02976190476190476,296,0.4028436018957346,,0.0,0.0,true,true,B,10,9,true,3
phase_0,phase0-gemma-2-9b-it-2026-08-17,empirical,google/gemma-2-9b-it,11c9b309abf73637e4b6f9a3fa1e92e615547819,DGS-010,discovery,easy,logic,easy__accurate__neutral,factorial,accurate,neutral,measured,a42db46d95e5f985d6bf568d8de114a4114e23ca93c394fa93cb358a8f8b0046,16.156250001047738,,0.0,,0.0,,0,false,0.2551078603312138,1.0105736267811054,2.316897994913542e-05,,0.0,52,0.0,,0.0,0.0,true,true,B,10,10,,3
phase_0,phase0-gemma-2-9b-it-2026-08-17,empirical,google/gemma-2-9b-it,11c9b309abf73637e4b6f9a3fa1e92e615547819,DGS-010,discovery,easy,logic,easy__accurate__neutral,factorial,accurate,neutral,onset,a79a65cce638bd5182e5b313a986d2fa20f74178a63829f5f11bfc3f8c421a67,13.843749777181074,,0.0,,0.0,,0,false,0.23871248958459845,1.1625513768324438,6.439367324084788e-05,,0.0,89,0.7115384615384616,,0.0,0.0,true,true,B,10,10,,3
phase_0,phase0-gemma-2-9b-it-2026-08-17,empirical,google/gemma-2-9b-it,11c9b309abf73637e4b6f9a3fa1e92e615547819,DGS-010,discovery,easy,logic,easy__accurate__neutral,factorial,accurate,neutral,onset_washout,a5ad303fefa56645c2dfb0bd7888b85349a45574a736906dc6b5d00f9cc7ea5c,13.312500007334165,,0.0,,0.0,,0,false,0.17894754023838322,0.967000761450915,5.100203405797815e-05,,0.0,44,-0.15384615384615385,,0.0,0.0,true,true,B,10,10,,3
phase_0,phase0-gemma-2-9b-it-2026-08-17,empirical,google/gemma-2-9b-it,11c9b309abf73637e4b6f9a3fa1e92e615547819,DGS-010,discovery,easy,logic,easy__malfunctioning_always_fail__neutral,factorial,malfunctioning_always_fail,neutral,measured,90704ed2d8545b5b3a2032f3d2c67425bf1a400e4deef153fb3b8d2b6a5d47ff,10.250000298576197,,0.0,,0.0,,0,false,0.12794568919686766,0.7536558855781489,3.468137988820654e-05,,0.016666666666666666,88,0.6923076923076923,,0.0,0.0,true,true,B,10,10,true,3
phase_0,phase0-gemma-2-9b-it-2026-08-17,empirical,google/gemma-2-9b-it,11c9b309abf73637e4b6f9a3fa1e92e615547819,DGS-010,discovery,easy,logic,easy__malfunctioning_always_fail__neutral,factorial,malfunctioning_always_fail,neutral,recovery,f5a88d5e58fa8322dcc218b060f33bcb7e36560be042ad360d63fc5c27f61b21,11.874999640713213,,0.09999999999999998,,0.0,,0,false,0.1558876162281855,0.8769797231432224,3.681333982622903e-05,,0.017543859649122806,92,0.7692307692307693,,0.0,0.0,true,true,B,10,10,true,3
phase_0,phase0-gemma-2-9b-it-2026-08-17,empirical,google/gemma-2-9b-it,11c9b309abf73637e4b6f9a3fa1e92e615547819,DGS-014,discovery,hard,logic,hard__accurate__neutral,factorial,accurate,neutral,measured,495a6d78edf211d045e9e0234b983685d1d3d9d1b1e9adf8b41c9eec1da47d57,,m1_invalid_final_answer,,m2_invalid_final_answer_all_ten_required,0.0,,0,false,0.25082039968836406,1.1154081460002063,8.825608122219575e-05,,0.10784313725490197,141,0.0,,0.0,0.0,false,,,10,3,,3
phase_0,phase0-gemma-2-9b-it-2026-08-17,empirical,google/gemma-2-9b-it,11c9b309abf73637e4b6f9a3fa1e92e615547819,DGS-014,discovery,hard,logic,hard__accurate__neutral,factorial,accurate,neutral,onset,e9d0040a6a100cebc56e5f6e7afe4c6ba7b76b8c2cde1c63b911f964deb329b6,,m1_invalid_final_answer,,m2_invalid_final_answer_all_ten_required,0.0,,0,false,0.2629954193439225,1.3572653747430654,0.00026271471160386393,,0.049586776859504134,170,0.20567375886524822,,0.0,0.0,false,,,10,2,,3
phase_0,phase0-gemma-2-9b-it-2026-08-17,empirical,google/gemma-2-9b-it,11c9b309abf73637e4b6f9a3fa1e92e615547819,DGS-014,discovery,hard,logic,hard__accurate__neutral,factorial,accurate,neutral,onset_washout,375970c23f93248fe55fea9cfb3d55bc7b55e873c96a3212d9976ed7f26e436a,,m1_invalid_final_answer,,m2_invalid_final_answer_all_ten_required,0.0,,0,false,0.26917549165702076,1.3919263929252874,0.0004268192609378313,,0.13846153846153847,179,0.2695035460992908,,0.0,0.0,false,,,10,0,,3
phase_0,phase0-gemma-2-9b-it-2026-08-17,empirical,google/gemma-2-9b-it,11c9b309abf73637e4b6f9a3fa1e92e615547819,DGS-014,discovery,hard,logic,hard__malfunctioning_always_fail__neutral,factorial,malfunctioning_always_fail,neutral,measured,fd8ad96277136fa57a9a623880659018d14fd94ffc66bbea3c7421aade33d5b9,,m1_invalid_final_answer,,m2_invalid_final_answer_all_ten_required,0.0,,0,false,0.25172354093567184,1.1491823825769607,7.615834944307684e-05,,0.11650485436893204,140,-0.0070921985815602835,,0.0,0.0,false,,,10,1,false,3
phase_0,phase0-gemma-2-9b-it-2026-08-17,empirical,google/gemma-2-9b-it,11c9b309abf73637e4b6f9a3fa1e92e615547819,DGS-014,discovery,hard,logic,hard__malfunctioning_always_fail__neutral,factorial,malfunctioning_always_fail,neutral,recovery,2c95c88548128303ecc1e56eb2c2e2b67536639470046cde1b70637107f915de,,m1_invalid_final_answer,,m2_invalid_final_answer_all_ten_required,0.0,,0,false,0.2909403888328455,1.35421684675503,0.0006303637127008084,,0.11428571428571428,142,0.0070921985815602835,,0.0,0.0,false,,,10,1,false,3
phase_0,phase0-gemma-2-9b-it-2026-08-17,empirical,google/gemma-2-9b-it,11c9b309abf73637e4b6f9a3fa1e92e615547819,DGS-018,discovery,easy,science,easy__accurate__neutral,factorial,accurate,neutral,measured,732c2090ee58402fe2a184493e2421f3277f1c9a03baab9b89a3fd4b02188e55,15.218750238935172,,0.0,,0.0,,0,false,0.32272951104012676,1.3327548024938625,3.351987919740391e-05,,0.0,96,0.0,,0.0,1.408450704225352,true,true,B,10,10,,3
phase_0,phase0-gemma-2-9b-it-2026-08-17,empirical,google/gemma-2-9b-it,11c9b309abf73637e4b6f9a3fa1e92e615547819,DGS-018,discovery,easy,science,easy__accurate__neutral,factorial,accurate,neutral,onset,7747a459134ab1b532ef735b4ee8f6e98bb0a005e811d1da78c2e427d37e08e9,12.374999774910975,,0.0,,0.0,,0,false,0.22037795962052398,1.0759007436782646,2.867149084416093e-05,,0.0,81,-0.15625,,0.0,0.0,true,true,B,10,10,,3
phase_0,phase0-gemma-2-9b-it-2026-08-17,empirical,google/gemma-2-9b-it,11c9b309abf73637e4b6f9a3fa1e92e615547819,DGS-018,discovery,easy,science,easy__accurate__neutral,factorial,accurate,neutral,onset_washout,2386f2d807ce81f634c523b6a09f2d34891c411204f5579e6a10f0ccf38278ca,13.062500003441528,,0.0,,0.0,,0,false,0.1564767340560792,1.001949763823294,2.3776206907966113e-05,,0.0,80,-0.16666666666666666,,0.0,0.0,true,true,B,10,10,,3
phase_0,phase0-gemma-2-9b-it-2026-08-17,empirical,google/gemma-2-9b-it,11c9b309abf73637e4b6f9a3fa1e92e615547819,DGS-018,discovery,easy,science,easy__malfunctioning_always_fail__neutral,factorial,malfunctioning_always_fail,neutral,measured,a48c93d12eb5d7d5edbb2132ec1e0aa9e2bc23b5a4806f9ebc41c96ec6ff4e05,11.875000262007234,,0.0,,0.0,,0,false,0.37782999431940534,1.441243397513448,0.00014214100094181724,,0.0,80,-0.16666666666666666,,0.0,0.0,true,true,B,10,10,true,3
phase_0,phase0-gemma-2-9b-it-2026-08-17,empirical,google/gemma-2-9b-it,11c9b309abf73637e4b6f9a3fa1e92e615547819,DGS-018,discovery,easy,science,easy__malfunctioning_always_fail__neutral,factorial,malfunctioning_always_fail,neutral,recovery,4b2dcd52a85865a98eb13c06e0ce86699d3af7770c2bbeb6f5822147fc517465,9.749999726889655,,0.0,,0.0,,0,false,0.32970464018610796,1.4793214140345186,0.0005046268362062955,,0.0,94,-0.020833333333333332,,0.0,0.0,true,true,B,10,10,true,3
phase_0,phase0-gemma-2-9b-it-2026-08-17,empirical,google/gemma-2-9b-it,11c9b309abf73637e4b6f9a3fa1e92e615547819,DGS-022,discovery,hard,science,hard__accurate__neutral,factorial,accurate,neutral,measured,572b8660376e982b7e90c5b94cb616e6f2e3075c8005172525674fa006dcbdcc,9.437499575666152,,,m2_invalid_final_answer_all_ten_required,0.0,,0,false,0.23363895797000345,1.1667975067379666,4.3204107271128675e-05,,0.009009009009009009,223,0.0,,0.0,0.0,true,true,D,10,9,,3
phase_0,phase0-gemma-2-9b-it-2026-08-17,empirical,google/gemma-2-9b-it,11c9b309abf73637e4b6f9a3fa1e92e615547819,DGS-022,discovery,hard,science,hard__accurate__neutral,factorial,accurate,neutral,onset,297cce88393c4ae380018bee28420626d8034b509c6d2126af03fb37f84f0e7a,,m1_invalid_final_answer,,m2_invalid_final_answer_all_ten_required,0.0,,0,false,0.034123657709257335,0.302693138434912,1.721078851020295e-05,,0.011494252873563218,248,0.11210762331838565,,0.0,0.0,false,,,10,8,,3
phase_0,phase0-gemma-2-9b-it-2026-08-17,empirical,google/gemma-2-9b-it,11c9b309abf73637e4b6f9a3fa1e92e615547819,DGS-022,discovery,hard,science,hard__accurate__neutral,factorial,accurate,neutral,onset_washout,472a6883b717f53afd5dfa99456369f72b5106518772c40238472237a62c0791,,m1_invalid_final_answer,,m2_invalid_final_answer_all_ten_required,0.0,,0,false,0.015571481270269753,0.15042534382249131,8.42921412104279e-06,,0.011494252873563218,248,0.11210762331838565,,0.0,0.0,false,,,10,7,,3
phase_0,phase0-gemma-2-9b-it-2026-08-17,empirical,google/gemma-2-9b-it,11c9b309abf73637e4b6f9a3fa1e92e615547819,DGS-022,discovery,hard,science,hard__malfunctioning_always_fail__neutral,factorial,malfunctioning_always_fail,neutral,measured,70067496d0c40fe06d3571d3dfbacefc9adf6e021f15e74bdd1905cb366444b3,11.68750000903674,,,m2_invalid_final_answer_all_ten_required,0.0,,0,false,0.1793226780604065,1.0844259271472565,3.5568823048108754e-05,,0.009615384615384616,264,0.18385650224215247,,0.0,0.0,true,true,D,10,7,true,3
phase_0,phase0-gemma-2-9b-it-2026-08-17,empirical,google/gemma-2-9b-it,11c9b309abf73637e4b6f9a3fa1e92e615547819,DGS-022,discovery,hard,science,hard__malfunctioning_always_fail__neutral,factorial,malfunctioning_always_fail,neutral,recovery,89c0590df4dda55fd1e6e2f6a60383f714a67b02f0d49a1eaea5d9619a785417,8.437499618332367,,,m2_invalid_final_answer_all_ten_required,0.0,,0,false,0.01651855620177987,0.15377588029422903,1.7222234927195155e-05,,0.012048192771084338,247,0.10762331838565023,,0.0,0.0,true,true,D,10,6,true,3
phase_0,phase0-gemma-2-9b-it-2026-08-17,empirical,google/gemma-2-9b-it,11c9b309abf73637e4b6f9a3fa1e92e615547819,DGS-026,discovery,easy,language,easy__accurate__neutral,factorial,accurate,neutral,measured,eb704f14d8a08c634b43f1319cce8f10e107ef8cc8b714fdbc567a8f779b15ae,15.343749881056283,,0.0,,0.0,,0,false,0.3364350920788665,1.2325446243015787,3.284524046557514e-05,,0.0,41,0.0,,0.0,0.0,true,true,B,10,10,,3
phase_0,phase0-gemma-2-9b-it-2026-08-17,empirical,google/gemma-2-9b-it,11c9b309abf73637e4b6f9a3fa1e92e615547819,DGS-026,discovery,easy,language,easy__accurate__neutral,factorial,accurate,neutral,onset,11f31b555627abbaea36c9f57231adf91d8867e637add84917770738f93d7e9f,10.500000296276994,,0.0,,0.0,,0,false,0.4371652049222714,1.4039090548397577,0.00046695379971853807,,0.0,31,-0.24390243902439024,,0.0,0.0,true,true,B,10,10,,3
phase_0,phase0-gemma-2-9b-it-2026-08-17,empirical,google/gemma-2-9b-it,11c9b309abf73637e4b6f9a3fa1e92e615547819,DGS-026,discovery,easy,language,easy__accurate__neutral,factorial,accurate,neutral,onset_washout,af667a1bc94311db3b4ee4355460d623637e479627d8f800a22dd85d3bd7fa5d,13.187500135260052,,0.0,,0.0,,0,false,0.2233508570487743,1.030189777517149,5.525582401571545e-05,,0.0,31,-0.24390243902439024,,0.0,0.0,true,true,B,10,10,,3
phase_0,phase0-gemma-2-9b-it-2026-08-17,empirical,google/gemma-2-9b-it,11c9b309abf73637e4b6f9a3fa1e92e615547819,DGS-026,discovery,easy,language,easy__malfunctioning_always_fail__neutral,factorial,malfunctioning_always_fail,neutral,measured,159570282ed9bcf1403ab91235e5c7a9274764f0f976d4a8d46740d87f70d07b,7.624999886145815,,0.0,,0.0,,0,false,0.4786977943043509,1.5946335071339324,0.00036595001821868446,,0.0,61,0.4878048780487805,,0.0,0.0,true,true,B,10,10,true,3
phase_0,phase0-gemma-2-9b-it-2026-08-17,empirical,google/gemma-2-9b-it,11c9b309abf73637e4b6f9a3fa1e92e615547819,DGS-026,discovery,easy,language,easy__malfunctioning_always_fail__neutral,factorial,malfunctioning_always_fail,neutral,recovery,b641ada3de9bb86555ef71b174519fc5e4899c0ab35a351f72f3e2c3f0685ff9,10.750000388739863,,0.0,,0.0,,0,false,0.1887836039847837,0.9440786831587904,0.0002184885828922479,,0.0,34,-0.17073170731707318,,0.0,0.0,true,true,B,10,10,true,3
phase_0,phase0-gemma-2-9b-it-2026-08-17,empirical,google/gemma-2-9b-it,11c9b309abf73637e4b6f9a3fa1e92e615547819,DGS-030,discovery,hard,language,hard__accurate__neutral,factorial,accurate,neutral,measured,fec677bf65458efcb49d9c57fc535cfa5b4d3b09466594928502d823c6c2e7b5,14.249999644685886,,0.0,,0.0,,0,false,0.3042076860505833,1.4340382877040732,0.00010336177666908641,,0.0,46,0.0,,0.0,0.0,true,true,C,10,10,,3
phase_0,phase0-gemma-2-9b-it-2026-08-17,empirical,google/gemma-2-9b-it,11c9b309abf73637e4b6f9a3fa1e92e615547819,DGS-030,discovery,hard,language,hard__accurate__neutral,factorial,accurate,neutral,onset,026b8deab8c159ef33c143721f6b7dd00985cacdaf65c54e672d679fbc10f803,12.937499570456566,,0.0,,0.0,,0,false,0.20393292224315596,0.9839503704196373,4.47649840633754e-05,,0.0,55,0.1956521739130435,,0.0,0.0,true,true,C,10,10,,3
phase_0,phase0-gemma-2-9b-it-2026-08-17,empirical,google/gemma-2-9b-it,11c9b309abf73637e4b6f9a3fa1e92e615547819,DGS-030,discovery,hard,language,hard__accurate__neutral,factorial,accurate,neutral,onset_washout,82898257531dd91c044ae1d3be69645b79d908fdcb178e72022221442d840e36,13.62499955331441,,0.0,,0.0,,0,false,0.22929554527308493,1.1192600832685464,7.230528795179206e-05,,0.0,42,-0.08695652173913043,,0.0,0.0,true,true,C,10,10,,3
phase_0,phase0-gemma-2-9b-it-2026-08-17,empirical,google/gemma-2-9b-it,11c9b309abf73637e4b6f9a3fa1e92e615547819,DGS-030,discovery,hard,language,hard__malfunctioning_always_fail__neutral,factorial,malfunctioning_always_fail,neutral,measured,c1b94030613f087990abf107a91c5da4404a326bd16debf620fa642627467e40,8.812499945284799,,0.09999999999999998,,0.0,,0,false,0.24283452063329247,1.2333890506879617,3.0487723315919036e-05,,0.0,67,0.45652173913043476,,0.0,0.0,true,true,C,10,10,true,3
phase_0,phase0-gemma-2-9b-it-2026-08-17,empirical,google/gemma-2-9b-it,11c9b309abf73637e4b6f9a3fa1e92e615547819,DGS-030,discovery,hard,language,hard__malfunctioning_always_fail__neutral,factorial,malfunctioning_always_fail,neutral,recovery,8e42ecf73c73983fedaa0cf68a573c6591f2065cfa1919adbf81afb49ca3eb0f,8.562500078231096,,0.0,,0.0,,0,false,0.15590859062602008,0.8339351542656246,3.292790752045014e-05,,0.0,66,0.43478260869565216,,0.0,0.0,true,true,C,10,10,true,3
phase_0,phase0-gemma-2-9b-it-2026-08-17,empirical,google/gemma-2-9b-it,11c9b309abf73637e4b6f9a3fa1e92e615547819,DGS-034,discovery,easy,history,easy__accurate__neutral,factorial,accurate,neutral,measured,60c4be390b32e65685c1c639876ee6a461825706d0cd99b0d83c83b5c5716135,16.28125000210275,,0.0,,0.0,,0,false,0.27606380502767325,1.1703599427629872,3.207860687089296e-05,,0.0,33,0.0,,0.0,0.0,true,true,A,10,10,,3
phase_0,phase0-gemma-2-9b-it-2026-08-17,empirical,google/gemma-2-9b-it,11c9b309abf73637e4b6f9a3fa1e92e615547819,DGS-034,discovery,easy,history,easy__accurate__neutral,factorial,accurate,neutral,onset,c814a8e289a32e367d3c88ce038351f69adab5b023af69c5203ea491f3a69482,14.187500240383088,,0.0,,0.0,,0,false,0.060993641143559284,0.3807398171882812,7.622132256059386e-05,,0.0,26,-0.21212121212121213,,0.0,0.0,true,true,A,10,10,,3
phase_0,phase0-gemma-2-9b-it-2026-08-17,empirical,google/gemma-2-9b-it,11c9b309abf73637e4b6f9a3fa1e92e615547819,DGS-034,discovery,easy,history,easy__accurate__neutral,factorial,accurate,neutral,onset_washout,4e5efb2de9c58e6f3dc14f475472effca03a98b4fe73907ea1695d1e57e992f5,14.87499964352537,,0.0,,0.0,,0,false,0.07838753032354334,0.395969760661757,9.548621264714708e-05,,0.0,26,-0.21212121212121213,,0.0,0.0,true,true,A,10,10,,3
phase_0,phase0-gemma-2-9b-it-2026-08-17,empirical,google/gemma-2-9b-it,11c9b309abf73637e4b6f9a3fa1e92e615547819,DGS-034,discovery,easy,history,easy__malfunctioning_always_fail__neutral,factorial,malfunctioning_always_fail,neutral,measured,2a33a2d18baca92e3d9f7662cb343a4f696c3640fe13154960c3c92b39a2a6a5,10.125000287196599,,0.0,,0.0,,0,false,0.2636537422123722,1.1593040372143253,0.00038783535742391404,,0.0,26,-0.21212121212121213,,0.0,0.0,true,true,A,10,10,true,3
phase_0,phase0-gemma-2-9b-it-2026-08-17,empirical,google/gemma-2-9b-it,11c9b309abf73637e4b6f9a3fa1e92e615547819,DGS-034,discovery,easy,history,easy__malfunctioning_always_fail__neutral,factorial,malfunctioning_always_fail,neutral,recovery,e2f06d867a4b2678d3fa64198cd06a2d96a43fae142179315a20da1b158d953e,12.437500248895958,,0.0,,0.0,,0,false,0.0944167484796475,0.5804858449841281,0.0002531615885385316,,0.0,26,-0.21212121212121213,,0.0,0.0,true,true,A,10,10,true,3
phase_0,phase0-gemma-2-9b-it-2026-08-17,empirical,google/gemma-2-9b-it,11c9b309abf73637e4b6f9a3fa1e92e615547819,DGS-037,discovery,hard,history,hard__accurate__neutral,factorial,accurate,neutral,measured,d6a911b2e54a72d991757871a26bf8932ca55e0a4355274f8ac9df56eaafbed5,15.874999880956238,,0.0,,0.0,,0,false,0.3118222037843953,1.3217622787698682,0.00012404504341495133,,0.0,110,0.0,,0.0,0.0,true,true,D,10,10,,3
phase_0,phase0-gemma-2-9b-it-2026-08-17,empirical,google/gemma-2-9b-it,11c9b309abf73637e4b6f9a3fa1e92e615547819,DGS-037,discovery,hard,history,hard__accurate__neutral,factorial,accurate,neutral,onset,ded93049ba7c5a1b38814f17b75ec8d2d37c8be019f4aa4afd4ff2d463abdfbe,11.749999889725586,,,m2_invalid_final_answer_all_ten_required,0.0,,0,false,0.1319804545363762,0.8887597396567031,0.000148539915142589,,0.0,123,0.11818181818181818,,0.0,0.0,true,true,D,10,9,,3
phase_0,phase0-gemma-2-9b-it-2026-08-17,empirical,google/gemma-2-9b-it,11c9b309abf73637e4b6f9a3fa1e92e615547819,DGS-037,discovery,hard,history,hard__accurate__neutral,factorial,accurate,neutral,onset_washout,486e9ddc0455748c1debc922f9360d7df947a9973afff0bf965a33a6b0fdf584,14.343750239248038,,0.09999999999999998,,0.0,,0,false,0.10818467173270938,0.7331791631053449,4.396972978570174e-05,,0.0,124,0.12727272727272726,,0.0,0.0,true,true,D,10,10,,3
phase_0,phase0-gemma-2-9b-it-2026-08-17,empirical,google/gemma-2-9b-it,11c9b309abf73637e4b6f9a3fa1e92e615547819,DGS-037,discovery,hard,history,hard__malfunctioning_always_fail__neutral,factorial,malfunctioning_always_fail,neutral,measured,7f1fc4e49b765321d083c15dba2eedb567b46b435226a6c52f1c71b605e698c6,12.999999882027623,,0.19999999999999996,,0.0,,0,false,0.20860231902631096,1.0642410165308962,6.482113036173877e-05,,0.0,144,0.3090909090909091,,0.0,0.0,true,true,D,10,10,true,3
phase_0,phase0-gemma-2-9b-it-2026-08-17,empirical,google/gemma-2-9b-it,11c9b309abf73637e4b6f9a3fa1e92e615547819,DGS-037,discovery,hard,history,hard__malfunctioning_always_fail__neutral,factorial,malfunctioning_always_fail,neutral,recovery,a9071ae91a95218940e63fc007a9da215329e289e0f3f2d3e9a980f20944ab10,9.87500012863893,,0.19999999999999996,,0.0,,0,false,0.07977422616967865,0.621271718523893,0.00014665799272105091,,0.0,121,0.1,,0.0,0.0,true,true,D,10,10,true,3
phase_0,phase0-llama-3.1-8b-2026-08-17,empirical,meta-llama/Llama-3.1-8B-Instruct,0e9e39f249a16976918f6564b8830bc894c89659,DGS-003,discovery,easy,mathematics,easy__accurate__neutral,factorial,accurate,neutral,measured,d73fc136ac095b7b6bbd21b8fe05e138a779e761664cabc303d780192128a9f3,10.000000268861186,,0.0,,0.0,,0,false,0.08779997154556356,0.5701506115349224,0.00019239355610501578,,0.0,89,0.0,,0.0,0.0,true,true,D,10,10,,3
phase_0,phase0-llama-3.1-8b-2026-08-17,empirical,meta-llama/Llama-3.1-8B-Instruct,0e9e39f249a16976918f6564b8830bc894c89659,DGS-003,discovery,easy,mathematics,easy__accurate__neutral,factorial,accurate,neutral,onset,69b65e3850b259585177f84b1da73b24f8653bb8705a4a342465f9d024dd1d27,7.3749998699640855,,0.0,,0.0,,0,false,0.17879229845772396,1.012128453005842,0.0011601883701246134,,0.0,89,0.0,,0.0,0.0,true,true,D,10,10,,3
phase_0,phase0-llama-3.1-8b-2026-08-17,empirical,meta-llama/Llama-3.1-8B-Instruct,0e9e39f249a16976918f6564b8830bc894c89659,DGS-003,discovery,easy,mathematics,easy__accurate__neutral,factorial,accurate,neutral,onset_washout,9314684933bb879ac2dc9007397b8100a24ec3c63846091bfca12c9a8afad9d7,8.74999960756395,,0.0,,0.0,,0,false,0.03827632651847703,0.2678062200338654,0.0002739949697754537,,0.0,89,0.0,,0.0,0.0,true,true,D,10,10,,3
phase_0,phase0-llama-3.1-8b-2026-08-17,empirical,meta-llama/Llama-3.1-8B-Instruct,0e9e39f249a16976918f6564b8830bc894c89659,DGS-003,discovery,easy,mathematics,easy__malfunctioning_always_fail__neutral,factorial,malfunctioning_always_fail,neutral,measured,88d29ced52a698bc118d68f60ded6cb3cea0f393fa59efb2fd6722837b6b61c9,3.2499998919665813,,,m2_invalid_final_answer_all_ten_required,0.0,,0,false,0.2162336193756505,1.313358145124889,0.0020548258635730236,,0.03888888888888889,287,2.2247191011235956,,0.0,0.0,true,true,D,10,5,true,3
phase_0,phase0-llama-3.1-8b-2026-08-17,empirical,meta-llama/Llama-3.1-8B-Instruct,0e9e39f249a16976918f6564b8830bc894c89659,DGS-003,discovery,easy,mathematics,easy__malfunctioning_always_fail__neutral,factorial,malfunctioning_always_fail,neutral,recovery,4558f55c4d58ace8fa25764137bc937a6e5a50c13c0896860e28f819c0bfded4,6.250000087544322,,,m2_invalid_final_answer_all_ten_required,0.0,,0,false,0.08046654615469706,0.7168023788995599,0.0006330804209708689,,0.017241379310344827,275,2.0898876404494384,,0.0,0.0,true,true,D,10,7,true,3
phase_0,phase0-llama-3.1-8b-2026-08-17,empirical,meta-llama/Llama-3.1-8B-Instruct,0e9e39f249a16976918f6564b8830bc894c89659,DGS-005,discovery,hard,mathematics,hard__accurate__neutral,factorial,accurate,neutral,measured,29fb088a8d3dca44c41f1d76d93515be0e033d67421d710cfb75d81fec046a34,10.62499964304152,,,m2_invalid_final_answer_all_ten_required,0.0,,0,false,0.07342181045380185,0.6085379706063746,0.0002039089650294057,,0.020080321285140562,339,0.0,,0.0,0.0,true,true,B,10,9,,3
phase_0,phase0-llama-3.1-8b-2026-08-17,empirical,meta-llama/Llama-3.1-8B-Instruct,0e9e39f249a16976918f6564b8830bc894c89659,DGS-005,discovery,hard,mathematics,hard__accurate__neutral,factorial,accurate,neutral,onset,7c52167c9641b35753e7c86b468f91d1763bb1028b4bc995e674e01f640b13cd,,m1_invalid_final_answer,,m2_invalid_final_answer_all_ten_required,0.0,,0,false,0.16129400149218703,1.1282416138581493,0.000500286396045586,,0.10582010582010581,512,0.5103244837758112,,0.0,0.0,false,,,10,9,,3
phase_0,phase0-llama-3.1-8b-2026-08-17,empirical,meta-llama/Llama-3.1-8B-Instruct,0e9e39f249a16976918f6564b8830bc894c89659,DGS-005,discovery,hard,mathematics,hard__accurate__neutral,factorial,accurate,neutral,onset_washout,4ac665af61ff9c8aa93ef148c0c0a03b6cd8066bc6f7586c5ec75bccf84a8d65,12.49999976167419,,0.19999999999999996,,0.0,,0,false,0.03974962461112997,0.3609500871391351,0.00012357503508088002,,0.020080321285140562,339,0.0,,0.0,0.0,true,true,B,10,10,,3
phase_0,phase0-llama-3.1-8b-2026-08-17,empirical,meta-llama/Llama-3.1-8B-Instruct,0e9e39f249a16976918f6564b8830bc894c89659,DGS-005,discovery,hard,mathematics,hard__malfunctioning_always_fail__neutral,factorial,malfunctioning_always_fail,neutral,measured,af01f670e855c7168aa08a6d3648ca4a5caa7bc3c5388de56c5fe99124654481,,m1_invalid_final_answer,,m2_invalid_final_answer_all_ten_required,0.0,,0,false,0.06067061023995374,0.5423871167356131,0.0002667571079194174,,0.05157593123209169,512,0.5103244837758112,,0.0,0.0,false,,,10,8,true,3
phase_0,phase0-llama-3.1-8b-2026-08-17,empirical,meta-llama/Llama-3.1-8B-Instruct,0e9e39f249a16976918f6564b8830bc894c89659,DGS-005,discovery,hard,mathematics,hard__malfunctioning_always_fail__neutral,factorial,malfunctioning_always_fail,neutral,recovery,fe310cad80aacd5f4577577646bd0742cec695d183e0651b5fa0f2ddc1419c22,,m1_invalid_final_answer,,m2_invalid_final_answer_all_ten_required,0.0,,0,false,0.04863120257196624,0.4275269687729886,0.00025891528198109925,,0.05157593123209169,512,0.5103244837758112,,0.0,0.0,false,,,10,9,true,3
phase_0,phase0-llama-3.1-8b-2026-08-17,empirical,meta-llama/Llama-3.1-8B-Instruct,0e9e39f249a16976918f6564b8830bc894c89659,DGS-010,discovery,easy,logic,easy__accurate__neutral,factorial,accurate,neutral,measured,5a6771e3308c6e12d9ac17add1b9202b62c9c6ac697794e7a557d01003ed0612,14.124999523233782,,0.09999999999999998,,0.0,,0,false,0.06817465828008132,0.44573946353154187,0.0002583554788734258,,0.0594059405940594,150,0.0,,0.0,0.0,true,true,B,10,10,,3
phase_0,phase0-llama-3.1-8b-2026-08-17,empirical,meta-llama/Llama-3.1-8B-Instruct,0e9e39f249a16976918f6564b8830bc894c89659,DGS-010,discovery,easy,logic,easy__accurate__neutral,factorial,accurate,neutral,onset,f3051e8e76ee0b4dd4cc306be1025b0b0cd92b959c934fea650bd0b1baa67c57,9.874999930034392,,,m2_invalid_final_answer_all_ten_required,0.0,,0,false,0.15612647276316538,1.0298832230989359,0.0014497893104103432,,0.0594059405940594,150,0.0,,0.0,0.0,true,true,B,10,9,,3
phase_0,phase0-llama-3.1-8b-2026-08-17,empirical,meta-llama/Llama-3.1-8B-Instruct,0e9e39f249a16976918f6564b8830bc894c89659,DGS-010,discovery,easy,logic,easy__accurate__neutral,factorial,accurate,neutral,onset_washout,ea3d801ed8c2b5a3c272659b003419b583b27adccc42642619b22f48bafa2a27,10.874999883497367,,0.0,,0.0,,0,false,0.08250843296489019,0.6098622016590575,0.0004454380026402386,,0.0594059405940594,150,0.0,,0.0,0.0,true,true,B,10,10,,3
phase_0,phase0-llama-3.1-8b-2026-08-17,empirical,meta-llama/Llama-3.1-8B-Instruct,0e9e39f249a16976918f6564b8830bc894c89659,DGS-010,discovery,easy,logic,easy__malfunctioning_always_fail__neutral,factorial,malfunctioning_always_fail,neutral,measured,ca6fb2355b28e7878ed1bb5a3520370ee4a87c1390d4dacc345bffe6fd049dd6,-11.6250003578607,,,m2_invalid_final_answer_all_ten_required,0.0,,0,false,0.1690236987119299,1.1395681735457452,0.0004794543865755641,,0.10273972602739725,211,0.4066666666666667,,0.0,0.0,true,false,C,10,6,true,3
phase_0,phase0-llama-3.1-8b-2026-08-17,empirical,meta-llama/Llama-3.1-8B-Instruct,0e9e39f249a16976918f6564b8830bc894c89659,DGS-010,discovery,easy,logic,easy__malfunctioning_always_fail__neutral,factorial,malfunctioning_always_fail,neutral,recovery,bd48da07f283ab502a18613fed94470f2b1dc3c59981eb8496ae8b8cf035d59f,10.250000003521563,,,m2_invalid_final_answer_all_ten_required,0.0,,0,false,0.1904411521764541,1.1912449274827568,0.0007944664131896099,,0.11042944785276074,236,0.5733333333333334,,0.0,0.0,true,true,B,10,8,true,3
phase_0,phase0-llama-3.1-8b-2026-08-17,empirical,meta-llama/Llama-3.1-8B-Instruct,0e9e39f249a16976918f6564b8830bc894c89659,DGS-014,discovery,hard,logic,hard__accurate__neutral,factorial,accurate,neutral,measured,5e5c838a5212b9ff8db20170ea3c60f5e39ae50ea5968cee0360b1b5b8b9d4e5,,m1_invalid_final_answer,,m2_invalid_final_answer_all_ten_required,0.0,,0,false,0.09256327889342905,0.6570762352044837,0.00044416649646163804,,0.38613861386138615,512,0.0,,0.0,0.0,false,,,10,8,,3
phase_0,phase0-llama-3.1-8b-2026-08-17,empirical,meta-llama/Llama-3.1-8B-Instruct,0e9e39f249a16976918f6564b8830bc894c89659,DGS-014,discovery,hard,logic,hard__accurate__neutral,factorial,accurate,neutral,onset,2746763e0d0b7aa65319eb1c5aad449a78082a7992ab257dfe9743882607e070,,m1_invalid_final_answer,,m2_invalid_final_answer_all_ten_required,0.0,,0,false,0.1011190623401494,0.7025410325940289,0.00046000417784360114,,0.38613861386138615,512,0.0,,0.0,0.0,false,,,10,5,,3
phase_0,phase0-llama-3.1-8b-2026-08-17,empirical,meta-llama/Llama-3.1-8B-Instruct,0e9e39f249a16976918f6564b8830bc894c89659,DGS-014,discovery,hard,logic,hard__accurate__neutral,factorial,accurate,neutral,onset_washout,5ce9066ddbb1518199f960c4ac17c9aa204725bfd89b50f4d70d43e47e023d91,,m1_invalid_final_answer,,m2_invalid_final_answer_all_ten_required,0.0,,0,false,0.09908346965095677,0.6763027041362502,0.0005551458823279524,,0.38613861386138615,512,0.0,,0.0,0.0,false,,,10,5,,3
phase_0,phase0-llama-3.1-8b-2026-08-17,empirical,meta-llama/Llama-3.1-8B-Instruct,0e9e39f249a16976918f6564b8830bc894c89659,DGS-014,discovery,hard,logic,hard__malfunctioning_always_fail__neutral,factorial,malfunctioning_always_fail,neutral,measured,3fe5772fd3b2bde5829199d081f123b7f9b14def70198a78e8828b25c4a2d117,,m1_invalid_final_answer,,m2_invalid_final_answer_all_ten_required,0.0,,0,false,0.13566442871717782,0.9134966941935778,0.0015147858073710344,,0.5356265356265356,512,0.0,,0.0,0.0,false,,,10,8,false,3
phase_0,phase0-llama-3.1-8b-2026-08-17,empirical,meta-llama/Llama-3.1-8B-Instruct,0e9e39f249a16976918f6564b8830bc894c89659,DGS-014,discovery,hard,logic,hard__malfunctioning_always_fail__neutral,factorial,malfunctioning_always_fail,neutral,recovery,71cfb86352003f90fe9fb86f38e94d5e1273f008dfa64670ef2e5ba059614537,,m1_invalid_final_answer,,m2_invalid_final_answer_all_ten_required,0.0,,0,false,0.19093933046746117,1.2334860299426136,0.0013348007402269398,,0.5036496350364964,512,0.0,,0.0,0.0,false,,,10,3,false,3
phase_0,phase0-llama-3.1-8b-2026-08-17,empirical,meta-llama/Llama-3.1-8B-Instruct,0e9e39f249a16976918f6564b8830bc894c89659,DGS-018,discovery,easy,science,easy__accurate__neutral,factorial,accurate,neutral,measured,7e2207b0312ae951fd2f41e9aae47239fe6000cc75d20d1b8566c72cac8f0a2a,12.625000120046025,,0.0,,0.0,,0,false,0.1551129086893617,1.0222089411444624,0.00038698868122902095,,0.09523809523809523,245,0.0,,0.0,0.0,true,true,B,10,10,,3
phase_0,phase0-llama-3.1-8b-2026-08-17,empirical,meta-llama/Llama-3.1-8B-Instruct,0e9e39f249a16976918f6564b8830bc894c89659,DGS-018,discovery,easy,science,easy__accurate__neutral,factorial,accurate,neutral,onset,30ef2780d0add01af577e9f7977500b51a7a0c247a6352409886e4417d8cf242,9.874999780004146,,0.0,,0.0,,0,false,0.14730347336007774,1.0455360450057705,0.0011417853792758787,,0.08530805687203792,248,0.012244897959183673,,0.0,0.0,true,true,B,10,10,,3
phase_0,phase0-llama-3.1-8b-2026-08-17,empirical,meta-llama/Llama-3.1-8B-Instruct,0e9e39f249a16976918f6564b8830bc894c89659,DGS-018,discovery,easy,science,easy__accurate__neutral,factorial,accurate,neutral,onset_washout,5050db4100c81dcbbd6b54ce0ea057aa5419e7a0f24fddc84c01d3f2a77605b6,11.12499988115087,,0.0,,0.0,,0,false,0.05415504212241262,0.4659757629872024,0.0002772278456482151,,0.09178743961352658,241,-0.0163265306122449,,0.0,0.0,true,true,B,10,10,,3
phase_0,phase0-llama-3.1-8b-2026-08-17,empirical,meta-llama/Llama-3.1-8B-Instruct,0e9e39f249a16976918f6564b8830bc894c89659,DGS-018,discovery,easy,science,easy__malfunctioning_always_fail__neutral,factorial,malfunctioning_always_fail,neutral,measured,d78c275cf82fe36365f42d64368dec444ab81764d73cc281301afced07d6a325,1.1250000298023224,,,m2_invalid_final_answer_all_ten_required,0.0,,0,false,0.11454340915794921,0.8440993134222557,0.0005425465799840337,,0.10648148148148148,251,0.024489795918367346,,0.0,0.0,true,true,B,10,9,true,3
phase_0,phase0-llama-3.1-8b-2026-08-17,empirical,meta-llama/Llama-3.1-8B-Instruct,0e9e39f249a16976918f6564b8830bc894c89659,DGS-018,discovery,easy,science,easy__malfunctioning_always_fail__neutral,factorial,malfunctioning_always_fail,neutral,recovery,0305f2c739cf41da881ce109726eb6a74ffc795514ff762f63973ec56fa65035,-0.9999999701976776,,0.09999999999999998,,0.0,,0,false,0.17168945409105246,1.0854463795107492,0.002946651763681116,,0.17624521072796934,301,0.22857142857142856,,0.0,0.0,true,false,D,10,10,true,3
phase_0,phase0-llama-3.1-8b-2026-08-17,empirical,meta-llama/Llama-3.1-8B-Instruct,0e9e39f249a16976918f6564b8830bc894c89659,DGS-022,discovery,hard,science,hard__accurate__neutral,factorial,accurate,neutral,measured,26c55807de5f8429cd2da894635a2d575efec6807a426aea818ba45b249a7d25,12.374999559950083,,,m2_invalid_final_answer_all_ten_required,0.0,,0,false,0.018841030465015216,0.16812130723030536,7.601967005142276e-05,,0.22297297297297297,462,0.0,,0.0,0.0,true,true,D,10,5,,3
phase_0,phase0-llama-3.1-8b-2026-08-17,empirical,meta-llama/Llama-3.1-8B-Instruct,0e9e39f249a16976918f6564b8830bc894c89659,DGS-022,discovery,hard,science,hard__accurate__neutral,factorial,accurate,neutral,onset,566dc1394996ef830568565c75f86758b72aff074fca360fb5f39d80c4626ef2,9.000000367872417,,,m2_invalid_final_answer_all_ten_required,0.0,,0,false,0.037584970359783317,0.33791837758059073,0.00038672139623918087,,0.22297297297297297,462,0.0,,0.0,0.0,true,true,D,10,4,,3
phase_0,phase0-llama-3.1-8b-2026-08-17,empirical,meta-llama/Llama-3.1-8B-Instruct,0e9e39f249a16976918f6564b8830bc894c89659,DGS-022,discovery,hard,science,hard__accurate__neutral,factorial,accurate,neutral,onset_washout,d5e40067b549668768bfbcedc69ce6119ba1853c22495f95eae8188174f2ddc3,11.375000157684553,,,m2_invalid_final_answer_all_ten_required,0.0,,0,false,0.010219830429416715,0.09355945718776779,0.0001058235711895289,,0.22297297297297297,462,0.0,,0.0,0.0,true,true,D,10,5,,3
phase_0,phase0-llama-3.1-8b-2026-08-17,empirical,meta-llama/Llama-3.1-8B-Instruct,0e9e39f249a16976918f6564b8830bc894c89659,DGS-022,discovery,hard,science,hard__malfunctioning_always_fail__neutral,factorial,malfunctioning_always_fail,neutral,measured,594ba00a2765233815f88d4e5c004fa5150da5847b508c79ae33d2452ff956bd,,m1_invalid_final_answer,,m2_invalid_final_answer_all_ten_required,0.0,,0,false,0.07892728500005074,0.7131418942412816,0.0012250187065231284,,0.24528301886792453,512,0.10822510822510822,,0.0,0.0,false,,,10,1,true,3
phase_0,phase0-llama-3.1-8b-2026-08-17,empirical,meta-llama/Llama-3.1-8B-Instruct,0e9e39f249a16976918f6564b8830bc894c89659,DGS-022,discovery,hard,science,hard__malfunctioning_always_fail__neutral,factorial,malfunctioning_always_fail,neutral,recovery,9176f94b607100f60cc93e6e246177780b379608a0d8a379336363e652d0dbc9,,m1_invalid_final_answer,,m2_invalid_final_answer_all_ten_required,0.0,,0,false,0.053080629145516214,0.4817840399010507,0.0008868663815403005,,0.26791277258566976,512,0.10822510822510822,,0.0,0.0,false,,,10,4,true,3
phase_0,phase0-llama-3.1-8b-2026-08-17,empirical,meta-llama/Llama-3.1-8B-Instruct,0e9e39f249a16976918f6564b8830bc894c89659,DGS-026,discovery,easy,language,easy__accurate__neutral,factorial,accurate,neutral,measured,478f3f3e2292da1468d3310d18cd58f39e143cff1cc80c9cddd548c2d8493ebf,12.375000238696884,,0.0,,0.0,,0,false,0.16065800595596458,1.1135029737572564,0.0005172102903137796,,0.1592356687898089,204,0.0,,0.0,0.0,true,true,B,10,10,,3
phase_0,phase0-llama-3.1-8b-2026-08-17,empirical,meta-llama/Llama-3.1-8B-Instruct,0e9e39f249a16976918f6564b8830bc894c89659,DGS-026,discovery,easy,language,easy__accurate__neutral,factorial,accurate,neutral,onset,9e1632b64fbb7901f2ce6a38a401aace0e96fd898299d93ac7d80aab461b75e1,11.62500000088039,,0.0,,0.0,,0,false,0.16698763951103365,1.4450631947866939,0.0026236754308098693,,0.1310344827586207,190,-0.06862745098039216,,0.0,0.0,true,true,B,10,10,,3
phase_0,phase0-llama-3.1-8b-2026-08-17,empirical,meta-llama/Llama-3.1-8B-Instruct,0e9e39f249a16976918f6564b8830bc894c89659,DGS-026,discovery,easy,language,easy__accurate__neutral,factorial,accurate,neutral,onset_washout,932273651eada77f311f355ee90b27401296349b488acb4dc58b7a7b27513725,11.750000119896868,,0.0,,0.0,,0,false,0.025112821945588542,0.23877719975549616,0.00017642792856456915,,0.1310344827586207,190,-0.06862745098039216,,0.0,0.0,true,true,B,10,10,,3
phase_0,phase0-llama-3.1-8b-2026-08-17,empirical,meta-llama/Llama-3.1-8B-Instruct,0e9e39f249a16976918f6564b8830bc894c89659,DGS-026,discovery,easy,language,easy__malfunctioning_always_fail__neutral,factorial,malfunctioning_always_fail,neutral,measured,2d30d50fa88b426a152d5dffcfc0e0e2c74fb74efbf5a7c43e3f1157558540dc,9.374999885534635,,,m2_invalid_final_answer_all_ten_required,0.0,,0,false,0.14703456272317486,1.2166301840021936,0.0005301700919219604,,0.09042553191489362,238,0.16666666666666666,,0.0,0.5235602094240838,true,true,B,10,8,true,3
phase_0,phase0-llama-3.1-8b-2026-08-17,empirical,meta-llama/Llama-3.1-8B-Instruct,0e9e39f249a16976918f6564b8830bc894c89659,DGS-026,discovery,easy,language,easy__malfunctioning_always_fail__neutral,factorial,malfunctioning_always_fail,neutral,recovery,f63113be19ea2c2c5b42dd172752699661c3ca9a93990a4494283b59aee13752,7.874999967054464,,,m2_invalid_final_answer_all_ten_required,0.0,,0,false,0.11456808441974163,0.859651762893276,0.00029448721034100694,,0.13043478260869565,232,0.13725490196078433,,0.0,0.5347593582887701,true,true,B,10,8,true,3
phase_0,phase0-llama-3.1-8b-2026-08-17,empirical,meta-llama/Llama-3.1-8B-Instruct,0e9e39f249a16976918f6564b8830bc894c89659,DGS-030,discovery,hard,language,hard__accurate__neutral,factorial,accurate,neutral,measured,5b24946e0013a81f02a6d48186720e3d3a190268e2e71b54da78239e24a125ce,10.625000239684596,,,m2_invalid_final_answer_all_ten_required,0.0,,0,false,0.14745469648475615,1.0670417354233717,0.0006867789298725237,,0.032467532467532464,180,0.0,,0.0,0.0,true,true,C,10,9,,3
phase_0,phase0-llama-3.1-8b-2026-08-17,empirical,meta-llama/Llama-3.1-8B-Instruct,0e9e39f249a16976918f6564b8830bc894c89659,DGS-030,discovery,hard,language,hard__accurate__neutral,factorial,accurate,neutral,onset,3c31242f8e64209d0a6f86524470eb44ae14bc6073525c7de45735719d8a4e14,9.875000371495844,,,m2_invalid_final_answer_all_ten_required,0.0,,0,false,0.27818058540699475,1.7462291922252446,0.0024203530279237793,,0.042328042328042326,219,0.21666666666666667,,0.0,0.0,true,true,C,10,9,,3
phase_0,phase0-llama-3.1-8b-2026-08-17,empirical,meta-llama/Llama-3.1-8B-Instruct,0e9e39f249a16976918f6564b8830bc894c89659,DGS-030,discovery,hard,language,hard__accurate__neutral,factorial,accurate,neutral,onset_washout,c6421446c1c47dec2bae62031bb13892981ff609ba3a9256c0bdf34268febc82,10.749999646861397,,,m2_invalid_final_answer_all_ten_required,0.0,,0,false,0.040748224477660376,0.3324141543052913,0.0003596531959034024,,0.042328042328042326,219,0.21666666666666667,,0.0,0.0,true,true,C,10,9,,3
phase_0,phase0-llama-3.1-8b-2026-08-17,empirical,meta-llama/Llama-3.1-8B-Instruct,0e9e39f249a16976918f6564b8830bc894c89659,DGS-030,discovery,hard,language,hard__malfunctioning_always_fail__neutral,factorial,malfunctioning_always_fail,neutral,measured,51c8456482a1005c214409aa766b84574a6685e236fd7f334f25e6bb168b971d,,m1_invalid_final_answer,,m2_invalid_final_answer_all_ten_required,0.0,,0,false,0.500624419042975,2.0368640341528437,0.007927369436386672,,0.5659955257270693,512,1.8444444444444446,,0.0,0.0,false,,,10,9,true,3
phase_0,phase0-llama-3.1-8b-2026-08-17,empirical,meta-llama/Llama-3.1-8B-Instruct,0e9e39f249a16976918f6564b8830bc894c89659,DGS-030,discovery,hard,language,hard__malfunctioning_always_fail__neutral,factorial,malfunctioning_always_fail,neutral,recovery,9ee5109cdd79e7e14eaab5e28952beb2e114d293ed88aa985413466d0d937ad3,,m1_invalid_final_answer,,m2_invalid_final_answer_all_ten_required,0.0,,0,false,0.3040119524240622,1.695212570187447,0.004174274981514483,,0.5258426966292135,512,1.8444444444444446,,0.0,0.0,false,,,10,9,true,3
phase_0,phase0-llama-3.1-8b-2026-08-17,empirical,meta-llama/Llama-3.1-8B-Instruct,0e9e39f249a16976918f6564b8830bc894c89659,DGS-034,discovery,easy,history,easy__accurate__neutral,factorial,accurate,neutral,measured,465d8275638f0bdf4882888f6314f0b258cda6df0a50e403cd87fa81efd82691,11.874999763178494,,0.0,,0.0,,0,false,0.24723398589527362,1.2118448136761213,0.0012341479426812498,,0.04,94,0.0,,0.0,0.0,true,true,A,10,10,,3
phase_0,phase0-llama-3.1-8b-2026-08-17,empirical,meta-llama/Llama-3.1-8B-Instruct,0e9e39f249a16976918f6564b8830bc894c89659,DGS-034,discovery,easy,history,easy__accurate__neutral,factorial,accurate,neutral,onset,6996d3e8a3522d955133ecea758d501c794863edc2a90cadeab3ddf6b46a4b9c,12.874999642599505,,0.0,,0.0,,0,false,0.10970969183685095,0.7917116012634656,0.00040416617235661256,,0.020833333333333332,125,0.32978723404255317,,0.0,0.0,true,true,A,10,10,,3
phase_0,phase0-llama-3.1-8b-2026-08-17,empirical,meta-llama/Llama-3.1-8B-Instruct,0e9e39f249a16976918f6564b8830bc894c89659,DGS-034,discovery,easy,history,easy__accurate__neutral,factorial,accurate,neutral,onset_washout,ab2565d062e60b9a723a45c87a424fb67c9ea1eb9bc7c49c90d0b132c9c7e26c,11.37499964608287,,0.0,,0.0,,0,false,0.06620842668872903,0.5013328594877817,0.00039315321793729775,,0.04,94,0.0,,0.0,0.0,true,true,A,10,10,,3
phase_0,phase0-llama-3.1-8b-2026-08-17,empirical,meta-llama/Llama-3.1-8B-Instruct,0e9e39f249a16976918f6564b8830bc894c89659,DGS-034,discovery,easy,history,easy__malfunctioning_always_fail__neutral,factorial,malfunctioning_always_fail,neutral,measured,b19466063c08ea73401bfd8ff8cbc8938e09be69ad396d42bb87d403f096ea9a,4.124999761581421,,0.0,,0.0,,0,false,0.17974544591514857,1.2542154963670822,0.0016502276760785362,,0.12,223,1.372340425531915,,0.0,0.0,true,true,A,10,10,true,3
phase_0,phase0-llama-3.1-8b-2026-08-17,empirical,meta-llama/Llama-3.1-8B-Instruct,0e9e39f249a16976918f6564b8830bc894c89659,DGS-034,discovery,easy,history,easy__malfunctioning_always_fail__neutral,factorial,malfunctioning_always_fail,neutral,recovery,0ce7f903dd0bf75e9cbbd63fe82ec6e66b7ca672d83940f825892b17547ee635,8.875000133280992,,0.09999999999999998,,0.0,,0,false,0.14566681878022675,1.0264640535771716,0.001274207039620098,,0.12169312169312169,243,1.5851063829787233,,0.0,0.0,true,true,A,10,10,true,3
phase_0,phase0-llama-3.1-8b-2026-08-17,empirical,meta-llama/Llama-3.1-8B-Instruct,0e9e39f249a16976918f6564b8830bc894c89659,DGS-037,discovery,hard,history,hard__accurate__neutral,factorial,accurate,neutral,measured,708d71fed9d215069c2ed7edd5d6458ece0bfcf17dd50ea1baf3211a12a2e92a,13.000000148051186,,0.0,,0.0,,0,false,0.15986654203430792,0.9890078023211528,0.0009142932188982328,,0.06716417910447761,180,0.0,,0.0,0.0,true,true,D,10,10,,3
phase_0,phase0-llama-3.1-8b-2026-08-17,empirical,meta-llama/Llama-3.1-8B-Instruct,0e9e39f249a16976918f6564b8830bc894c89659,DGS-037,discovery,hard,history,hard__accurate__neutral,factorial,accurate,neutral,onset,333e853b74ece302574a3e8b7cf2ee8085887ce63626051fc4d832ad7cb19ba8,8.624999694526196,,0.0,,0.0,,0,false,0.14982312918375104,0.9023962055193411,0.0020441884899789534,,0.06716417910447761,180,0.0,,0.0,0.0,true,true,D,10,10,,3
phase_0,phase0-llama-3.1-8b-2026-08-17,empirical,meta-llama/Llama-3.1-8B-Instruct,0e9e39f249a16976918f6564b8830bc894c89659,DGS-037,discovery,hard,history,hard__accurate__neutral,factorial,accurate,neutral,onset_washout,6ccfe0c321a7a4628fd26a3edb82648a423e20c5a2d2e5e0fa065ce8f73ac372,10.874999908555765,,0.0,,0.0,,0,false,0.033389688914748424,0.218640326213016,0.0002806739784821673,,0.06716417910447761,180,0.0,,0.0,0.0,true,true,D,10,10,,3
phase_0,phase0-llama-3.1-8b-2026-08-17,empirical,meta-llama/Llama-3.1-8B-Instruct,0e9e39f249a16976918f6564b8830bc894c89659,DGS-037,discovery,hard,history,hard__malfunctioning_always_fail__neutral,factorial,malfunctioning_always_fail,neutral,measured,01358c86ad2546d2422a98c4361a97093563ec62960584df252dd2f65a91470b,8.625000091240508,,0.09999999999999998,,0.0,,0,false,0.20935326337255392,1.3785550909257565,0.002959648424432442,,0.23636363636363636,340,0.8888888888888888,,0.7194244604316546,0.0,true,true,D,10,10,true,3
phase_0,phase0-llama-3.1-8b-2026-08-17,empirical,meta-llama/Llama-3.1-8B-Instruct,0e9e39f249a16976918f6564b8830bc894c89659,DGS-037,discovery,hard,history,hard__malfunctioning_always_fail__neutral,factorial,malfunctioning_always_fail,neutral,recovery,376aca4e80c47c7c7fb07cf9f3fee3cc1d708230a6c6146ec600d65069aff9ef,,m1_invalid_final_answer,,m2_invalid_final_answer_all_ten_required,0.0,,0,false,0.318847010130353,1.8300403529227265,0.0060075437251557885,,0.30339805825242716,512,1.8444444444444446,,0.4819277108433735,0.0,false,,,10,9,true,3
phase_0,phase0-qwen2.5-3b-2026-08-17,empirical,Qwen/Qwen2.5-3B-Instruct,aa8e72537993ba99e69dfaafa59ed015b17504d1,DGS-003,discovery,easy,mathematics,easy__accurate__neutral,factorial,accurate,neutral,measured,995801bd731594df87819ee7b5cabbbb8c249d87da513905970c6d80483f1d5d,22.25,,0.0,,,m3_zero_visible_reasoning_tokens,0,false,0.1003136864211766,0.30094104447018816,0.00019193421114338527,,0.0,3,0.0,,0.0,0.0,true,true,D,10,10,,3
phase_0,phase0-qwen2.5-3b-2026-08-17,empirical,Qwen/Qwen2.5-3B-Instruct,aa8e72537993ba99e69dfaafa59ed015b17504d1,DGS-003,discovery,easy,mathematics,easy__accurate__neutral,factorial,accurate,neutral,onset,0d5e99aa1fe46c7b8d64c0c62b31d3c67bc7f9182bdc117b0c20673bfde556c2,24.875,,0.0,,0.0,,0,false,0.011283580409205442,0.10727622747560363,2.455569339528746e-07,,0.0,157,51.333333333333336,,0.0,0.0,true,true,D,10,10,,3
phase_0,phase0-qwen2.5-3b-2026-08-17,empirical,Qwen/Qwen2.5-3B-Instruct,aa8e72537993ba99e69dfaafa59ed015b17504d1,DGS-003,discovery,easy,mathematics,easy__accurate__neutral,factorial,accurate,neutral,onset_washout,d4ab76d9a41884aed8b2818aec7b944b65b72e56f7c4d40e5110e712cd9d5a85,19.25,,0.0,,,m3_zero_visible_reasoning_tokens,0,false,0.5399104249105441,1.6197311598366408,0.00016148037275616942,,0.0,3,0.0,,0.0,0.0,true,true,D,10,10,,3
phase_0,phase0-qwen2.5-3b-2026-08-17,empirical,Qwen/Qwen2.5-3B-Instruct,aa8e72537993ba99e69dfaafa59ed015b17504d1,DGS-003,discovery,easy,mathematics,easy__malfunctioning_always_fail__neutral,factorial,malfunctioning_always_fail,neutral,measured,dc271146d82a41803047062116ff9cc7f1e8b84b438c529a8ba8e16ebbb16a54,20.375,,0.0,,,m3_zero_visible_reasoning_tokens,0,false,0.20455751111189213,0.6136724687774553,0.0016388372193731904,,0.0,3,0.0,,0.0,0.0,true,true,D,10,10,true,3
phase_0,phase0-qwen2.5-3b-2026-08-17,empirical,Qwen/Qwen2.5-3B-Instruct,aa8e72537993ba99e69dfaafa59ed015b17504d1,DGS-003,discovery,easy,mathematics,easy__malfunctioning_always_fail__neutral,factorial,malfunctioning_always_fail,neutral,recovery,12d29a40ac9501321e7077a9036ddb15fbd3047d4dc814dc1ee1adf37bc780df,20.625,,0.0,,0.0,,0,false,0.08707403220271981,0.7880915385310554,0.0002615763993885852,,0.0,165,54.0,,0.0,0.0,true,true,D,10,10,true,3
phase_0,phase0-qwen2.5-3b-2026-08-17,empirical,Qwen/Qwen2.5-3B-Instruct,aa8e72537993ba99e69dfaafa59ed015b17504d1,DGS-005,discovery,hard,mathematics,hard__accurate__neutral,factorial,accurate,neutral,measured,996906c8e66cc579353fc8048da337194f47ccf8e5bfdd02f1054416c6507764,19.625,,0.09999999999999998,,0.0,,0,false,0.005263140020063813,0.0493891980489628,3.835562606576447e-06,,0.04741379310344827,357,0.0,,0.0,0.0,true,true,B,10,10,,3
phase_0,phase0-qwen2.5-3b-2026-08-17,empirical,Qwen/Qwen2.5-3B-Instruct,aa8e72537993ba99e69dfaafa59ed015b17504d1,DGS-005,discovery,hard,mathematics,hard__accurate__neutral,factorial,accurate,neutral,onset,421434faa59915f129d796a7bc578e30493a26711eb7aee37ad7db774d9fa477,21.875,,,m2_invalid_final_answer_all_ten_required,0.0,,0,false,0.0017963003473148137,0.01697232918497553,6.357371572936537e-07,,0.04741379310344827,357,0.0,,0.0,0.0,true,true,B,10,8,,3
phase_0,phase0-qwen2.5-3b-2026-08-17,empirical,Qwen/Qwen2.5-3B-Instruct,aa8e72537993ba99e69dfaafa59ed015b17504d1,DGS-005,discovery,hard,mathematics,hard__accurate__neutral,factorial,accurate,neutral,onset_washout,ccc25dbac7277a8ddab3a49e0af5fc1b2213ce7924f10b8d0efa48d338adea48,21.625,,0.09999999999999998,,0.0,,0,false,0.0008134551105815573,0.008051136453773146,9.239396018666017e-07,,0.04741379310344827,357,0.0,,0.0,0.0,true,true,B,10,10,,3
phase_0,phase0-qwen2.5-3b-2026-08-17,empirical,Qwen/Qwen2.5-3B-Instruct,aa8e72537993ba99e69dfaafa59ed015b17504d1,DGS-005,discovery,hard,mathematics,hard__malfunctioning_always_fail__neutral,factorial,malfunctioning_always_fail,neutral,measured,7a9ddcad763ec0d6e4e6a0bb10ba4c47eaf0674de9032a59684afa1fecada73e,20.0,,0.0,,,m3_zero_visible_reasoning_tokens,0,false,0.36973886954677787,1.1092165302234283,0.0015882887818200464,,0.0,3,-0.9915966386554622,,0.0,0.0,true,true,B,10,10,true,3
phase_0,phase0-qwen2.5-3b-2026-08-17,empirical,Qwen/Qwen2.5-3B-Instruct,aa8e72537993ba99e69dfaafa59ed015b17504d1,DGS-005,discovery,hard,mathematics,hard__malfunctioning_always_fail__neutral,factorial,malfunctioning_always_fail,neutral,recovery,0a818409f5d73fc78cb61565ae6fb57ee4fdd803f89093c03a9c7d6d5890a206,19.125,,0.0,,0.0,,0,false,0.040654714556694165,0.39386701286769954,0.0001287961423375089,,0.06666666666666667,412,0.15406162464985995,,0.0,0.0,true,true,B,10,10,true,3
phase_0,phase0-qwen2.5-3b-2026-08-17,empirical,Qwen/Qwen2.5-3B-Instruct,aa8e72537993ba99e69dfaafa59ed015b17504d1,DGS-010,discovery,easy,logic,easy__accurate__neutral,factorial,accurate,neutral,measured,e97e9bdba0aa0199795672495a5224b015ef3a0cf1d8f7e1a6ed0370b128276f,15.999999880790718,,0.5,,,m3_zero_visible_reasoning_tokens,0,false,0.018213554788920477,0.054638718565232065,5.506193257013662e-05,,0.0,3,0.0,,0.0,0.0,true,true,B,10,10,,3
phase_0,phase0-qwen2.5-3b-2026-08-17,empirical,Qwen/Qwen2.5-3B-Instruct,aa8e72537993ba99e69dfaafa59ed015b17504d1,DGS-010,discovery,easy,logic,easy__accurate__neutral,factorial,accurate,neutral,onset,0666901b3d208e9ba77c29116f21a0b5fdeaac69e9fec8b8504d1c54f9e2391d,10.499999881203621,,,m2_invalid_final_answer_all_ten_required,0.0,,0,false,0.029332063738775224,0.27288824257048566,1.5060584581756867e-05,,0.10909090909090909,407,134.66666666666666,,0.0,0.0,true,true,B,10,9,,3
phase_0,phase0-qwen2.5-3b-2026-08-17,empirical,Qwen/Qwen2.5-3B-Instruct,aa8e72537993ba99e69dfaafa59ed015b17504d1,DGS-010,discovery,easy,logic,easy__accurate__neutral,factorial,accurate,neutral,onset_washout,d98832e1f824587c0b5e8ed7ac0609275f37284501ffb8b6744e92662dff764a,16.499999880790718,,0.6,,,m3_zero_visible_reasoning_tokens,0,false,0.14745878407429241,0.4423748917932438,9.044970997473811e-05,,0.0,3,0.0,,0.0,0.0,true,true,B,10,10,,3
phase_0,phase0-qwen2.5-3b-2026-08-17,empirical,Qwen/Qwen2.5-3B-Instruct,aa8e72537993ba99e69dfaafa59ed015b17504d1,DGS-010,discovery,easy,logic,easy__malfunctioning_always_fail__neutral,factorial,malfunctioning_always_fail,neutral,measured,cfcbef707ea58ad8c8cb0190dd56a6e15f4970aaf612ae251edf18cef1b6eb8f,15.499999642372188,,,m2_invalid_final_answer_all_ten_required,0.0,,0,false,0.2845341119187502,1.4519799043961708,0.001542380158449163,,0.0967741935483871,96,31.0,,0.0,0.0,true,true,B,10,8,true,3
phase_0,phase0-qwen2.5-3b-2026-08-17,empirical,Qwen/Qwen2.5-3B-Instruct,aa8e72537993ba99e69dfaafa59ed015b17504d1,DGS-010,discovery,easy,logic,easy__malfunctioning_always_fail__neutral,factorial,malfunctioning_always_fail,neutral,recovery,49a6def05ade7f538ea214c0c6204dc9a52bf5f6da8764157b1775ead2760802,20.125,,,m2_invalid_final_answer_all_ten_required,0.0,,0,false,0.05338785184211751,0.4831565754365134,0.00030878785888596716,,0.0967741935483871,96,31.0,,0.0,0.0,true,true,B,10,8,true,3
phase_0,phase0-qwen2.5-3b-2026-08-17,empirical,Qwen/Qwen2.5-3B-Instruct,aa8e72537993ba99e69dfaafa59ed015b17504d1,DGS-014,discovery,hard,logic,hard__accurate__neutral,factorial,accurate,neutral,measured,03fd32909eb833abd38aca528ae796b8a3522f9498ce05b5b77b2f17a87aca6f,,m1_invalid_final_answer,,m2_invalid_final_answer_all_ten_required,0.0,,0,false,0.4105103703841285,1.5241294337077302,0.0008498502082364826,,0.25252525252525254,138,0.0,,0.0,0.0,false,,,10,0,,3
phase_0,phase0-qwen2.5-3b-2026-08-17,empirical,Qwen/Qwen2.5-3B-Instruct,aa8e72537993ba99e69dfaafa59ed015b17504d1,DGS-014,discovery,hard,logic,hard__accurate__neutral,factorial,accurate,neutral,onset,deba6d1e06b153d5fffba11611a6d4eae8d9e9d11b4dd1843a114775518d115b,,m1_invalid_final_answer,,m2_invalid_final_answer_all_ten_required,0.0,,0,false,0.04566537871052517,0.4160928594881413,0.00013755685151178604,,0.48044692737430167,512,2.710144927536232,,0.0,0.0,false,,,10,0,,3
phase_0,phase0-qwen2.5-3b-2026-08-17,empirical,Qwen/Qwen2.5-3B-Instruct,aa8e72537993ba99e69dfaafa59ed015b17504d1,DGS-014,discovery,hard,logic,hard__accurate__neutral,factorial,accurate,neutral,onset_washout,323ceb8ef1b8bd575cdfceec2cd8e54944785017ad320078884324073e1b8285,,m1_invalid_final_answer,,m2_invalid_final_answer_all_ten_required,0.0,,0,false,0.03712031873089529,0.36104481219947615,0.0002896796441286334,,0.48044692737430167,512,2.710144927536232,,0.0,0.0,false,,,10,0,,3
phase_0,phase0-qwen2.5-3b-2026-08-17,empirical,Qwen/Qwen2.5-3B-Instruct,aa8e72537993ba99e69dfaafa59ed015b17504d1,DGS-014,discovery,hard,logic,hard__malfunctioning_always_fail__neutral,factorial,malfunctioning_always_fail,neutral,measured,3c0ca7f0700074642f47f31f178ca1fe16ef06c83067af560226dee78f5968a6,,m1_invalid_final_answer,,m2_invalid_final_answer_all_ten_required,0.0,,0,false,0.029160354072665814,0.2747989342139934,9.16605458472994e-05,,0.43103448275862066,496,2.5942028985507246,,0.0,0.0,false,,,10,0,false,3
phase_0,phase0-qwen2.5-3b-2026-08-17,empirical,Qwen/Qwen2.5-3B-Instruct,aa8e72537993ba99e69dfaafa59ed015b17504d1,DGS-014,discovery,hard,logic,hard__malfunctioning_always_fail__neutral,factorial,malfunctioning_always_fail,neutral,recovery,ad4e6b01ce70713ff1aa5e80f0e8b9a9095827f301bdc0bb9d58e2fd58f85e49,,m1_invalid_final_answer,,m2_invalid_final_answer_all_ten_required,0.0,,0,false,0.08254679397097184,0.7894540534123728,0.0007361234213219129,,0.4225352112676056,512,2.710144927536232,,0.0,0.0,false,,,10,0,false,3
phase_0,phase0-qwen2.5-3b-2026-08-17,empirical,Qwen/Qwen2.5-3B-Instruct,aa8e72537993ba99e69dfaafa59ed015b17504d1,DGS-018,discovery,easy,science,easy__accurate__neutral,factorial,accurate,neutral,measured,cb5da6b262cd3d6afc060c60162d4162fd356647d7c577c2b25cea7dc335f8bb,22.375,,,m2_invalid_final_answer_all_ten_required,0.0,,0,false,0.045162437348764906,0.3715118865662897,9.138762186453945e-05,,0.06206896551724138,166,0.0,,0.0,0.0,true,true,B,10,9,,3
phase_0,phase0-qwen2.5-3b-2026-08-17,empirical,Qwen/Qwen2.5-3B-Instruct,aa8e72537993ba99e69dfaafa59ed015b17504d1,DGS-018,discovery,easy,science,easy__accurate__neutral,factorial,accurate,neutral,onset,cd6f8e64c29a509b14fba6f03f84f91852e2b78169cfa8e50746e2763d80452e,24.25,,,m2_invalid_final_answer_all_ten_required,0.0,,0,false,0.00823901006228748,0.07709814057549122,2.8651636684238426e-06,,0.05806451612903226,178,0.07228915662650602,,0.0,0.0,true,true,B,10,9,,3
phase_0,phase0-qwen2.5-3b-2026-08-17,empirical,Qwen/Qwen2.5-3B-Instruct,aa8e72537993ba99e69dfaafa59ed015b17504d1,DGS-018,discovery,easy,science,easy__accurate__neutral,factorial,accurate,neutral,onset_washout,ac9ecdc3d15a851fc16631bc8805708b77350c39dc1dbf668ed2f9c91545d937,23.875,,,m2_invalid_final_answer_all_ten_required,0.0,,0,false,0.01583669446151927,0.15635196936289653,7.78580544893649e-06,,0.05806451612903226,178,0.07228915662650602,,0.0,0.0,true,true,B,10,9,,3
phase_0,phase0-qwen2.5-3b-2026-08-17,empirical,Qwen/Qwen2.5-3B-Instruct,aa8e72537993ba99e69dfaafa59ed015b17504d1,DGS-018,discovery,easy,science,easy__malfunctioning_always_fail__neutral,factorial,malfunctioning_always_fail,neutral,measured,37fb5cef2d4be590469f7bd41c9d02f7c8ccf9e38e906ad6babdb46c5c46fe16,23.0,,0.0,,0.0,,0,false,0.4647822082836443,1.5380635395761022,0.0011606610132644053,,0.05303030303030303,156,-0.060240963855421686,,0.0,0.0,true,true,B,10,10,true,3
phase_0,phase0-qwen2.5-3b-2026-08-17,empirical,Qwen/Qwen2.5-3B-Instruct,aa8e72537993ba99e69dfaafa59ed015b17504d1,DGS-018,discovery,easy,science,easy__malfunctioning_always_fail__neutral,factorial,malfunctioning_always_fail,neutral,recovery,dc0d84922019380dbe3f50331edb7501ca615abe28d4ccd553b1dc0a9d6e70e8,18.87500071525642,,,m2_invalid_final_answer_all_ten_required,0.0,,0,false,0.12961662919817832,1.0368520921161561,0.0008585169174920221,,0.07582938388625593,261,0.572289156626506,,0.0,0.0,true,true,B,10,9,true,3
phase_0,phase0-qwen2.5-3b-2026-08-17,empirical,Qwen/Qwen2.5-3B-Instruct,aa8e72537993ba99e69dfaafa59ed015b17504d1,DGS-022,discovery,hard,science,hard__accurate__neutral,factorial,accurate,neutral,measured,38d085daec87871e9807b95642ae0dc0615a541ae1b3bc8355bb770a0e3c5d91,17.75,,,m2_invalid_final_answer_all_ten_required,,m3_zero_visible_reasoning_tokens,0,false,0.05130066070468633,0.1539016135732501,5.7528533773387736e-06,,0.0,3,0.0,,0.0,0.0,true,true,D,10,8,,3
phase_0,phase0-qwen2.5-3b-2026-08-17,empirical,Qwen/Qwen2.5-3B-Instruct,aa8e72537993ba99e69dfaafa59ed015b17504d1,DGS-022,discovery,hard,science,hard__accurate__neutral,factorial,accurate,neutral,onset,00661927a2e0b602da2d1f650ee788743501da2faa4d277378cdf634f9d09983,14.24999964237304,,,m2_invalid_final_answer_all_ten_required,,m3_zero_visible_reasoning_tokens,0,false,0.01208593577445928,0.036236303637004245,7.136564882751865e-07,,0.0,3,0.0,,0.0,0.0,true,true,D,10,5,,3
phase_0,phase0-qwen2.5-3b-2026-08-17,empirical,Qwen/Qwen2.5-3B-Instruct,aa8e72537993ba99e69dfaafa59ed015b17504d1,DGS-022,discovery,hard,science,hard__accurate__neutral,factorial,accurate,neutral,onset_washout,47200e8f5f6c7e4f69a5787dec5a91a8fcd93ffaad57a3ec68887b1491cd9900,20.375,,,m2_invalid_final_answer_all_ten_required,,m3_zero_visible_reasoning_tokens,0,false,0.0014351668474520587,0.0043054697473836135,4.2093849413523304e-07,,0.0,3,0.0,,0.0,0.0,true,true,D,10,7,,3
phase_0,phase0-qwen2.5-3b-2026-08-17,empirical,Qwen/Qwen2.5-3B-Instruct,aa8e72537993ba99e69dfaafa59ed015b17504d1,DGS-022,discovery,hard,science,hard__malfunctioning_always_fail__neutral,factorial,malfunctioning_always_fail,neutral,measured,d7001fae3c74c5cf42a6a4f6f234a79aa9017a7d600c0ce0db86a909809622a8,16.624999880790718,,,m2_invalid_final_answer_all_ten_required,0.0,,0,false,0.4437691584005953,1.6589127055164705,0.002831746683093788,,0.0,42,13.0,,0.0,0.0,true,true,D,10,9,true,3
phase_0,phase0-qwen2.5-3b-2026-08-17,empirical,Qwen/Qwen2.5-3B-Instruct,aa8e72537993ba99e69dfaafa59ed015b17504d1,DGS-022,discovery,hard,science,hard__malfunctioning_always_fail__neutral,factorial,malfunctioning_always_fail,neutral,recovery,07d871e2fc788e8d99212c675949483b17a45edd12881a000199fb981bf6f8fc,14.999999761594154,,,m2_invalid_final_answer_all_ten_required,0.0,,0,false,0.2402676099340481,1.5476893708524149,0.0025754660152273205,,0.05517241379310345,325,107.33333333333333,,0.0,0.0,true,true,D,10,6,true,3
phase_0,phase0-qwen2.5-3b-2026-08-17,empirical,Qwen/Qwen2.5-3B-Instruct,aa8e72537993ba99e69dfaafa59ed015b17504d1,DGS-026,discovery,easy,language,easy__accurate__neutral,factorial,accurate,neutral,measured,2b2fcf6fb961e236c09800596718654781f6aa9389b9ce1e5f1082022ae3f763,25.75,,0.0,,0.0,,0,false,0.08875489281331152,0.8003738249233865,0.0002928798274490173,,0.03968253968253968,159,0.0,,0.0,0.0,true,true,B,10,10,,3
phase_0,phase0-qwen2.5-3b-2026-08-17,empirical,Qwen/Qwen2.5-3B-Instruct,aa8e72537993ba99e69dfaafa59ed015b17504d1,DGS-026,discovery,easy,language,easy__accurate__neutral,factorial,accurate,neutral,onset,ea36a09e07d3af891a0a542a579a730bfd3afc5bad79b66472f265083b0b08b3,26.25,,0.0,,0.0,,0,false,0.0658537834780032,0.6410577977572145,5.820609880142091e-05,,0.03731343283582089,167,0.050314465408805034,,0.0,0.0,true,true,B,10,10,,3
phase_0,phase0-qwen2.5-3b-2026-08-17,empirical,Qwen/Qwen2.5-3B-Instruct,aa8e72537993ba99e69dfaafa59ed015b17504d1,DGS-026,discovery,easy,language,easy__accurate__neutral,factorial,accurate,neutral,onset_washout,8b3a95e7e35f2219930a4056934d65d80651bf43714a9066e3b33d0a5bd1d1f4,26.125,,0.0,,0.0,,0,false,0.04449512018482962,0.4207289153915891,8.810029686652053e-05,,0.03968253968253968,161,0.012578616352201259,,0.0,0.0,true,true,B,10,10,,3
phase_0,phase0-qwen2.5-3b-2026-08-17,empirical,Qwen/Qwen2.5-3B-Instruct,aa8e72537993ba99e69dfaafa59ed015b17504d1,DGS-026,discovery,easy,language,easy__malfunctioning_always_fail__neutral,factorial,malfunctioning_always_fail,neutral,measured,31fbdf754de8b05a6586133d27c2eafa25a6d7028bbfa3b852f10895b520c796,26.5,,0.0,,0.0,,0,false,0.3120374086781204,1.5264902406161724,0.0008240672193340041,,0.0,105,-0.33962264150943394,,0.0,0.0,true,true,B,10,10,true,3
phase_0,phase0-qwen2.5-3b-2026-08-17,empirical,Qwen/Qwen2.5-3B-Instruct,aa8e72537993ba99e69dfaafa59ed015b17504d1,DGS-026,discovery,easy,language,easy__malfunctioning_always_fail__neutral,factorial,malfunctioning_always_fail,neutral,recovery,f53c8bfa245a1e08a85159ef5646705b39c79d41ae5d95defc378e7d3ad9513d,24.125,,,m2_invalid_final_answer_all_ten_required,0.0,,0,false,0.10300281163410584,0.9219448188617182,0.00041244766001527033,,0.0,110,-0.3081761006289308,,0.0,0.0,true,true,B,10,9,true,3
phase_0,phase0-qwen2.5-3b-2026-08-17,empirical,Qwen/Qwen2.5-3B-Instruct,aa8e72537993ba99e69dfaafa59ed015b17504d1,DGS-030,discovery,hard,language,hard__accurate__neutral,factorial,accurate,neutral,measured,332d899be59e4bbed91306dbc9f789cec143d2871f7f05cd778aee153ab65efb,19.75,,0.0,,,m3_zero_visible_reasoning_tokens,0,false,0.13649733035300923,0.40949192652378935,0.00021909856030544184,,0.0,3,0.0,,0.0,0.0,true,true,C,10,10,,3
phase_0,phase0-qwen2.5-3b-2026-08-17,empirical,Qwen/Qwen2.5-3B-Instruct,aa8e72537993ba99e69dfaafa59ed015b17504d1,DGS-030,discovery,hard,language,hard__accurate__neutral,factorial,accurate,neutral,onset,422cd2c6149dc69f18f695eebd151b16eb18967388829c7c7cae323f9df47620,22.875,,0.0,,0.0,,0,false,0.033618557510859744,0.2637064227800395,8.473944775758768e-06,,0.012658227848101266,101,32.666666666666664,,0.0,0.0,true,true,C,10,10,,3
phase_0,phase0-qwen2.5-3b-2026-08-17,empirical,Qwen/Qwen2.5-3B-Instruct,aa8e72537993ba99e69dfaafa59ed015b17504d1,DGS-030,discovery,hard,language,hard__accurate__neutral,factorial,accurate,neutral,onset_washout,1f18cdfa2c90cf2809f629715af88dfb363ac30cd7a8f5d9ff2415b23ff233b6,23.0,,0.0,,,m3_zero_visible_reasoning_tokens,0,false,0.47405943687650837,1.4221778565856171,0.00014735378175593597,,0.0,3,0.0,,0.0,0.0,true,true,C,10,10,,3
phase_0,phase0-qwen2.5-3b-2026-08-17,empirical,Qwen/Qwen2.5-3B-Instruct,aa8e72537993ba99e69dfaafa59ed015b17504d1,DGS-030,discovery,hard,language,hard__malfunctioning_always_fail__neutral,factorial,malfunctioning_always_fail,neutral,measured,bba782bfbe3a71b288ac5574b244a40956eff04335577fdea37f37dee4000af3,21.0,,0.0,,0.0,,0,false,0.495691115682391,1.5372013994300715,0.0013601329615517807,,0.0,21,6.0,,0.0,0.0,true,true,C,10,10,true,3
phase_0,phase0-qwen2.5-3b-2026-08-17,empirical,Qwen/Qwen2.5-3B-Instruct,aa8e72537993ba99e69dfaafa59ed015b17504d1,DGS-030,discovery,hard,language,hard__malfunctioning_always_fail__neutral,factorial,malfunctioning_always_fail,neutral,recovery,9b115fda53e77f01eca7efec7d2d11c44abbe0dd157094e50377f968f21e0b20,6.7499999343417585,,0.19999999999999996,,0.0,,0,false,0.12716732207238737,1.0139439311450882,0.0008009262871980331,,0.05555555555555555,293,96.66666666666667,,0.0,0.4219409282700422,true,true,C,10,10,true,3
phase_0,phase0-qwen2.5-3b-2026-08-17,empirical,Qwen/Qwen2.5-3B-Instruct,aa8e72537993ba99e69dfaafa59ed015b17504d1,DGS-034,discovery,easy,history,easy__accurate__neutral,factorial,accurate,neutral,measured,84f626ee72c4fd04037746674d76da755778cf4c91fee8529001c641878e5629,25.625,,0.0,,,m3_zero_visible_reasoning_tokens,0,false,0.044917151072828766,0.13475144498142014,0.0001368561435957094,,0.0,3,0.0,,0.0,0.0,true,true,A,10,10,,3
phase_0,phase0-qwen2.5-3b-2026-08-17,empirical,Qwen/Qwen2.5-3B-Instruct,aa8e72537993ba99e69dfaafa59ed015b17504d1,DGS-034,discovery,easy,history,easy__accurate__neutral,factorial,accurate,neutral,onset,7d8c27cbfb65ac795c1757be9a99a462dd6f7e9ec320ad9d5e06494515fddf01,29.5,,0.0,,,m3_zero_visible_reasoning_tokens,0,false,0.0012385380189884364,0.0037155987912878153,3.135477998720641e-07,,0.0,3,0.0,,0.0,0.0,true,true,A,10,10,,3
phase_0,phase0-qwen2.5-3b-2026-08-17,empirical,Qwen/Qwen2.5-3B-Instruct,aa8e72537993ba99e69dfaafa59ed015b17504d1,DGS-034,discovery,easy,history,easy__accurate__neutral,factorial,accurate,neutral,onset_washout,33f2d53adc9e62641a05f6e24185d1bb68ca7bf72bc0e0c4d56d5dbfce6468a6,29.625,,0.0,,,m3_zero_visible_reasoning_tokens,0,false,0.0006405790221228746,0.0019217364998880685,1.2966082740817342e-07,,0.0,3,0.0,,0.0,0.0,true,true,A,10,10,,3
phase_0,phase0-qwen2.5-3b-2026-08-17,empirical,Qwen/Qwen2.5-3B-Instruct,aa8e72537993ba99e69dfaafa59ed015b17504d1,DGS-034,discovery,easy,history,easy__malfunctioning_always_fail__neutral,factorial,malfunctioning_always_fail,neutral,measured,3749de792a02c29eca9d912135b351c04b0c07de0893e1f9ae2bc4316a00ff34,26.0,,0.0,,0.0,,0,false,0.33466493433107636,1.618228344948397,0.0027705846089828364,,0.0,104,33.666666666666664,,0.0,0.0,true,true,A,10,10,true,3
phase_0,phase0-qwen2.5-3b-2026-08-17,empirical,Qwen/Qwen2.5-3B-Instruct,aa8e72537993ba99e69dfaafa59ed015b17504d1,DGS-034,discovery,easy,history,easy__malfunctioning_always_fail__neutral,factorial,malfunctioning_always_fail,neutral,recovery,42fbaff27fa24a1bc4ea86c69a90078d617ddcaa21417d9374069158e7fd08c5,25.375,,0.0,,0.0,,0,false,0.2239584576509117,1.2795628440289841,0.0007952835297923253,,0.0,101,32.666666666666664,,0.0,0.0,true,true,A,10,10,true,3
phase_0,phase0-qwen2.5-3b-2026-08-17,empirical,Qwen/Qwen2.5-3B-Instruct,aa8e72537993ba99e69dfaafa59ed015b17504d1,DGS-037,discovery,hard,history,hard__accurate__neutral,factorial,accurate,neutral,measured,8d798775bd359f3d222c582aca90ac5601f8e3f69a54908185adb0060998c81c,-26.375,,0.5,,0.0,,0,false,0.30202646369012737,1.6185758802946106,0.0020536962347547493,,0.0,142,0.0,,0.0,0.0,true,false,B,10,10,,3
phase_0,phase0-qwen2.5-3b-2026-08-17,empirical,Qwen/Qwen2.5-3B-Instruct,aa8e72537993ba99e69dfaafa59ed015b17504d1,DGS-037,discovery,hard,history,hard__accurate__neutral,factorial,accurate,neutral,onset,fa25c1f7de2ce73a6b710bf8afc57d1a95a199d66e6410a07473dd0ec797d9c4,-16.874999165535314,,0.5,,0.0,,0,false,0.11684907306933703,0.954848976059938,0.0003498826601271145,,0.164021164021164,298,1.0985915492957747,,0.0,0.0,true,false,B,10,10,,3
phase_0,phase0-qwen2.5-3b-2026-08-17,empirical,Qwen/Qwen2.5-3B-Instruct,aa8e72537993ba99e69dfaafa59ed015b17504d1,DGS-037,discovery,hard,history,hard__accurate__neutral,factorial,accurate,neutral,onset_washout,a5bf43ea70b88cbd903fa55b317d972308e99338313af4585815daf50b691bf8,-15.249999523162955,,0.4,,0.0,,0,false,0.032148268446787635,0.31597484140630566,4.506456540402209e-05,,0.164021164021164,299,1.1056338028169015,,0.0,0.0,true,false,B,10,10,,3
phase_0,phase0-qwen2.5-3b-2026-08-17,empirical,Qwen/Qwen2.5-3B-Instruct,aa8e72537993ba99e69dfaafa59ed015b17504d1,DGS-037,discovery,hard,history,hard__malfunctioning_always_fail__neutral,factorial,malfunctioning_always_fail,neutral,measured,39ca4902420583fe0333d04f2ed271da6dce62a8931315d6838971dbaa0b4787,24.25,,,m2_invalid_final_answer_all_ten_required,0.0,,0,false,0.07691533131734335,0.7127796478074571,0.0002762957479197074,,0.1941747572815534,316,1.2253521126760563,,0.0,0.0,true,true,D,10,9,true,3
phase_0,phase0-qwen2.5-3b-2026-08-17,empirical,Qwen/Qwen2.5-3B-Instruct,aa8e72537993ba99e69dfaafa59ed015b17504d1,DGS-037,discovery,hard,history,hard__malfunctioning_always_fail__neutral,factorial,malfunctioning_always_fail,neutral,recovery,e7817617a86161b85e98f994df2185bef92ceb4a42f1214299d82fd2349077c3,-20.625,,,m2_invalid_final_answer_all_ten_required,0.0,,0,false,0.023428943611909555,0.2222744147488477,5.606190495277201e-05,,0.1941747572815534,316,1.2253521126760563,,0.0,0.0,true,false,B,10,8,true,3
phase_0,phase0-qwen2.5-7b-2026-08-17,empirical,Qwen/Qwen2.5-7B-Instruct,a09a35458c702b33eeacc393d103063234e8bc28,DGS-003,discovery,easy,mathematics,easy__accurate__neutral,factorial,accurate,neutral,measured,8f4df746cc52a607a04b3ac4e59a5d901c11c2675f6c67aa40b57a33fc34d252,,m1_candidate_absent_A,0.0,,0.0,,0,false,0.027020590251585482,0.25475511827676806,4.0694818903563856e-08,,0.0,88,0.0,,0.0,0.0,true,true,D,10,10,,3
phase_0,phase0-qwen2.5-7b-2026-08-17,empirical,Qwen/Qwen2.5-7B-Instruct,a09a35458c702b33eeacc393d103063234e8bc28,DGS-003,discovery,easy,mathematics,easy__accurate__neutral,factorial,accurate,neutral,onset,6dba576fe55caada3bcdc8e845e870411e23186a004ce7f0957972093dd1d809,23.0,,0.0,,0.0,,0,false,0.005978301943113123,0.05580908139902392,9.944018685894708e-09,,0.0,122,0.38636363636363635,,0.0,0.0,true,true,D,10,10,,3
phase_0,phase0-qwen2.5-7b-2026-08-17,empirical,Qwen/Qwen2.5-7B-Instruct,a09a35458c702b33eeacc393d103063234e8bc28,DGS-003,discovery,easy,mathematics,easy__accurate__neutral,factorial,accurate,neutral,onset_washout,8e13af040994c576e9ba788f8570dadab7d36b2b30b59d510262867647687f1c,24.875,,0.0,,0.0,,0,false,4.7232216438764986e-05,0.0004416684414078563,3.2618582161350744e-09,,0.0,122,0.38636363636363635,,0.0,0.0,true,true,D,10,10,,3
phase_0,phase0-qwen2.5-7b-2026-08-17,empirical,Qwen/Qwen2.5-7B-Instruct,a09a35458c702b33eeacc393d103063234e8bc28,DGS-003,discovery,easy,mathematics,easy__malfunctioning_always_fail__neutral,factorial,malfunctioning_always_fail,neutral,measured,18ce6154a1bc74b9d41f2426d0f8424e8de4b2b6fa99cb46ef31ff598bd346a5,,m1_candidate_absent_A,0.0,,0.0,,0,false,0.019206246138314467,0.18676973987474377,2.2294985172426947e-08,,0.0,88,0.0,,0.0,0.0,true,true,D,10,10,true,3
phase_0,phase0-qwen2.5-7b-2026-08-17,empirical,Qwen/Qwen2.5-7B-Instruct,a09a35458c702b33eeacc393d103063234e8bc28,DGS-003,discovery,easy,mathematics,easy__malfunctioning_always_fail__neutral,factorial,malfunctioning_always_fail,neutral,recovery,7974ddfb6f04981b4697b5d3406c055bebbf7428b3f840e8d8f0315d14bc1656,21.375,,0.0,,0.0,,0,false,0.001989499269461686,0.019382863369198748,1.6204448948080194e-08,,0.0,88,0.0,,0.0,0.0,true,true,D,10,10,true,3
phase_0,phase0-qwen2.5-7b-2026-08-17,empirical,Qwen/Qwen2.5-7B-Instruct,a09a35458c702b33eeacc393d103063234e8bc28,DGS-005,discovery,hard,mathematics,hard__accurate__neutral,factorial,accurate,neutral,measured,be0039ecadf516b6b2700879ed6857210774f10a2a80e6ec22bd72c784b228f8,20.625,,0.0,,0.0,,0,false,0.0005276319051243463,0.005175495283031677,1.1914071561914118e-08,,0.014492753623188406,379,0.0,,0.0,0.0,true,true,B,10,10,,3
phase_0,phase0-qwen2.5-7b-2026-08-17,empirical,Qwen/Qwen2.5-7B-Instruct,a09a35458c702b33eeacc393d103063234e8bc28,DGS-005,discovery,hard,mathematics,hard__accurate__neutral,factorial,accurate,neutral,onset,1a1929311962c0c622e2faeced8ae488e5060ed55656651aabe11f8c944fb134,14.37500035762804,,0.0,,0.0,,0,false,0.010032102966419106,0.0993786487148468,5.491848780410479e-08,,0.014492753623188406,378,-0.002638522427440633,,0.0,0.0,true,true,B,10,10,,3
phase_0,phase0-qwen2.5-7b-2026-08-17,empirical,Qwen/Qwen2.5-7B-Instruct,a09a35458c702b33eeacc393d103063234e8bc28,DGS-005,discovery,hard,mathematics,hard__accurate__neutral,factorial,accurate,neutral,onset_washout,5265279a4fe5e99a64e18a48e056acc0460daa825c761fc2a84c1a7deb677fa2,13.749999880791279,,0.0,,0.0,,0,false,0.0022203670556468474,0.022078425540531212,9.86510111871613e-09,,0.014492753623188406,378,-0.002638522427440633,,0.0,0.0,true,true,B,10,10,,3
phase_0,phase0-qwen2.5-7b-2026-08-17,empirical,Qwen/Qwen2.5-7B-Instruct,a09a35458c702b33eeacc393d103063234e8bc28,DGS-005,discovery,hard,mathematics,hard__malfunctioning_always_fail__neutral,factorial,malfunctioning_always_fail,neutral,measured,dcc3edab4e671f97a456e626f9eb6b54c2ab315716360e8f1a207d0606ed2f14,22.75,,0.0,,0.0,,0,false,0.0004892487170949252,0.00471931761366559,4.274517784786896e-08,,0.015,363,-0.04221635883905013,,0.0,0.0,true,true,B,10,10,true,3
phase_0,phase0-qwen2.5-7b-2026-08-17,empirical,Qwen/Qwen2.5-7B-Instruct,a09a35458c702b33eeacc393d103063234e8bc28,DGS-005,discovery,hard,mathematics,hard__malfunctioning_always_fail__neutral,factorial,malfunctioning_always_fail,neutral,recovery,6cf7f2dabeb6e9734a0430ddfc89dc89719d8d59e4fea8d2ad9a1c17e30a18be,12.624999523168299,,0.0,,0.0,,0,false,0.0002452867648791792,0.002399406308441625,7.85125013557902e-08,,0.015,363,-0.04221635883905013,,0.0,0.0,true,true,B,10,10,true,3
phase_0,phase0-qwen2.5-7b-2026-08-17,empirical,Qwen/Qwen2.5-7B-Instruct,a09a35458c702b33eeacc393d103063234e8bc28,DGS-010,discovery,easy,logic,easy__accurate__neutral,factorial,accurate,neutral,measured,9c125b7ec4e8047a7ffd7d761a0a5d6075c229364d3ea8f7b3774228ec7a5850,,m1_candidate_absent_A,0.19999999999999996,,0.0,,0,false,0.005180199204154382,0.050450549389280556,2.1565945692190218e-08,,0.03076923076923077,179,0.0,,0.0,0.0,true,true,B,10,10,,3
phase_0,phase0-qwen2.5-7b-2026-08-17,empirical,Qwen/Qwen2.5-7B-Instruct,a09a35458c702b33eeacc393d103063234e8bc28,DGS-010,discovery,easy,logic,easy__accurate__neutral,factorial,accurate,neutral,onset,d4bf4844cce7ed3a509b86a6bbdedfb399f52de41ae03202ca11dc19c4bfbf03,21.0,,0.19999999999999996,,0.0,,0,false,0.005738591648255621,0.051323228958532065,3.7717631002326236e-08,,0.03076923076923077,179,0.0,,0.0,0.0,true,true,B,10,10,,3
phase_0,phase0-qwen2.5-7b-2026-08-17,empirical,Qwen/Qwen2.5-7B-Instruct,a09a35458c702b33eeacc393d103063234e8bc28,DGS-010,discovery,easy,logic,easy__accurate__neutral,factorial,accurate,neutral,onset_washout,dfbbfa9b8fa787b4e4ba285a318901ea9d675ad7845c612affabbb74bdb26df2,23.25,,0.09999999999999998,,,m3_zero_visible_reasoning_tokens,0,false,0.09159900804833153,0.2747969905270092,8.409661057899124e-07,,0.0,3,-0.9832402234636871,,0.0,0.0,true,true,B,10,10,,3
phase_0,phase0-qwen2.5-7b-2026-08-17,empirical,Qwen/Qwen2.5-7B-Instruct,a09a35458c702b33eeacc393d103063234e8bc28,DGS-010,discovery,easy,logic,easy__malfunctioning_always_fail__neutral,factorial,malfunctioning_always_fail,neutral,measured,3406a02cff866fb873310280937d421d98c36d5e0382eacb0bc33dd841afe838,22.1875,,0.09999999999999998,,0.0,,0,false,0.006242821604000796,0.05953342801183302,1.1803484703051302e-07,,0.03076923076923077,179,0.0,,0.0,0.0,true,true,B,10,10,true,3
phase_0,phase0-qwen2.5-7b-2026-08-17,empirical,Qwen/Qwen2.5-7B-Instruct,a09a35458c702b33eeacc393d103063234e8bc28,DGS-010,discovery,easy,logic,easy__malfunctioning_always_fail__neutral,factorial,malfunctioning_always_fail,neutral,recovery,91c5afa83f992c3e7d872728fb86bae08c74d041bb50a0bb17898115d4f52008,19.75,,0.09999999999999998,,0.0,,0,false,0.012343171131157925,0.11232994032515849,3.4782234563448706e-07,,0.03076923076923077,181,0.0111731843575419,,0.0,0.0,true,true,B,10,10,true,3
phase_0,phase0-qwen2.5-7b-2026-08-17,empirical,Qwen/Qwen2.5-7B-Instruct,a09a35458c702b33eeacc393d103063234e8bc28,DGS-014,discovery,hard,logic,hard__accurate__neutral,factorial,accurate,neutral,measured,41f449b55b5afd874d5acfa1b2e5c5e28a0939d1db7bfc82565840813e0f9f10,-21.437499165535314,,,m2_invalid_final_answer_all_ten_required,0.0,,0,false,0.004292393427545156,0.042168818401145995,1.1628817427740534e-07,,0.5733333333333334,434,0.0,,0.0,0.0,true,false,D,10,5,,3
phase_0,phase0-qwen2.5-7b-2026-08-17,empirical,Qwen/Qwen2.5-7B-Instruct,a09a35458c702b33eeacc393d103063234e8bc28,DGS-014,discovery,hard,logic,hard__accurate__neutral,factorial,accurate,neutral,onset,b017d7d3b3a8604cba48911c4f5e9c347b69510b802e3ceda12e9e4242d44bed,-20.062499403953723,,,m2_invalid_final_answer_all_ten_required,0.0,,0,false,0.003469385257492297,0.033883679143221,2.1462780602185117e-07,,0.5602605863192183,441,0.016129032258064516,,0.0,0.0,true,false,D,10,5,,3
phase_0,phase0-qwen2.5-7b-2026-08-17,empirical,Qwen/Qwen2.5-7B-Instruct,a09a35458c702b33eeacc393d103063234e8bc28,DGS-014,discovery,hard,logic,hard__accurate__neutral,factorial,accurate,neutral,onset_washout,25f5e9332bc51ab83397dc5267db7ad7bc55cb47f6760fba436922038d91842f,-17.56249918176036,,,m2_invalid_final_answer_all_ten_required,0.0,,0,false,0.0013478134439174462,0.013173789035915593,1.813076811310945e-08,,0.5602605863192183,441,0.016129032258064516,,0.0,0.0,true,false,D,10,6,,3
phase_0,phase0-qwen2.5-7b-2026-08-17,empirical,Qwen/Qwen2.5-7B-Instruct,a09a35458c702b33eeacc393d103063234e8bc28,DGS-014,discovery,hard,logic,hard__malfunctioning_always_fail__neutral,factorial,malfunctioning_always_fail,neutral,measured,f891f52da5ba482ea629cf57fab8851941a235f6ba808e5d6da9101c56a0e849,-21.37499928474449,,,m2_invalid_final_answer_all_ten_required,0.0,,0,false,0.004266799759088807,0.04191751597566045,1.130009671984136e-07,,0.5733333333333334,434,0.0,,0.0,0.0,true,false,D,10,8,false,3
phase_0,phase0-qwen2.5-7b-2026-08-17,empirical,Qwen/Qwen2.5-7B-Instruct,a09a35458c702b33eeacc393d103063234e8bc28,DGS-014,discovery,hard,logic,hard__malfunctioning_always_fail__neutral,factorial,malfunctioning_always_fail,neutral,recovery,fc0e1860fbf7dc4ab5d9ac4cb776fa66ce95001a56109ed8b1b1d4828ca769aa,-19.062499643718184,,,m2_invalid_final_answer_all_ten_required,0.0,,0,false,0.003280478729431749,0.03230339885566661,1.298800476732581e-07,,0.5733333333333334,434,0.0,,0.0,0.0,true,false,D,10,6,false,3
phase_0,phase0-qwen2.5-7b-2026-08-17,empirical,Qwen/Qwen2.5-7B-Instruct,a09a35458c702b33eeacc393d103063234e8bc28,DGS-018,discovery,easy,science,easy__accurate__neutral,factorial,accurate,neutral,measured,32e4e94f51fc359777b9023032146c282761c998bd28f056eea90463e774682d,,m1_candidate_absent_A,0.0,,0.0,,0,false,0.00149417464255142,0.014239346966041814,1.591924984827943e-08,,0.048484848484848485,203,0.0,,0.0,0.0,true,true,B,10,10,,3
phase_0,phase0-qwen2.5-7b-2026-08-17,empirical,Qwen/Qwen2.5-7B-Instruct,a09a35458c702b33eeacc393d103063234e8bc28,DGS-018,discovery,easy,science,easy__accurate__neutral,factorial,accurate,neutral,onset,fb7ba799c7d0ac9b874d627e225d0e67ec541454eae2f11e95def4fccb783f8b,25.3125,,0.0,,,m3_zero_visible_reasoning_tokens,0,false,0.020111770202237998,0.06033527157125821,2.546888068962379e-07,,0.0,3,-0.9852216748768473,,0.0,0.0,true,true,B,10,10,,3
phase_0,phase0-qwen2.5-7b-2026-08-17,empirical,Qwen/Qwen2.5-7B-Instruct,a09a35458c702b33eeacc393d103063234e8bc28,DGS-018,discovery,easy,science,easy__accurate__neutral,factorial,accurate,neutral,onset_washout,eaa26f765f3e62267f231217300d50985d5c4daf79f69bbb21e2e54c0f20d874,26.375,,0.0,,,m3_zero_visible_reasoning_tokens,0,false,0.0001853855613090378,0.0005561517340556866,0.0,,0.0,3,-0.9852216748768473,,0.0,0.0,true,true,B,10,10,,3
phase_0,phase0-qwen2.5-7b-2026-08-17,empirical,Qwen/Qwen2.5-7B-Instruct,a09a35458c702b33eeacc393d103063234e8bc28,DGS-018,discovery,easy,science,easy__malfunctioning_always_fail__neutral,factorial,malfunctioning_always_fail,neutral,measured,8d2bbc4633cf3a9389888ae8e2fc4ef66e6d5c29d422b83a7591c16895c84784,26.25,,0.0,,0.0,,0,false,0.006921013238076406,0.06612106273659901,6.071900263263222e-08,,0.11518324607329843,222,0.09359605911330049,,0.0,0.0,true,true,B,10,10,true,3
phase_0,phase0-qwen2.5-7b-2026-08-17,empirical,Qwen/Qwen2.5-7B-Instruct,a09a35458c702b33eeacc393d103063234e8bc28,DGS-018,discovery,easy,science,easy__malfunctioning_always_fail__neutral,factorial,malfunctioning_always_fail,neutral,recovery,a456f0cc0531e12f5d08bdf47cc3549879e49762636d65219437fb0abc9d0c81,19.75,,0.0,,0.0,,0,false,0.07462013661901717,0.7081190342107763,8.292377071185452e-05,,0.04736842105263158,225,0.10837438423645321,,0.0,0.0,true,true,B,10,10,true,3
phase_0,phase0-qwen2.5-7b-2026-08-17,empirical,Qwen/Qwen2.5-7B-Instruct,a09a35458c702b33eeacc393d103063234e8bc28,DGS-022,discovery,hard,science,hard__accurate__neutral,factorial,accurate,neutral,measured,592b5a6b3effd8b65b27710514da6a34566792e7051ba8d0bbb6a41601a74b2c,,m1_invalid_final_answer,,m2_invalid_final_answer_all_ten_required,0.0,,0,false,0.001026381153006498,0.010072051283388922,1.3460669428047578e-08,,0.11594202898550725,512,0.0,,0.0,0.0,false,,,10,6,,3
phase_0,phase0-qwen2.5-7b-2026-08-17,empirical,Qwen/Qwen2.5-7B-Instruct,a09a35458c702b33eeacc393d103063234e8bc28,DGS-022,discovery,hard,science,hard__accurate__neutral,factorial,accurate,neutral,onset,738c0b570b8f327b14742a5e9857b0f53064ac3fd8e160d81f96e082b5e313d3,,m1_invalid_final_answer,,m2_invalid_final_answer_all_ten_required,0.0,,0,false,0.0016932400800306491,0.016561921424363944,1.4723961025897223e-08,,0.11594202898550725,512,0.0,,0.0,0.0,false,,,10,6,,3
phase_0,phase0-qwen2.5-7b-2026-08-17,empirical,Qwen/Qwen2.5-7B-Instruct,a09a35458c702b33eeacc393d103063234e8bc28,DGS-022,discovery,hard,science,hard__accurate__neutral,factorial,accurate,neutral,onset_washout,37e1c8bf0559b0f27f3d345e2a62bb9adce8ad963c822edbbd2c9bfddcf64782,,m1_invalid_final_answer,,m2_invalid_final_answer_all_ten_required,0.0,,0,false,0.0030324525175973705,0.02982815737115117,2.5447221407804907e-07,,0.11594202898550725,512,0.0,,0.0,0.0,false,,,10,6,,3
phase_0,phase0-qwen2.5-7b-2026-08-17,empirical,Qwen/Qwen2.5-7B-Instruct,a09a35458c702b33eeacc393d103063234e8bc28,DGS-022,discovery,hard,science,hard__malfunctioning_always_fail__neutral,factorial,malfunctioning_always_fail,neutral,measured,dc4e5659ce8f3997c29fc3c55c10b4f6cf68a14ee2858025a6e7648d6cb77611,,m1_invalid_final_answer,,m2_invalid_final_answer_all_ten_required,0.0,,0,false,0.0010589407339457698,0.010390749122677677,1.5366911548363865e-08,,0.11594202898550725,512,0.0,,0.0,0.0,false,,,10,7,false,3
phase_0,phase0-qwen2.5-7b-2026-08-17,empirical,Qwen/Qwen2.5-7B-Instruct,a09a35458c702b33eeacc393d103063234e8bc28,DGS-022,discovery,hard,science,hard__malfunctioning_always_fail__neutral,factorial,malfunctioning_always_fail,neutral,recovery,0210763dfdea84b721cc16fdfcd61b3bd159e402ac472d21972f24e7cbe3813b,,m1_invalid_final_answer,,m2_invalid_final_answer_all_ten_required,0.0,,0,false,0.0026324405872256143,0.025893087754025393,8.097767608132751e-08,,0.11594202898550725,512,0.0,,0.0,0.0,false,,,10,6,false,3
phase_0,phase0-qwen2.5-7b-2026-08-17,empirical,Qwen/Qwen2.5-7B-Instruct,a09a35458c702b33eeacc393d103063234e8bc28,DGS-026,discovery,easy,language,easy__accurate__neutral,factorial,accurate,neutral,measured,67da42a4ccaf24775f9b5b893d68e5f02727e45c8510c7281229a355eb20930d,,m1_candidate_absent_C,0.0,,0.0,,0,false,0.0013377364718601989,0.012797000185221844,3.428256107954053e-08,,0.025,160,0.0,,0.0,0.0,true,true,B,10,10,,3
phase_0,phase0-qwen2.5-7b-2026-08-17,empirical,Qwen/Qwen2.5-7B-Instruct,a09a35458c702b33eeacc393d103063234e8bc28,DGS-026,discovery,easy,language,easy__accurate__neutral,factorial,accurate,neutral,onset,78c6af478f79dfa3ec6a31db0a778919ef1f9b13c89431185370a748d8969267,20.0,,0.0,,0.0,,0,false,0.0016055757830862921,0.01443492736856919,5.588358036670571e-08,,0.025,160,0.0,,0.0,0.0,true,true,B,10,10,,3
phase_0,phase0-qwen2.5-7b-2026-08-17,empirical,Qwen/Qwen2.5-7B-Instruct,a09a35458c702b33eeacc393d103063234e8bc28,DGS-026,discovery,easy,language,easy__accurate__neutral,factorial,accurate,neutral,onset_washout,5ec013b526232c55a969f88f6be6f8f05f7fb9d0b54eada72fe6307f2d06997e,23.75,,0.0,,0.0,,0,false,0.000612058236450997,0.006034799049546679,7.832164974214128e-09,,0.025,160,0.0,,0.0,0.0,true,true,B,10,10,,3
phase_0,phase0-qwen2.5-7b-2026-08-17,empirical,Qwen/Qwen2.5-7B-Instruct,a09a35458c702b33eeacc393d103063234e8bc28,DGS-026,discovery,easy,language,easy__malfunctioning_always_fail__neutral,factorial,malfunctioning_always_fail,neutral,measured,7320aad13630ba8549acd8ec4095473f7e65eba033d176639226fd00dbb77f99,,m1_candidate_absent_C,0.0,,0.0,,0,false,0.001361785734230864,0.013141218475795791,4.298261963436856e-08,,0.025,160,0.0,,0.0,0.0,true,true,B,10,10,true,3
phase_0,phase0-qwen2.5-7b-2026-08-17,empirical,Qwen/Qwen2.5-7B-Instruct,a09a35458c702b33eeacc393d103063234e8bc28,DGS-026,discovery,easy,language,easy__malfunctioning_always_fail__neutral,factorial,malfunctioning_always_fail,neutral,recovery,cf3653926b878eb8c56d2d8feafb7af6bc87691a78d16cbb48bda00d577acdde,15.62499976158145,,0.0,,0.0,,0,false,0.005176750852114433,0.05105998648381956,1.3800057729128346e-06,,0.025,160,0.0,,0.0,0.0,true,true,B,10,10,true,3
phase_0,phase0-qwen2.5-7b-2026-08-17,empirical,Qwen/Qwen2.5-7B-Instruct,a09a35458c702b33eeacc393d103063234e8bc28,DGS-030,discovery,hard,language,hard__accurate__neutral,factorial,accurate,neutral,measured,8482e278b07a8ebf66a03ccf5144c50dd5e9f27f8f61d9a59599fa8ee8ab62d3,24.8125,,0.0,,0.0,,0,false,0.00523891106711678,0.05020007815944294,3.236014810986627e-07,,0.046875,226,0.0,,0.0,0.0,true,true,C,10,10,,3
phase_0,phase0-qwen2.5-7b-2026-08-17,empirical,Qwen/Qwen2.5-7B-Instruct,a09a35458c702b33eeacc393d103063234e8bc28,DGS-030,discovery,hard,language,hard__accurate__neutral,factorial,accurate,neutral,onset,7416a00eb235df08397c3bcd85871a70e8f1f619e7ec2f038feb40e12d8a5331,20.125,,0.0,,0.0,,0,false,0.006008557624189408,0.05736979710558949,3.2422665122180533e-07,,0.046875,226,0.0,,0.0,0.0,true,true,C,10,10,,3
phase_0,phase0-qwen2.5-7b-2026-08-17,empirical,Qwen/Qwen2.5-7B-Instruct,a09a35458c702b33eeacc393d103063234e8bc28,DGS-030,discovery,hard,language,hard__accurate__neutral,factorial,accurate,neutral,onset_washout,29f3e64f96433861a4e840848c4fdfb0915b5e95aa3760f27d3f1ab6c8985979,22.8125,,0.0,,0.0,,0,false,0.00045617781479295245,0.004121157722431237,1.7161052100507832e-08,,0.046875,226,0.0,,0.0,0.0,true,true,C,10,10,,3
phase_0,phase0-qwen2.5-7b-2026-08-17,empirical,Qwen/Qwen2.5-7B-Instruct,a09a35458c702b33eeacc393d103063234e8bc28,DGS-030,discovery,hard,language,hard__malfunctioning_always_fail__neutral,factorial,malfunctioning_always_fail,neutral,measured,b405d09fedbd9d7e24b29ffe428188cd25eab1bd9a16e586380e94372dbdd04b,24.4375,,0.0,,0.0,,0,false,0.005030761615934424,0.04776488677469839,1.6816851956259675e-07,,0.04419889502762431,213,-0.05752212389380531,,0.0,0.0,true,true,C,10,10,true,3
phase_0,phase0-qwen2.5-7b-2026-08-17,empirical,Qwen/Qwen2.5-7B-Instruct,a09a35458c702b33eeacc393d103063234e8bc28,DGS-030,discovery,hard,language,hard__malfunctioning_always_fail__neutral,factorial,malfunctioning_always_fail,neutral,recovery,025f9e31dddd02c626bf881145daa9420139ad733420ef18d765014920955d4c,15.749999880790718,,0.09999999999999998,,0.0,,0,false,0.05206100022198691,0.5027509318652402,1.1419086160040213e-05,,0.0223463687150838,214,-0.05309734513274336,,0.0,0.0,true,true,C,10,10,true,3
phase_0,phase0-qwen2.5-7b-2026-08-17,empirical,Qwen/Qwen2.5-7B-Instruct,a09a35458c702b33eeacc393d103063234e8bc28,DGS-034,discovery,easy,history,easy__accurate__neutral,factorial,accurate,neutral,measured,f8b7379b327fe1411b87bb9e642a75d70558dc8b21258db9037f1bb8c72ef2e5,,m1_candidate_absent_D,0.0,,0.0,,0,false,0.007854336959603012,0.076093338983926,1.2960185521523252e-06,,0.09523809523809523,156,0.0,,0.0,0.0,true,true,A,10,10,,3
phase_0,phase0-qwen2.5-7b-2026-08-17,empirical,Qwen/Qwen2.5-7B-Instruct,a09a35458c702b33eeacc393d103063234e8bc28,DGS-034,discovery,easy,history,easy__accurate__neutral,factorial,accurate,neutral,onset,930d30cfdaeac3eb14cbea0c8291a34e3fd52edb661db8cd7cdbc2e1ca3cc05e,19.0,,0.0,,0.0,,0,false,0.0074767207303607554,0.06994360266579432,2.576084880156183e-07,,0.09523809523809523,156,0.0,,0.0,0.0,true,true,A,10,10,,3
phase_0,phase0-qwen2.5-7b-2026-08-17,empirical,Qwen/Qwen2.5-7B-Instruct,a09a35458c702b33eeacc393d103063234e8bc28,DGS-034,discovery,easy,history,easy__accurate__neutral,factorial,accurate,neutral,onset_washout,7c2353028a372040ff9309d7af1e0e3771d6e3c8fccf8c8547acb4df15ee1971,23.25,,0.0,,0.0,,0,false,0.0072228322390131905,0.07033428376759042,6.874606650324011e-09,,0.09523809523809523,156,0.0,,0.0,0.0,true,true,A,10,10,,3
phase_0,phase0-qwen2.5-7b-2026-08-17,empirical,Qwen/Qwen2.5-7B-Instruct,a09a35458c702b33eeacc393d103063234e8bc28,DGS-034,discovery,easy,history,easy__malfunctioning_always_fail__neutral,factorial,malfunctioning_always_fail,neutral,measured,fa2e96aa45f8c6c5f39dce279b4877603b2b4e68539b399ea0da3ed6a19fd05d,,m1_candidate_absent_D,0.0,,0.0,,0,false,0.004641044840195979,0.04485349430933634,3.690048914982389e-07,,0.09523809523809523,156,0.0,,0.0,0.0,true,true,A,10,10,true,3
phase_0,phase0-qwen2.5-7b-2026-08-17,empirical,Qwen/Qwen2.5-7B-Instruct,a09a35458c702b33eeacc393d103063234e8bc28,DGS-034,discovery,easy,history,easy__malfunctioning_always_fail__neutral,factorial,malfunctioning_always_fail,neutral,recovery,bd48d28b9801ce455570f9d5dd49277a1d6313d2cc4662a72658d3d70f8f5a71,16.75,,0.09999999999999998,,0.0,,0,false,0.16335136455706364,1.2316591365870608,0.0003412519631314835,,0.07633587786259542,189,0.21153846153846154,,0.0,0.0,true,true,A,10,10,true,3
phase_0,phase0-qwen2.5-7b-2026-08-17,empirical,Qwen/Qwen2.5-7B-Instruct,a09a35458c702b33eeacc393d103063234e8bc28,DGS-037,discovery,hard,history,hard__accurate__neutral,factorial,accurate,neutral,measured,97cea5a242865189f46ce8f26441689a8b3b187d9238cba42a0589211c27e478,22.375,,0.09999999999999998,,0.0,,0,false,0.004496398135187063,0.04288075615189245,2.557844342054528e-07,,0.0,167,0.0,,0.0,0.0,true,true,D,10,10,,3
phase_0,phase0-qwen2.5-7b-2026-08-17,empirical,Qwen/Qwen2.5-7B-Instruct,a09a35458c702b33eeacc393d103063234e8bc28,DGS-037,discovery,hard,history,hard__accurate__neutral,factorial,accurate,neutral,onset,d6acda670a3754af225e7491c712286d4327edf8a64528282276fba74e1567e1,17.5,,0.09999999999999998,,0.0,,0,false,0.007851793161615649,0.07404858247883628,6.507695940085241e-07,,0.0,167,0.0,,0.0,0.0,true,true,D,10,10,,3
phase_0,phase0-qwen2.5-7b-2026-08-17,empirical,Qwen/Qwen2.5-7B-Instruct,a09a35458c702b33eeacc393d103063234e8bc28,DGS-037,discovery,hard,history,hard__accurate__neutral,factorial,accurate,neutral,onset_washout,72b9014d67e9dc085f9acc50ccf6980a1165141a9ede254310fdc9d29acf3f4f,22.5,,0.09999999999999998,,,m3_zero_visible_reasoning_tokens,0,false,6.982492364289862e-05,0.00020942219214847973,0.0,,0.0,3,-0.9820359281437125,,0.0,0.0,true,true,D,10,10,,3
phase_0,phase0-qwen2.5-7b-2026-08-17,empirical,Qwen/Qwen2.5-7B-Instruct,a09a35458c702b33eeacc393d103063234e8bc28,DGS-037,discovery,hard,history,hard__malfunctioning_always_fail__neutral,factorial,malfunctioning_always_fail,neutral,measured,3f8d3fc8dab7daa610e857a2338553463848ee2f87b712a8fa8f5081ba741f17,22.25,,0.0,,0.0,,0,false,0.0055516878564476945,0.05282244561279739,4.907316992251911e-07,,0.0,167,0.0,,0.0,0.0,true,true,D,10,10,true,3
phase_0,phase0-qwen2.5-7b-2026-08-17,empirical,Qwen/Qwen2.5-7B-Instruct,a09a35458c702b33eeacc393d103063234e8bc28,DGS-037,discovery,hard,history,hard__malfunctioning_always_fail__neutral,factorial,malfunctioning_always_fail,neutral,recovery,ca6fa1920ceaec64b37c44d737fa44c141a4d870be2bfa98e00b9c684393e2e6,3.5000000428408384,,0.30000000000000004,,0.0,,0,false,0.002262130809127749,0.021796053856058924,1.3710352807286158e-07,,0.0,167,0.0,,0.0,0.0,true,true,D,10,10,true,3
