model_id,role,split,contrast_id,stratum,task_id,difficulty,treated_cell,treated_turn,reference_cell,reference_turn,treated_m1,reference_m1,treated_missing_kind,reference_missing_kind,difference_available_case,difference_zero_imputation,difference_manski_lower,difference_manski_upper
google/gemma-2-9b-it,primary,discovery,H1,easy | neutral,DGS-003,easy,easy__malfunctioning_always_fail__neutral,measured,easy__accurate__neutral,measured,8.999999805062544,15.625000357738827,,,-6.625000552676283,-6.625000552676283,-6.625000552676283,-6.625000552676283
google/gemma-2-9b-it,primary,discovery,H1,easy | neutral,DGS-004,easy,easy__malfunctioning_always_fail__neutral,measured,easy__accurate__neutral,measured,8.062499891384505,13.187499644816853,,,-5.124999753432348,-5.124999753432348,-5.124999753432348,-5.124999753432348
google/gemma-2-9b-it,primary,discovery,H1,easy | neutral,DGS-010,easy,easy__malfunctioning_always_fail__neutral,measured,easy__accurate__neutral,measured,12.500000380576239,16.093749285915692,,,-3.593748905339453,-3.593748905339453,-3.593748905339453,-3.593748905339453
google/gemma-2-9b-it,primary,discovery,H1,easy | neutral,DGS-012,easy,easy__malfunctioning_always_fail__neutral,measured,easy__accurate__neutral,measured,11.93750038946746,12.999999533596565,,,-1.0624991441291058,-1.0624991441291058,-1.0624991441291058,-1.0624991441291058
google/gemma-2-9b-it,primary,discovery,H1,easy | neutral,DGS-018,easy,easy__malfunctioning_always_fail__neutral,measured,easy__accurate__neutral,measured,12.687499885440047,14.906250239175279,,,-2.2187503537352313,-2.2187503537352313,-2.2187503537352313,-2.2187503537352313
google/gemma-2-9b-it,primary,discovery,H1,easy | neutral,DGS-020,easy,easy__malfunctioning_always_fail__neutral,measured,easy__accurate__neutral,measured,11.312500180414645,14.21874977144762,,,-2.9062495910329744,-2.9062495910329744,-2.9062495910329744,-2.9062495910329744
google/gemma-2-9b-it,primary,discovery,H1,easy | neutral,DGS-026,easy,easy__malfunctioning_always_fail__neutral,measured,easy__accurate__neutral,measured,7.625000105239451,15.343750000261934,,,-7.7187498950224835,-7.7187498950224835,-7.7187498950224835,-7.7187498950224835
google/gemma-2-9b-it,primary,discovery,H1,easy | neutral,DGS-028,easy,easy__malfunctioning_always_fail__neutral,measured,easy__accurate__neutral,measured,12.812500162865035,14.09374966136238,,,-1.2812494984973455,-1.2812494984973455,-1.2812494984973455,-1.2812494984973455
google/gemma-2-9b-it,primary,discovery,H1,easy | neutral,DGS-034,easy,easy__malfunctioning_always_fail__neutral,measured,easy__accurate__neutral,measured,10.125000048894435,16.406249167110218,,,-6.281249118215783,-6.281249118215783,-6.281249118215783,-6.281249118215783
google/gemma-2-9b-it,primary,discovery,H1,easy | neutral,DGS-035,easy,easy__malfunctioning_always_fail__neutral,measured,easy__accurate__neutral,measured,12.249999781110091,13.437500241685484,,,-1.187500460575393,-1.187500460575393,-1.187500460575393,-1.187500460575393
google/gemma-2-9b-it,primary,discovery,H1_hard,hard | neutral,DGS-005,hard,hard__malfunctioning_always_fail__neutral,measured,hard__accurate__neutral,measured,12.187500363397703,14.031250239986548,,,-1.843749876588845,-1.843749876588845,-1.843749876588845,-1.843749876588845
google/gemma-2-9b-it,primary,discovery,H1_hard,hard | neutral,DGS-007,hard,hard__malfunctioning_always_fail__neutral,measured,hard__accurate__neutral,measured,8.187499718624167,6.249999828636646,,,1.9374998899875209,1.9374998899875209,1.9374998899875209,1.9374998899875209
google/gemma-2-9b-it,primary,discovery,H1_hard,hard | neutral,DGS-014,hard,hard__malfunctioning_always_fail__neutral,measured,hard__accurate__neutral,measured,,,non_answer,non_answer,,0.0,-25.46874944627416,25.46874944627416
google/gemma-2-9b-it,primary,discovery,H1_hard,hard | neutral,DGS-015,hard,hard__malfunctioning_always_fail__neutral,measured,hard__accurate__neutral,measured,-9.499999589344952,-9.062500279163942,,,-0.4374993101810105,-0.4374993101810105,-0.4374993101810105,-0.4374993101810105
google/gemma-2-9b-it,primary,discovery,H1_hard,hard | neutral,DGS-022,hard,hard__malfunctioning_always_fail__neutral,measured,hard__accurate__neutral,measured,,,non_answer,non_answer,,0.0,-25.46874944627416,25.46874944627416
google/gemma-2-9b-it,primary,discovery,H1_hard,hard | neutral,DGS-023,hard,hard__malfunctioning_always_fail__neutral,measured,hard__accurate__neutral,measured,9.875000005820766,11.562500056345016,,,-1.6875000505242497,-1.6875000505242497,-1.6875000505242497,-1.6875000505242497
google/gemma-2-9b-it,primary,discovery,H1_hard,hard | neutral,DGS-030,hard,hard__malfunctioning_always_fail__neutral,measured,hard__accurate__neutral,measured,8.687499671243131,14.12499988284253,,,-5.437500211599399,-5.437500211599399,-5.437500211599399,-5.437500211599399
google/gemma-2-9b-it,primary,discovery,H1_hard,hard | neutral,DGS-032,hard,hard__malfunctioning_always_fail__neutral,measured,hard__accurate__neutral,measured,13.062500369211193,10.249999679916073,,,2.8125006892951205,2.8125006892951205,2.8125006892951205,2.8125006892951205
google/gemma-2-9b-it,primary,discovery,H1_hard,hard | neutral,DGS-037,hard,hard__malfunctioning_always_fail__neutral,measured,hard__accurate__neutral,measured,12.937499882027623,15.874999761768777,,,-2.9374998797411536,-2.9374998797411536,-2.9374998797411536,-2.9374998797411536
google/gemma-2-9b-it,primary,discovery,H1_hard,hard | neutral,DGS-038,hard,hard__malfunctioning_always_fail__neutral,measured,hard__accurate__neutral,measured,11.687499739869963,13.937499773106538,,,-2.2500000332365744,-2.2500000332365744,-2.2500000332365744,-2.2500000332365744
google/gemma-2-9b-it,primary,discovery,H2a,easy | accurate,DGS-003,easy,easy__accurate__hostile,measured,easy__accurate__neutral,measured,12.937499533320079,15.625000357738827,,,-2.6875008244187484,-2.6875008244187484,-2.6875008244187484,-2.6875008244187484
google/gemma-2-9b-it,primary,discovery,H2a,easy | accurate,DGS-004,easy,easy__accurate__hostile,measured,easy__accurate__neutral,measured,11.062500021012966,13.187499644816853,,,-2.1249996238038875,-2.1249996238038875,-2.1249996238038875,-2.1249996238038875
google/gemma-2-9b-it,primary,discovery,H2a,easy | accurate,DGS-010,easy,easy__accurate__hostile,measured,easy__accurate__neutral,measured,13.624999652660335,16.093749285915692,,,-2.4687496332553565,-2.4687496332553565,-2.4687496332553565,-2.4687496332553565
google/gemma-2-9b-it,primary,discovery,H2a,easy | accurate,DGS-012,easy,easy__accurate__hostile,measured,easy__accurate__neutral,measured,13.437499910622137,12.999999533596565,,,0.43750037702557165,0.43750037702557165,0.43750037702557165,0.43750037702557165
google/gemma-2-9b-it,primary,discovery,H2a,easy | accurate,DGS-018,easy,easy__accurate__hostile,measured,easy__accurate__neutral,measured,13.624999527222826,14.906250239175279,,,-1.2812507119524525,-1.2812507119524525,-1.2812507119524525,-1.2812507119524525
google/gemma-2-9b-it,primary,discovery,H2a,easy | accurate,DGS-020,easy,easy__accurate__hostile,measured,easy__accurate__neutral,measured,12.812500049214577,14.21874977144762,,,-1.4062497222330421,-1.4062497222330421,-1.4062497222330421,-1.4062497222330421
google/gemma-2-9b-it,primary,discovery,H2a,easy | accurate,DGS-026,easy,easy__accurate__hostile,measured,easy__accurate__neutral,measured,15.00000014581019,15.343750000261934,,,-0.3437498544517439,-0.3437498544517439,-0.3437498544517439,-0.3437498544517439
google/gemma-2-9b-it,primary,discovery,H2a,easy | accurate,DGS-028,easy,easy__accurate__hostile,measured,easy__accurate__neutral,measured,13.062500439205905,14.09374966136238,,,-1.0312492221564753,-1.0312492221564753,-1.0312492221564753,-1.0312492221564753
google/gemma-2-9b-it,primary,discovery,H2a,easy | accurate,DGS-034,easy,easy__accurate__hostile,measured,easy__accurate__neutral,measured,13.374999715248123,16.406249167110218,,,-3.031249451862095,-3.031249451862095,-3.031249451862095,-3.031249451862095
google/gemma-2-9b-it,primary,discovery,H2a,easy | accurate,DGS-035,easy,easy__accurate__hostile,measured,easy__accurate__neutral,measured,4.625000127591193,13.437500241685484,,,-8.812500114094291,-8.812500114094291,-8.812500114094291,-8.812500114094291
google/gemma-2-9b-it,primary,discovery,H2b,hard | accurate,DGS-005,hard,hard__accurate__hostile,measured,hard__accurate__neutral,measured,11.93750019359868,14.031250239986548,,,-2.0937500463878678,-2.0937500463878678,-2.0937500463878678,-2.0937500463878678
google/gemma-2-9b-it,primary,discovery,H2b,hard | accurate,DGS-007,hard,hard__accurate__hostile,measured,hard__accurate__neutral,measured,,6.249999828636646,non_answer,,,-6.249999828636646,-15.312500107800588,10.156249338473572
google/gemma-2-9b-it,primary,discovery,H2b,hard | accurate,DGS-014,hard,hard__accurate__hostile,measured,hard__accurate__neutral,measured,,,non_answer,non_answer,,0.0,-25.46874944627416,25.46874944627416
google/gemma-2-9b-it,primary,discovery,H2b,hard | accurate,DGS-015,hard,hard__accurate__hostile,measured,hard__accurate__neutral,measured,-10.624999723862857,-9.062500279163942,,,-1.5624994446989149,-1.5624994446989149,-1.5624994446989149,-1.5624994446989149
google/gemma-2-9b-it,primary,discovery,H2b,hard | accurate,DGS-022,hard,hard__accurate__hostile,measured,hard__accurate__neutral,measured,,,non_answer,non_answer,,0.0,-25.46874944627416,25.46874944627416
google/gemma-2-9b-it,primary,discovery,H2b,hard | accurate,DGS-023,hard,hard__accurate__hostile,measured,hard__accurate__neutral,measured,12.875000367945177,11.562500056345016,,,1.3125003116001608,1.3125003116001608,1.3125003116001608,1.3125003116001608
google/gemma-2-9b-it,primary,discovery,H2b,hard | accurate,DGS-030,hard,hard__accurate__hostile,measured,hard__accurate__neutral,measured,-10.375000252388418,14.12499988284253,,,-24.500000135230948,-24.500000135230948,-24.500000135230948,-24.500000135230948
google/gemma-2-9b-it,primary,discovery,H2b,hard | accurate,DGS-032,hard,hard__accurate__hostile,measured,hard__accurate__neutral,measured,8.187500298721716,10.249999679916073,,,-2.062499381194357,-2.062499381194357,-2.062499381194357,-2.062499381194357
google/gemma-2-9b-it,primary,discovery,H2b,hard | accurate,DGS-037,hard,hard__accurate__hostile,measured,hard__accurate__neutral,measured,-13.499999560473952,15.874999761768777,,,-29.37499932224273,-29.37499932224273,-29.37499932224273,-29.37499932224273
google/gemma-2-9b-it,primary,discovery,H2b,hard | accurate,DGS-038,hard,hard__accurate__hostile,measured,hard__accurate__neutral,measured,10.75000003457535,13.937499773106538,,,-3.187499738531187,-3.187499738531187,-3.187499738531187,-3.187499738531187
google/gemma-2-9b-it,primary,discovery,tone_pooled,easy+hard | accurate,DGS-003,easy,easy__accurate__hostile,measured,easy__accurate__neutral,measured,12.937499533320079,15.625000357738827,,,-2.6875008244187484,-2.6875008244187484,-2.6875008244187484,-2.6875008244187484
google/gemma-2-9b-it,primary,discovery,tone_pooled,easy+hard | accurate,DGS-004,easy,easy__accurate__hostile,measured,easy__accurate__neutral,measured,11.062500021012966,13.187499644816853,,,-2.1249996238038875,-2.1249996238038875,-2.1249996238038875,-2.1249996238038875
google/gemma-2-9b-it,primary,discovery,tone_pooled,easy+hard | accurate,DGS-010,easy,easy__accurate__hostile,measured,easy__accurate__neutral,measured,13.624999652660335,16.093749285915692,,,-2.4687496332553565,-2.4687496332553565,-2.4687496332553565,-2.4687496332553565
google/gemma-2-9b-it,primary,discovery,tone_pooled,easy+hard | accurate,DGS-012,easy,easy__accurate__hostile,measured,easy__accurate__neutral,measured,13.437499910622137,12.999999533596565,,,0.43750037702557165,0.43750037702557165,0.43750037702557165,0.43750037702557165
google/gemma-2-9b-it,primary,discovery,tone_pooled,easy+hard | accurate,DGS-018,easy,easy__accurate__hostile,measured,easy__accurate__neutral,measured,13.624999527222826,14.906250239175279,,,-1.2812507119524525,-1.2812507119524525,-1.2812507119524525,-1.2812507119524525
google/gemma-2-9b-it,primary,discovery,tone_pooled,easy+hard | accurate,DGS-020,easy,easy__accurate__hostile,measured,easy__accurate__neutral,measured,12.812500049214577,14.21874977144762,,,-1.4062497222330421,-1.4062497222330421,-1.4062497222330421,-1.4062497222330421
google/gemma-2-9b-it,primary,discovery,tone_pooled,easy+hard | accurate,DGS-026,easy,easy__accurate__hostile,measured,easy__accurate__neutral,measured,15.00000014581019,15.343750000261934,,,-0.3437498544517439,-0.3437498544517439,-0.3437498544517439,-0.3437498544517439
google/gemma-2-9b-it,primary,discovery,tone_pooled,easy+hard | accurate,DGS-028,easy,easy__accurate__hostile,measured,easy__accurate__neutral,measured,13.062500439205905,14.09374966136238,,,-1.0312492221564753,-1.0312492221564753,-1.0312492221564753,-1.0312492221564753
google/gemma-2-9b-it,primary,discovery,tone_pooled,easy+hard | accurate,DGS-034,easy,easy__accurate__hostile,measured,easy__accurate__neutral,measured,13.374999715248123,16.406249167110218,,,-3.031249451862095,-3.031249451862095,-3.031249451862095,-3.031249451862095
google/gemma-2-9b-it,primary,discovery,tone_pooled,easy+hard | accurate,DGS-035,easy,easy__accurate__hostile,measured,easy__accurate__neutral,measured,4.625000127591193,13.437500241685484,,,-8.812500114094291,-8.812500114094291,-8.812500114094291,-8.812500114094291
google/gemma-2-9b-it,primary,discovery,tone_pooled,easy+hard | accurate,DGS-005,hard,hard__accurate__hostile,measured,hard__accurate__neutral,measured,11.93750019359868,14.031250239986548,,,-2.0937500463878678,-2.0937500463878678,-2.0937500463878678,-2.0937500463878678
google/gemma-2-9b-it,primary,discovery,tone_pooled,easy+hard | accurate,DGS-007,hard,hard__accurate__hostile,measured,hard__accurate__neutral,measured,,6.249999828636646,non_answer,,,-6.249999828636646,-15.312500107800588,10.156249338473572
google/gemma-2-9b-it,primary,discovery,tone_pooled,easy+hard | accurate,DGS-014,hard,hard__accurate__hostile,measured,hard__accurate__neutral,measured,,,non_answer,non_answer,,0.0,-25.46874944627416,25.46874944627416
google/gemma-2-9b-it,primary,discovery,tone_pooled,easy+hard | accurate,DGS-015,hard,hard__accurate__hostile,measured,hard__accurate__neutral,measured,-10.624999723862857,-9.062500279163942,,,-1.5624994446989149,-1.5624994446989149,-1.5624994446989149,-1.5624994446989149
google/gemma-2-9b-it,primary,discovery,tone_pooled,easy+hard | accurate,DGS-022,hard,hard__accurate__hostile,measured,hard__accurate__neutral,measured,,,non_answer,non_answer,,0.0,-25.46874944627416,25.46874944627416
google/gemma-2-9b-it,primary,discovery,tone_pooled,easy+hard | accurate,DGS-023,hard,hard__accurate__hostile,measured,hard__accurate__neutral,measured,12.875000367945177,11.562500056345016,,,1.3125003116001608,1.3125003116001608,1.3125003116001608,1.3125003116001608
google/gemma-2-9b-it,primary,discovery,tone_pooled,easy+hard | accurate,DGS-030,hard,hard__accurate__hostile,measured,hard__accurate__neutral,measured,-10.375000252388418,14.12499988284253,,,-24.500000135230948,-24.500000135230948,-24.500000135230948,-24.500000135230948
google/gemma-2-9b-it,primary,discovery,tone_pooled,easy+hard | accurate,DGS-032,hard,hard__accurate__hostile,measured,hard__accurate__neutral,measured,8.187500298721716,10.249999679916073,,,-2.062499381194357,-2.062499381194357,-2.062499381194357,-2.062499381194357
google/gemma-2-9b-it,primary,discovery,tone_pooled,easy+hard | accurate,DGS-037,hard,hard__accurate__hostile,measured,hard__accurate__neutral,measured,-13.499999560473952,15.874999761768777,,,-29.37499932224273,-29.37499932224273,-29.37499932224273,-29.37499932224273
google/gemma-2-9b-it,primary,discovery,tone_pooled,easy+hard | accurate,DGS-038,hard,hard__accurate__hostile,measured,hard__accurate__neutral,measured,10.75000003457535,13.937499773106538,,,-3.187499738531187,-3.187499738531187,-3.187499738531187,-3.187499738531187
google/gemma-2-9b-it,primary,discovery,H3a,"easy | accurate, neutral",DGS-003,easy,easy__accurate__neutral,onset,easy__accurate__neutral,measured,8.87499985343311,15.625000357738827,,,-6.750000504305717,-6.750000504305717,-6.750000504305717,-6.750000504305717
google/gemma-2-9b-it,primary,discovery,H3a,"easy | accurate, neutral",DGS-004,easy,easy__accurate__neutral,onset,easy__accurate__neutral,measured,9.625000207161065,13.187499644816853,,,-3.562499437655788,-3.562499437655788,-3.562499437655788,-3.562499437655788
google/gemma-2-9b-it,primary,discovery,H3a,"easy | accurate, neutral",DGS-010,easy,easy__accurate__neutral,onset,easy__accurate__neutral,measured,13.906250370870112,16.093749285915692,,,-2.1874989150455804,-2.1874989150455804,-2.1874989150455804,-2.1874989150455804
google/gemma-2-9b-it,primary,discovery,H3a,"easy | accurate, neutral",DGS-012,easy,easy__accurate__neutral,onset,easy__accurate__neutral,measured,11.437499666004442,12.999999533596565,,,-1.5624998675921233,-1.5624998675921233,-1.5624998675921233,-1.5624998675921233
google/gemma-2-9b-it,primary,discovery,H3a,"easy | accurate, neutral",DGS-018,easy,easy__accurate__neutral,onset,easy__accurate__neutral,measured,12.187500379965059,14.906250239175279,,,-2.71874985921022,-2.71874985921022,-2.71874985921022,-2.71874985921022
google/gemma-2-9b-it,primary,discovery,H3a,"easy | accurate, neutral",DGS-020,easy,easy__accurate__neutral,onset,easy__accurate__neutral,measured,10.374999754392775,14.21874977144762,,,-3.8437500170548446,-3.8437500170548446,-3.8437500170548446,-3.8437500170548446
google/gemma-2-9b-it,primary,discovery,H3a,"easy | accurate, neutral",DGS-026,easy,easy__accurate__neutral,onset,easy__accurate__neutral,measured,10.499999788298737,15.343750000261934,,,-4.843750211963197,-4.843750211963197,-4.843750211963197,-4.843750211963197
google/gemma-2-9b-it,primary,discovery,H3a,"easy | accurate, neutral",DGS-028,easy,easy__accurate__neutral,onset,easy__accurate__neutral,measured,11.187500346568413,14.09374966136238,,,-2.9062493147939676,-2.9062493147939676,-2.9062493147939676,-2.9062493147939676
google/gemma-2-9b-it,primary,discovery,H3a,"easy | accurate, neutral",DGS-034,easy,easy__accurate__neutral,onset,easy__accurate__neutral,measured,14.187500121246558,16.406249167110218,,,-2.2187490458636603,-2.2187490458636603,-2.2187490458636603,-2.2187490458636603
google/gemma-2-9b-it,primary,discovery,H3a,"easy | accurate, neutral",DGS-035,easy,easy__accurate__neutral,onset,easy__accurate__neutral,measured,9.437499533873051,13.437500241685484,,,-4.000000707812433,-4.000000707812433,-4.000000707812433,-4.000000707812433
google/gemma-2-9b-it,primary,discovery,H3b,"easy | accurate, hostile",DGS-003,easy,easy__accurate__hostile,onset,easy__accurate__hostile,measured,7.937499879859388,12.937499533320079,,,-4.999999653460691,-4.999999653460691,-4.999999653460691,-4.999999653460691
google/gemma-2-9b-it,primary,discovery,H3b,"easy | accurate, hostile",DGS-004,easy,easy__accurate__hostile,onset,easy__accurate__hostile,measured,-1.3750000596046448,11.062500021012966,,,-12.43750008061761,-12.43750008061761,-12.43750008061761,-12.43750008061761
google/gemma-2-9b-it,primary,discovery,H3b,"easy | accurate, hostile",DGS-010,easy,easy__accurate__hostile,onset,easy__accurate__hostile,measured,1.125,13.624999652660335,,,-12.499999652660335,-12.499999652660335,-12.499999652660335,-12.499999652660335
google/gemma-2-9b-it,primary,discovery,H3b,"easy | accurate, hostile",DGS-012,easy,easy__accurate__hostile,onset,easy__accurate__hostile,measured,13.437499782594386,13.437499910622137,,,-1.2802775017917156e-07,-1.2802775017917156e-07,-1.2802775017917156e-07,-1.2802775017917156e-07
google/gemma-2-9b-it,primary,discovery,H3b,"easy | accurate, hostile",DGS-018,easy,easy__accurate__hostile,onset,easy__accurate__hostile,measured,12.250000149681,13.624999527222826,,,-1.374999377541826,-1.374999377541826,-1.374999377541826,-1.374999377541826
google/gemma-2-9b-it,primary,discovery,H3b,"easy | accurate, hostile",DGS-020,easy,easy__accurate__hostile,onset,easy__accurate__hostile,measured,9.06249985517934,12.812500049214577,,,-3.7500001940352377,-3.7500001940352377,-3.7500001940352377,-3.7500001940352377
google/gemma-2-9b-it,primary,discovery,H3b,"easy | accurate, hostile",DGS-026,easy,easy__accurate__hostile,onset,easy__accurate__hostile,measured,10.37499954761006,15.00000014581019,,,-4.625000598200131,-4.625000598200131,-4.625000598200131,-4.625000598200131
google/gemma-2-9b-it,primary,discovery,H3b,"easy | accurate, hostile",DGS-028,easy,easy__accurate__hostile,onset,easy__accurate__hostile,measured,,13.062500439205905,non_answer,,,-13.062500439205905,-22.125000718369847,3.3437487279043125
google/gemma-2-9b-it,primary,discovery,H3b,"easy | accurate, hostile",DGS-034,easy,easy__accurate__hostile,onset,easy__accurate__hostile,measured,14.250000182073563,13.374999715248123,,,0.8750004668254405,0.8750004668254405,0.8750004668254405,0.8750004668254405
google/gemma-2-9b-it,primary,discovery,H3b,"easy | accurate, hostile",DGS-035,easy,easy__accurate__hostile,onset,easy__accurate__hostile,measured,-12.187499879975803,4.625000127591193,,,-16.812500007566996,-16.812500007566996,-16.812500007566996,-16.812500007566996
Qwen/Qwen2.5-3B-Instruct,control,discovery,H1,easy | neutral,DGS-003,easy,easy__malfunctioning_always_fail__neutral,measured,easy__accurate__neutral,measured,20.125,21.875,,,-1.75,-1.75,-1.75,-1.75
Qwen/Qwen2.5-3B-Instruct,control,discovery,H1,easy | neutral,DGS-004,easy,easy__malfunctioning_always_fail__neutral,measured,easy__accurate__neutral,measured,18.875,20.75,,,-1.875,-1.875,-1.875,-1.875
Qwen/Qwen2.5-3B-Instruct,control,discovery,H1,easy | neutral,DGS-010,easy,easy__malfunctioning_always_fail__neutral,measured,easy__accurate__neutral,measured,-13.125000357631052,-20.5,,,7.374999642368948,7.374999642368948,7.374999642368948,7.374999642368948
Qwen/Qwen2.5-3B-Instruct,control,discovery,H1,easy | neutral,DGS-012,easy,easy__malfunctioning_always_fail__neutral,measured,easy__accurate__neutral,measured,20.125,22.125,,,-2.0,-2.0,-2.0,-2.0
Qwen/Qwen2.5-3B-Instruct,control,discovery,H1,easy | neutral,DGS-018,easy,easy__malfunctioning_always_fail__neutral,measured,easy__accurate__neutral,measured,21.75,21.875,,,-0.125,-0.125,-0.125,-0.125
Qwen/Qwen2.5-3B-Instruct,control,discovery,H1,easy | neutral,DGS-020,easy,easy__malfunctioning_always_fail__neutral,measured,easy__accurate__neutral,measured,14.499999880791279,16.62499976158145,,,-2.1249998807901704,-2.1249998807901704,-2.1249998807901704,-2.1249998807901704
Qwen/Qwen2.5-3B-Instruct,control,discovery,H1,easy | neutral,DGS-026,easy,easy__malfunctioning_always_fail__neutral,measured,easy__accurate__neutral,measured,25.625,22.75,,,2.875,2.875,2.875,2.875
Qwen/Qwen2.5-3B-Instruct,control,discovery,H1,easy | neutral,DGS-028,easy,easy__malfunctioning_always_fail__neutral,measured,easy__accurate__neutral,measured,23.625,22.75,,,0.875,0.875,0.875,0.875
Qwen/Qwen2.5-3B-Instruct,control,discovery,H1,easy | neutral,DGS-034,easy,easy__malfunctioning_always_fail__neutral,measured,easy__accurate__neutral,measured,25.5,25.375,,,0.125,0.125,0.125,0.125
Qwen/Qwen2.5-3B-Instruct,control,discovery,H1,easy | neutral,DGS-035,easy,easy__malfunctioning_always_fail__neutral,measured,easy__accurate__neutral,measured,23.375,21.125,,,2.25,2.25,2.25,2.25
Qwen/Qwen2.5-3B-Instruct,control,discovery,H1_hard,hard | neutral,DGS-005,hard,hard__malfunctioning_always_fail__neutral,measured,hard__accurate__neutral,measured,20.0,19.125,,,0.875,0.875,0.875,0.875
Qwen/Qwen2.5-3B-Instruct,control,discovery,H1_hard,hard | neutral,DGS-007,hard,hard__malfunctioning_always_fail__neutral,measured,hard__accurate__neutral,measured,18.125,19.0,,,-0.875,-0.875,-0.875,-0.875
Qwen/Qwen2.5-3B-Instruct,control,discovery,H1_hard,hard | neutral,DGS-014,hard,hard__malfunctioning_always_fail__neutral,measured,hard__accurate__neutral,measured,,,non_answer,non_answer,,0.0,-45.875,45.875
Qwen/Qwen2.5-3B-Instruct,control,discovery,H1_hard,hard | neutral,DGS-015,hard,hard__malfunctioning_always_fail__neutral,measured,hard__accurate__neutral,measured,-14.87499976162053,-15.875000000016371,,,1.0000002383958417,1.0000002383958417,1.0000002383958417,1.0000002383958417
Qwen/Qwen2.5-3B-Instruct,control,discovery,H1_hard,hard | neutral,DGS-022,hard,hard__malfunctioning_always_fail__neutral,measured,hard__accurate__neutral,measured,17.5,,,non_answer,,17.5,-7.875,38.0
Qwen/Qwen2.5-3B-Instruct,control,discovery,H1_hard,hard | neutral,DGS-023,hard,hard__malfunctioning_always_fail__neutral,measured,hard__accurate__neutral,measured,9.999999645166099,-12.749999523203769,,,22.749999168369868,22.749999168369868,22.749999168369868,22.749999168369868
Qwen/Qwen2.5-3B-Instruct,control,discovery,H1_hard,hard | neutral,DGS-030,hard,hard__malfunctioning_always_fail__neutral,measured,hard__accurate__neutral,measured,22.125,19.75,,,2.375,2.375,2.375,2.375
Qwen/Qwen2.5-3B-Instruct,control,discovery,H1_hard,hard | neutral,DGS-032,hard,hard__malfunctioning_always_fail__neutral,measured,hard__accurate__neutral,measured,-24.875,,,non_answer,,-24.875,-50.25,-4.375
Qwen/Qwen2.5-3B-Instruct,control,discovery,H1_hard,hard | neutral,DGS-037,hard,hard__malfunctioning_always_fail__neutral,measured,hard__accurate__neutral,measured,-26.5,9.499999528125045,,,-35.999999528125045,-35.999999528125045,-35.999999528125045,-35.999999528125045
Qwen/Qwen2.5-3B-Instruct,control,discovery,H1_hard,hard | neutral,DGS-038,hard,hard__malfunctioning_always_fail__neutral,measured,hard__accurate__neutral,measured,20.0,22.625,,,-2.625,-2.625,-2.625,-2.625
Qwen/Qwen2.5-3B-Instruct,control,discovery,H2a,easy | accurate,DGS-003,easy,easy__accurate__hostile,measured,easy__accurate__neutral,measured,21.75,21.875,,,-0.125,-0.125,-0.125,-0.125
Qwen/Qwen2.5-3B-Instruct,control,discovery,H2a,easy | accurate,DGS-004,easy,easy__accurate__hostile,measured,easy__accurate__neutral,measured,22.875,20.75,,,2.125,2.125,2.125,2.125
Qwen/Qwen2.5-3B-Instruct,control,discovery,H2a,easy | accurate,DGS-010,easy,easy__accurate__hostile,measured,easy__accurate__neutral,measured,18.125,-20.5,,,38.625,38.625,38.625,38.625
Qwen/Qwen2.5-3B-Instruct,control,discovery,H2a,easy | accurate,DGS-012,easy,easy__accurate__hostile,measured,easy__accurate__neutral,measured,20.625,22.125,,,-1.5,-1.5,-1.5,-1.5
Qwen/Qwen2.5-3B-Instruct,control,discovery,H2a,easy | accurate,DGS-018,easy,easy__accurate__hostile,measured,easy__accurate__neutral,measured,21.625,21.875,,,-0.25,-0.25,-0.25,-0.25
Qwen/Qwen2.5-3B-Instruct,control,discovery,H2a,easy | accurate,DGS-020,easy,easy__accurate__hostile,measured,easy__accurate__neutral,measured,21.875,16.62499976158145,,,5.250000238418551,5.250000238418551,5.250000238418551,5.250000238418551
Qwen/Qwen2.5-3B-Instruct,control,discovery,H2a,easy | accurate,DGS-026,easy,easy__accurate__hostile,measured,easy__accurate__neutral,measured,26.125,22.75,,,3.375,3.375,3.375,3.375
Qwen/Qwen2.5-3B-Instruct,control,discovery,H2a,easy | accurate,DGS-028,easy,easy__accurate__hostile,measured,easy__accurate__neutral,measured,24.75,22.75,,,2.0,2.0,2.0,2.0
Qwen/Qwen2.5-3B-Instruct,control,discovery,H2a,easy | accurate,DGS-034,easy,easy__accurate__hostile,measured,easy__accurate__neutral,measured,23.875,25.375,,,-1.5,-1.5,-1.5,-1.5
Qwen/Qwen2.5-3B-Instruct,control,discovery,H2a,easy | accurate,DGS-035,easy,easy__accurate__hostile,measured,easy__accurate__neutral,measured,19.0,21.125,,,-2.125,-2.125,-2.125,-2.125
Qwen/Qwen2.5-3B-Instruct,control,discovery,H2b,hard | accurate,DGS-005,hard,hard__accurate__hostile,measured,hard__accurate__neutral,measured,18.375,19.125,,,-0.75,-0.75,-0.75,-0.75
Qwen/Qwen2.5-3B-Instruct,control,discovery,H2b,hard | accurate,DGS-007,hard,hard__accurate__hostile,measured,hard__accurate__neutral,measured,14.999999523162955,19.0,,,-4.0000004768370445,-4.0000004768370445,-4.0000004768370445,-4.0000004768370445
Qwen/Qwen2.5-3B-Instruct,control,discovery,H2b,hard | accurate,DGS-014,hard,hard__accurate__hostile,measured,hard__accurate__neutral,measured,,,non_answer,non_answer,,0.0,-45.875,45.875
Qwen/Qwen2.5-3B-Instruct,control,discovery,H2b,hard | accurate,DGS-015,hard,hard__accurate__hostile,measured,hard__accurate__neutral,measured,-19.875,-15.875000000016371,,,-3.999999999983629,-3.999999999983629,-3.999999999983629,-3.999999999983629
Qwen/Qwen2.5-3B-Instruct,control,discovery,H2b,hard | accurate,DGS-022,hard,hard__accurate__hostile,measured,hard__accurate__neutral,measured,8.500000021609594,,,non_answer,,8.500000021609594,-16.874999978390406,29.000000021609594
Qwen/Qwen2.5-3B-Instruct,control,discovery,H2b,hard | accurate,DGS-023,hard,hard__accurate__hostile,measured,hard__accurate__neutral,measured,-17.374999880790718,-12.749999523203769,,,-4.6250003575869485,-4.6250003575869485,-4.6250003575869485,-4.6250003575869485
Qwen/Qwen2.5-3B-Instruct,control,discovery,H2b,hard | accurate,DGS-030,hard,hard__accurate__hostile,measured,hard__accurate__neutral,measured,20.5,19.75,,,0.75,0.75,0.75,0.75
Qwen/Qwen2.5-3B-Instruct,control,discovery,H2b,hard | accurate,DGS-032,hard,hard__accurate__hostile,measured,hard__accurate__neutral,measured,-24.0,,,non_answer,,-24.0,-49.375,-3.5
Qwen/Qwen2.5-3B-Instruct,control,discovery,H2b,hard | accurate,DGS-037,hard,hard__accurate__hostile,measured,hard__accurate__neutral,measured,21.125,9.499999528125045,,,11.625000471874955,11.625000471874955,11.625000471874955,11.625000471874955
Qwen/Qwen2.5-3B-Instruct,control,discovery,H2b,hard | accurate,DGS-038,hard,hard__accurate__hostile,measured,hard__accurate__neutral,measured,22.5,22.625,,,-0.125,-0.125,-0.125,-0.125
Qwen/Qwen2.5-3B-Instruct,control,discovery,tone_pooled,easy+hard | accurate,DGS-003,easy,easy__accurate__hostile,measured,easy__accurate__neutral,measured,21.75,21.875,,,-0.125,-0.125,-0.125,-0.125
Qwen/Qwen2.5-3B-Instruct,control,discovery,tone_pooled,easy+hard | accurate,DGS-004,easy,easy__accurate__hostile,measured,easy__accurate__neutral,measured,22.875,20.75,,,2.125,2.125,2.125,2.125
Qwen/Qwen2.5-3B-Instruct,control,discovery,tone_pooled,easy+hard | accurate,DGS-010,easy,easy__accurate__hostile,measured,easy__accurate__neutral,measured,18.125,-20.5,,,38.625,38.625,38.625,38.625
Qwen/Qwen2.5-3B-Instruct,control,discovery,tone_pooled,easy+hard | accurate,DGS-012,easy,easy__accurate__hostile,measured,easy__accurate__neutral,measured,20.625,22.125,,,-1.5,-1.5,-1.5,-1.5
Qwen/Qwen2.5-3B-Instruct,control,discovery,tone_pooled,easy+hard | accurate,DGS-018,easy,easy__accurate__hostile,measured,easy__accurate__neutral,measured,21.625,21.875,,,-0.25,-0.25,-0.25,-0.25
Qwen/Qwen2.5-3B-Instruct,control,discovery,tone_pooled,easy+hard | accurate,DGS-020,easy,easy__accurate__hostile,measured,easy__accurate__neutral,measured,21.875,16.62499976158145,,,5.250000238418551,5.250000238418551,5.250000238418551,5.250000238418551
Qwen/Qwen2.5-3B-Instruct,control,discovery,tone_pooled,easy+hard | accurate,DGS-026,easy,easy__accurate__hostile,measured,easy__accurate__neutral,measured,26.125,22.75,,,3.375,3.375,3.375,3.375
Qwen/Qwen2.5-3B-Instruct,control,discovery,tone_pooled,easy+hard | accurate,DGS-028,easy,easy__accurate__hostile,measured,easy__accurate__neutral,measured,24.75,22.75,,,2.0,2.0,2.0,2.0
Qwen/Qwen2.5-3B-Instruct,control,discovery,tone_pooled,easy+hard | accurate,DGS-034,easy,easy__accurate__hostile,measured,easy__accurate__neutral,measured,23.875,25.375,,,-1.5,-1.5,-1.5,-1.5
Qwen/Qwen2.5-3B-Instruct,control,discovery,tone_pooled,easy+hard | accurate,DGS-035,easy,easy__accurate__hostile,measured,easy__accurate__neutral,measured,19.0,21.125,,,-2.125,-2.125,-2.125,-2.125
Qwen/Qwen2.5-3B-Instruct,control,discovery,tone_pooled,easy+hard | accurate,DGS-005,hard,hard__accurate__hostile,measured,hard__accurate__neutral,measured,18.375,19.125,,,-0.75,-0.75,-0.75,-0.75
Qwen/Qwen2.5-3B-Instruct,control,discovery,tone_pooled,easy+hard | accurate,DGS-007,hard,hard__accurate__hostile,measured,hard__accurate__neutral,measured,14.999999523162955,19.0,,,-4.0000004768370445,-4.0000004768370445,-4.0000004768370445,-4.0000004768370445
Qwen/Qwen2.5-3B-Instruct,control,discovery,tone_pooled,easy+hard | accurate,DGS-014,hard,hard__accurate__hostile,measured,hard__accurate__neutral,measured,,,non_answer,non_answer,,0.0,-45.875,45.875
Qwen/Qwen2.5-3B-Instruct,control,discovery,tone_pooled,easy+hard | accurate,DGS-015,hard,hard__accurate__hostile,measured,hard__accurate__neutral,measured,-19.875,-15.875000000016371,,,-3.999999999983629,-3.999999999983629,-3.999999999983629,-3.999999999983629
Qwen/Qwen2.5-3B-Instruct,control,discovery,tone_pooled,easy+hard | accurate,DGS-022,hard,hard__accurate__hostile,measured,hard__accurate__neutral,measured,8.500000021609594,,,non_answer,,8.500000021609594,-16.874999978390406,29.000000021609594
Qwen/Qwen2.5-3B-Instruct,control,discovery,tone_pooled,easy+hard | accurate,DGS-023,hard,hard__accurate__hostile,measured,hard__accurate__neutral,measured,-17.374999880790718,-12.749999523203769,,,-4.6250003575869485,-4.6250003575869485,-4.6250003575869485,-4.6250003575869485
Qwen/Qwen2.5-3B-Instruct,control,discovery,tone_pooled,easy+hard | accurate,DGS-030,hard,hard__accurate__hostile,measured,hard__accurate__neutral,measured,20.5,19.75,,,0.75,0.75,0.75,0.75
Qwen/Qwen2.5-3B-Instruct,control,discovery,tone_pooled,easy+hard | accurate,DGS-032,hard,hard__accurate__hostile,measured,hard__accurate__neutral,measured,-24.0,,,non_answer,,-24.0,-49.375,-3.5
Qwen/Qwen2.5-3B-Instruct,control,discovery,tone_pooled,easy+hard | accurate,DGS-037,hard,hard__accurate__hostile,measured,hard__accurate__neutral,measured,21.125,9.499999528125045,,,11.625000471874955,11.625000471874955,11.625000471874955,11.625000471874955
Qwen/Qwen2.5-3B-Instruct,control,discovery,tone_pooled,easy+hard | accurate,DGS-038,hard,hard__accurate__hostile,measured,hard__accurate__neutral,measured,22.5,22.625,,,-0.125,-0.125,-0.125,-0.125
Qwen/Qwen2.5-3B-Instruct,control,discovery,H3a,"easy | accurate, neutral",DGS-003,easy,easy__accurate__neutral,onset,easy__accurate__neutral,measured,24.75,21.875,,,2.875,2.875,2.875,2.875
Qwen/Qwen2.5-3B-Instruct,control,discovery,H3a,"easy | accurate, neutral",DGS-004,easy,easy__accurate__neutral,onset,easy__accurate__neutral,measured,25.75,20.75,,,5.0,5.0,5.0,5.0
Qwen/Qwen2.5-3B-Instruct,control,discovery,H3a,"easy | accurate, neutral",DGS-010,easy,easy__accurate__neutral,onset,easy__accurate__neutral,measured,-9.625000123218342,-20.5,,,10.874999876781658,10.874999876781658,10.874999876781658,10.874999876781658
Qwen/Qwen2.5-3B-Instruct,control,discovery,H3a,"easy | accurate, neutral",DGS-012,easy,easy__accurate__neutral,onset,easy__accurate__neutral,measured,21.374999880790718,22.125,,,-0.7500001192092824,-0.7500001192092824,-0.7500001192092824,-0.7500001192092824
Qwen/Qwen2.5-3B-Instruct,control,discovery,H3a,"easy | accurate, neutral",DGS-018,easy,easy__accurate__neutral,onset,easy__accurate__neutral,measured,21.875,21.875,,,0.0,0.0,0.0,0.0
Qwen/Qwen2.5-3B-Instruct,control,discovery,H3a,"easy | accurate, neutral",DGS-020,easy,easy__accurate__neutral,onset,easy__accurate__neutral,measured,24.5,16.62499976158145,,,7.875000238418551,7.875000238418551,7.875000238418551,7.875000238418551
Qwen/Qwen2.5-3B-Instruct,control,discovery,H3a,"easy | accurate, neutral",DGS-026,easy,easy__accurate__neutral,onset,easy__accurate__neutral,measured,25.75,22.75,,,3.0,3.0,3.0,3.0
Qwen/Qwen2.5-3B-Instruct,control,discovery,H3a,"easy | accurate, neutral",DGS-028,easy,easy__accurate__neutral,onset,easy__accurate__neutral,measured,26.125,22.75,,,3.375,3.375,3.375,3.375
Qwen/Qwen2.5-3B-Instruct,control,discovery,H3a,"easy | accurate, neutral",DGS-034,easy,easy__accurate__neutral,onset,easy__accurate__neutral,measured,29.5,25.375,,,4.125,4.125,4.125,4.125
Qwen/Qwen2.5-3B-Instruct,control,discovery,H3a,"easy | accurate, neutral",DGS-035,easy,easy__accurate__neutral,onset,easy__accurate__neutral,measured,,21.125,candidate_absent,,,-21.125,-41.625,4.25
Qwen/Qwen2.5-3B-Instruct,control,discovery,H3b,"easy | accurate, hostile",DGS-003,easy,easy__accurate__hostile,onset,easy__accurate__hostile,measured,21.374999880790718,21.75,,,-0.37500011920928245,-0.37500011920928245,-0.37500011920928245,-0.37500011920928245
Qwen/Qwen2.5-3B-Instruct,control,discovery,H3b,"easy | accurate, hostile",DGS-004,easy,easy__accurate__hostile,onset,easy__accurate__hostile,measured,20.5,22.875,,,-2.375,-2.375,-2.375,-2.375
Qwen/Qwen2.5-3B-Instruct,control,discovery,H3b,"easy | accurate, hostile",DGS-010,easy,easy__accurate__hostile,onset,easy__accurate__hostile,measured,18.124999880790718,18.125,,,-1.1920928244535389e-07,-1.1920928244535389e-07,-1.1920928244535389e-07,-1.1920928244535389e-07
Qwen/Qwen2.5-3B-Instruct,control,discovery,H3b,"easy | accurate, hostile",DGS-012,easy,easy__accurate__hostile,onset,easy__accurate__hostile,measured,17.874999880790718,20.625,,,-2.7500001192092824,-2.7500001192092824,-2.7500001192092824,-2.7500001192092824
Qwen/Qwen2.5-3B-Instruct,control,discovery,H3b,"easy | accurate, hostile",DGS-018,easy,easy__accurate__hostile,onset,easy__accurate__hostile,measured,18.749999403953723,21.625,,,-2.8750005960462772,-2.8750005960462772,-2.8750005960462772,-2.8750005960462772
Qwen/Qwen2.5-3B-Instruct,control,discovery,H3b,"easy | accurate, hostile",DGS-020,easy,easy__accurate__hostile,onset,easy__accurate__hostile,measured,17.250000596047357,21.875,,,-4.624999403952643,-4.624999403952643,-4.624999403952643,-4.624999403952643
Qwen/Qwen2.5-3B-Instruct,control,discovery,H3b,"easy | accurate, hostile",DGS-026,easy,easy__accurate__hostile,onset,easy__accurate__hostile,measured,22.375,26.125,,,-3.75,-3.75,-3.75,-3.75
Qwen/Qwen2.5-3B-Instruct,control,discovery,H3b,"easy | accurate, hostile",DGS-028,easy,easy__accurate__hostile,onset,easy__accurate__hostile,measured,21.125,24.75,,,-3.625,-3.625,-3.625,-3.625
Qwen/Qwen2.5-3B-Instruct,control,discovery,H3b,"easy | accurate, hostile",DGS-034,easy,easy__accurate__hostile,onset,easy__accurate__hostile,measured,25.125,23.875,,,1.25,1.25,1.25,1.25
Qwen/Qwen2.5-3B-Instruct,control,discovery,H3b,"easy | accurate, hostile",DGS-035,easy,easy__accurate__hostile,onset,easy__accurate__hostile,measured,,19.0,candidate_absent,,,-19.0,-39.5,6.375
meta-llama/Llama-3.1-8B-Instruct,extension,discovery,H1,easy | neutral,DGS-003,easy,easy__malfunctioning_always_fail__neutral,measured,easy__accurate__neutral,measured,3.249999947845936,9.874999913474312,,,-6.624999965628376,-6.624999965628376,-6.624999965628376,-6.624999965628376
meta-llama/Llama-3.1-8B-Instruct,extension,discovery,H1,easy | neutral,DGS-004,easy,easy__malfunctioning_always_fail__neutral,measured,easy__accurate__neutral,measured,5.250000110361725,11.750000247426215,,,-6.5000001370644895,-6.5000001370644895,-6.5000001370644895,-6.5000001370644895
meta-llama/Llama-3.1-8B-Instruct,extension,discovery,H1,easy | neutral,DGS-010,easy,easy__malfunctioning_always_fail__neutral,measured,easy__accurate__neutral,measured,,14.375000238462235,non_answer,,,-14.375000238462235,-5.000000587358954,0.0
meta-llama/Llama-3.1-8B-Instruct,extension,discovery,H1,easy | neutral,DGS-012,easy,easy__malfunctioning_always_fail__neutral,measured,easy__accurate__neutral,measured,8.00000013859244,10.999999765124812,,,-2.9999996265323716,-2.9999996265323716,-2.9999996265323716,-2.9999996265323716
meta-llama/Llama-3.1-8B-Instruct,extension,discovery,H1,easy | neutral,DGS-018,easy,easy__malfunctioning_always_fail__neutral,measured,easy__accurate__neutral,measured,0.25,12.500000239328074,,,-12.250000239328074,-12.250000239328074,-12.250000239328074,-12.250000239328074
meta-llama/Llama-3.1-8B-Instruct,extension,discovery,H1,easy | neutral,DGS-020,easy,easy__malfunctioning_always_fail__neutral,measured,easy__accurate__neutral,measured,10.625000121828634,11.62500023973189,,,-1.0000001179032552,-1.0000001179032552,-1.0000001179032552,-1.0000001179032552
meta-llama/Llama-3.1-8B-Instruct,extension,discovery,H1,easy | neutral,DGS-026,easy,easy__malfunctioning_always_fail__neutral,measured,easy__accurate__neutral,measured,2.8750000670552254,12.375000238696884,,,-9.500000171641659,-9.500000171641659,-9.500000171641659,-9.500000171641659
meta-llama/Llama-3.1-8B-Instruct,extension,discovery,H1,easy | neutral,DGS-028,easy,easy__malfunctioning_always_fail__neutral,measured,easy__accurate__neutral,measured,7.125000172527507,13.999999643150659,,,-6.874999470623152,-6.874999470623152,-6.874999470623152,-6.874999470623152
meta-llama/Llama-3.1-8B-Instruct,extension,discovery,H1,easy | neutral,DGS-034,easy,easy__malfunctioning_always_fail__neutral,measured,easy__accurate__neutral,measured,,13.874999523945007,non_answer,,,-13.874999523945007,-4.499999872841727,0.5000007145172276
meta-llama/Llama-3.1-8B-Instruct,extension,discovery,H1,easy | neutral,DGS-035,easy,easy__malfunctioning_always_fail__neutral,measured,easy__accurate__neutral,measured,2.9999999217689037,9.375000246436684,,,-6.375000324667781,-6.375000324667781,-6.375000324667781,-6.375000324667781
meta-llama/Llama-3.1-8B-Instruct,extension,discovery,H1_hard,hard | neutral,DGS-005,hard,hard__malfunctioning_always_fail__neutral,measured,hard__accurate__neutral,measured,,11.124999881521944,non_answer,,,-11.124999881521944,-1.7500002304186637,3.2500003569402907
meta-llama/Llama-3.1-8B-Instruct,extension,discovery,H1_hard,hard | neutral,DGS-007,hard,hard__malfunctioning_always_fail__neutral,measured,hard__accurate__neutral,measured,7.250000016996637,11.375000124207872,,,-4.1250001072112354,-4.1250001072112354,-4.1250001072112354,-4.1250001072112354
meta-llama/Llama-3.1-8B-Instruct,extension,discovery,H1_hard,hard | neutral,DGS-014,hard,hard__malfunctioning_always_fail__neutral,measured,hard__accurate__neutral,measured,,,non_answer,non_answer,,0.0,-5.000000587358954,5.000000587358954
meta-llama/Llama-3.1-8B-Instruct,extension,discovery,H1_hard,hard | neutral,DGS-015,hard,hard__malfunctioning_always_fail__neutral,measured,hard__accurate__neutral,measured,,,non_answer,non_answer,,0.0,-5.000000587358954,5.000000587358954
meta-llama/Llama-3.1-8B-Instruct,extension,discovery,H1_hard,hard | neutral,DGS-022,hard,hard__malfunctioning_always_fail__neutral,measured,hard__accurate__neutral,measured,,12.25000028667273,non_answer,,,-12.25000028667273,-2.8750006355694495,2.124999951789505
meta-llama/Llama-3.1-8B-Instruct,extension,discovery,H1_hard,hard | neutral,DGS-023,hard,hard__malfunctioning_always_fail__neutral,measured,hard__accurate__neutral,measured,,11.250000361869752,non_answer,,,-11.250000361869752,-1.8750007107664715,3.124999876592483
meta-llama/Llama-3.1-8B-Instruct,extension,discovery,H1_hard,hard | neutral,DGS-030,hard,hard__malfunctioning_always_fail__neutral,measured,hard__accurate__neutral,measured,,10.375000240266672,non_answer,,,-10.375000240266672,-1.0000005891633919,3.9999999981955625
meta-llama/Llama-3.1-8B-Instruct,extension,discovery,H1_hard,hard | neutral,DGS-032,hard,hard__malfunctioning_always_fail__neutral,measured,hard__accurate__neutral,measured,8.87499996725819,9.37499965110328,,,-0.49999968384508975,-0.49999968384508975,-0.49999968384508975,-0.49999968384508975
meta-llama/Llama-3.1-8B-Instruct,extension,discovery,H1_hard,hard | neutral,DGS-037,hard,hard__malfunctioning_always_fail__neutral,measured,hard__accurate__neutral,measured,7.750000010826625,12.750000129977707,,,-5.000000119151082,-5.000000119151082,-5.000000119151082,-5.000000119151082
meta-llama/Llama-3.1-8B-Instruct,extension,discovery,H1_hard,hard | neutral,DGS-038,hard,hard__malfunctioning_always_fail__neutral,measured,hard__accurate__neutral,measured,7.875000211410224,14.12500035841731,,,-6.250000147007086,-6.250000147007086,-6.250000147007086,-6.250000147007086
meta-llama/Llama-3.1-8B-Instruct,extension,discovery,H2a,easy | accurate,DGS-003,easy,easy__accurate__hostile,measured,easy__accurate__neutral,measured,9.375000427360646,9.874999913474312,,,-0.4999994861136656,-0.4999994861136656,-0.4999994861136656,-0.4999994861136656
meta-llama/Llama-3.1-8B-Instruct,extension,discovery,H2a,easy | accurate,DGS-004,easy,easy__accurate__hostile,measured,easy__accurate__neutral,measured,11.000000149215339,11.750000247426215,,,-0.7500000982108759,-0.7500000982108759,-0.7500000982108759,-0.7500000982108759
meta-llama/Llama-3.1-8B-Instruct,extension,discovery,H2a,easy | accurate,DGS-010,easy,easy__accurate__hostile,measured,easy__accurate__neutral,measured,12.375000240826921,14.375000238462235,,,-1.9999999976353138,-1.9999999976353138,-1.9999999976353138,-1.9999999976353138
meta-llama/Llama-3.1-8B-Instruct,extension,discovery,H2a,easy | accurate,DGS-012,easy,easy__accurate__hostile,measured,easy__accurate__neutral,measured,-6.374999855645001,10.999999765124812,,,-17.374999620769813,-17.374999620769813,-17.374999620769813,-17.374999620769813
meta-llama/Llama-3.1-8B-Instruct,extension,discovery,H2a,easy | accurate,DGS-018,easy,easy__accurate__hostile,measured,easy__accurate__neutral,measured,9.499999714171281,12.500000239328074,,,-3.0000005251567927,-3.0000005251567927,-3.0000005251567927,-3.0000005251567927
meta-llama/Llama-3.1-8B-Instruct,extension,discovery,H2a,easy | accurate,DGS-020,easy,easy__accurate__hostile,measured,easy__accurate__neutral,measured,12.62500012313103,11.62500023973189,,,0.9999998833991413,0.9999998833991413,0.9999998833991413,0.9999998833991413
meta-llama/Llama-3.1-8B-Instruct,extension,discovery,H2a,easy | accurate,DGS-026,easy,easy__accurate__hostile,measured,easy__accurate__neutral,measured,10.999999763640517,12.375000238696884,,,-1.3750004750563676,-1.3750004750563676,-1.3750004750563676,-1.3750004750563676
meta-llama/Llama-3.1-8B-Instruct,extension,discovery,H2a,easy | accurate,DGS-028,easy,easy__accurate__hostile,measured,easy__accurate__neutral,measured,13.500000253610779,13.999999643150659,,,-0.4999993895398802,-0.4999993895398802,-0.4999993895398802,-0.4999993895398802
meta-llama/Llama-3.1-8B-Instruct,extension,discovery,H2a,easy | accurate,DGS-034,easy,easy__accurate__hostile,measured,easy__accurate__neutral,measured,12.125000122039637,13.874999523945007,,,-1.7499994019053702,-1.7499994019053702,-1.7499994019053702,-1.7499994019053702
meta-llama/Llama-3.1-8B-Instruct,extension,discovery,H2a,easy | accurate,DGS-035,easy,easy__accurate__hostile,measured,easy__accurate__neutral,measured,8.500000172964064,9.375000246436684,,,-0.87500007347262,-0.87500007347262,-0.87500007347262,-0.87500007347262
meta-llama/Llama-3.1-8B-Instruct,extension,discovery,H2b,hard | accurate,DGS-005,hard,hard__accurate__hostile,measured,hard__accurate__neutral,measured,9.875000244937837,11.124999881521944,,,-1.249999636584107,-1.249999636584107,-1.249999636584107,-1.249999636584107
meta-llama/Llama-3.1-8B-Instruct,extension,discovery,H2b,hard | accurate,DGS-007,hard,hard__accurate__hostile,measured,hard__accurate__neutral,measured,9.749999887797458,11.375000124207872,,,-1.6250002364104148,-1.6250002364104148,-1.6250002364104148,-1.6250002364104148
meta-llama/Llama-3.1-8B-Instruct,extension,discovery,H2b,hard | accurate,DGS-014,hard,hard__accurate__hostile,measured,hard__accurate__neutral,measured,,,non_answer,non_answer,,0.0,-5.000000587358954,5.000000587358954
meta-llama/Llama-3.1-8B-Instruct,extension,discovery,H2b,hard | accurate,DGS-015,hard,hard__accurate__hostile,measured,hard__accurate__neutral,measured,,,non_answer,non_answer,,0.0,-5.000000587358954,5.000000587358954
meta-llama/Llama-3.1-8B-Instruct,extension,discovery,H2b,hard | accurate,DGS-022,hard,hard__accurate__hostile,measured,hard__accurate__neutral,measured,11.875000104744686,12.25000028667273,,,-0.3750001819280442,-0.3750001819280442,-0.3750001819280442,-0.3750001819280442
meta-llama/Llama-3.1-8B-Instruct,extension,discovery,H2b,hard | accurate,DGS-023,hard,hard__accurate__hostile,measured,hard__accurate__neutral,measured,12.25000012772216,11.250000361869752,,,0.999999765852408,0.999999765852408,0.999999765852408,0.999999765852408
meta-llama/Llama-3.1-8B-Instruct,extension,discovery,H2b,hard | accurate,DGS-030,hard,hard__accurate__hostile,measured,hard__accurate__neutral,measured,10.500000016763806,10.375000240266672,,,0.12499977649713401,0.12499977649713401,0.12499977649713401,0.12499977649713401
meta-llama/Llama-3.1-8B-Instruct,extension,discovery,H2b,hard | accurate,DGS-032,hard,hard__accurate__hostile,measured,hard__accurate__neutral,measured,8.375000038999133,9.37499965110328,,,-0.9999996121041477,-0.9999996121041477,-0.9999996121041477,-0.9999996121041477
meta-llama/Llama-3.1-8B-Instruct,extension,discovery,H2b,hard | accurate,DGS-037,hard,hard__accurate__hostile,measured,hard__accurate__neutral,measured,11.500000084837666,12.750000129977707,,,-1.250000045140041,-1.250000045140041,-1.250000045140041,-1.250000045140041
meta-llama/Llama-3.1-8B-Instruct,extension,discovery,H2b,hard | accurate,DGS-038,hard,hard__accurate__hostile,measured,hard__accurate__neutral,measured,13.124999762683728,14.12500035841731,,,-1.0000005957335816,-1.0000005957335816,-1.0000005957335816,-1.0000005957335816
meta-llama/Llama-3.1-8B-Instruct,extension,discovery,tone_pooled,easy+hard | accurate,DGS-003,easy,easy__accurate__hostile,measured,easy__accurate__neutral,measured,9.375000427360646,9.874999913474312,,,-0.4999994861136656,-0.4999994861136656,-0.4999994861136656,-0.4999994861136656
meta-llama/Llama-3.1-8B-Instruct,extension,discovery,tone_pooled,easy+hard | accurate,DGS-004,easy,easy__accurate__hostile,measured,easy__accurate__neutral,measured,11.000000149215339,11.750000247426215,,,-0.7500000982108759,-0.7500000982108759,-0.7500000982108759,-0.7500000982108759
meta-llama/Llama-3.1-8B-Instruct,extension,discovery,tone_pooled,easy+hard | accurate,DGS-010,easy,easy__accurate__hostile,measured,easy__accurate__neutral,measured,12.375000240826921,14.375000238462235,,,-1.9999999976353138,-1.9999999976353138,-1.9999999976353138,-1.9999999976353138
meta-llama/Llama-3.1-8B-Instruct,extension,discovery,tone_pooled,easy+hard | accurate,DGS-012,easy,easy__accurate__hostile,measured,easy__accurate__neutral,measured,-6.374999855645001,10.999999765124812,,,-17.374999620769813,-17.374999620769813,-17.374999620769813,-17.374999620769813
meta-llama/Llama-3.1-8B-Instruct,extension,discovery,tone_pooled,easy+hard | accurate,DGS-018,easy,easy__accurate__hostile,measured,easy__accurate__neutral,measured,9.499999714171281,12.500000239328074,,,-3.0000005251567927,-3.0000005251567927,-3.0000005251567927,-3.0000005251567927
meta-llama/Llama-3.1-8B-Instruct,extension,discovery,tone_pooled,easy+hard | accurate,DGS-020,easy,easy__accurate__hostile,measured,easy__accurate__neutral,measured,12.62500012313103,11.62500023973189,,,0.9999998833991413,0.9999998833991413,0.9999998833991413,0.9999998833991413
meta-llama/Llama-3.1-8B-Instruct,extension,discovery,tone_pooled,easy+hard | accurate,DGS-026,easy,easy__accurate__hostile,measured,easy__accurate__neutral,measured,10.999999763640517,12.375000238696884,,,-1.3750004750563676,-1.3750004750563676,-1.3750004750563676,-1.3750004750563676
meta-llama/Llama-3.1-8B-Instruct,extension,discovery,tone_pooled,easy+hard | accurate,DGS-028,easy,easy__accurate__hostile,measured,easy__accurate__neutral,measured,13.500000253610779,13.999999643150659,,,-0.4999993895398802,-0.4999993895398802,-0.4999993895398802,-0.4999993895398802
meta-llama/Llama-3.1-8B-Instruct,extension,discovery,tone_pooled,easy+hard | accurate,DGS-034,easy,easy__accurate__hostile,measured,easy__accurate__neutral,measured,12.125000122039637,13.874999523945007,,,-1.7499994019053702,-1.7499994019053702,-1.7499994019053702,-1.7499994019053702
meta-llama/Llama-3.1-8B-Instruct,extension,discovery,tone_pooled,easy+hard | accurate,DGS-035,easy,easy__accurate__hostile,measured,easy__accurate__neutral,measured,8.500000172964064,9.375000246436684,,,-0.87500007347262,-0.87500007347262,-0.87500007347262,-0.87500007347262
meta-llama/Llama-3.1-8B-Instruct,extension,discovery,tone_pooled,easy+hard | accurate,DGS-005,hard,hard__accurate__hostile,measured,hard__accurate__neutral,measured,9.875000244937837,11.124999881521944,,,-1.249999636584107,-1.249999636584107,-1.249999636584107,-1.249999636584107
meta-llama/Llama-3.1-8B-Instruct,extension,discovery,tone_pooled,easy+hard | accurate,DGS-007,hard,hard__accurate__hostile,measured,hard__accurate__neutral,measured,9.749999887797458,11.375000124207872,,,-1.6250002364104148,-1.6250002364104148,-1.6250002364104148,-1.6250002364104148
meta-llama/Llama-3.1-8B-Instruct,extension,discovery,tone_pooled,easy+hard | accurate,DGS-014,hard,hard__accurate__hostile,measured,hard__accurate__neutral,measured,,,non_answer,non_answer,,0.0,-5.000000587358954,5.000000587358954
meta-llama/Llama-3.1-8B-Instruct,extension,discovery,tone_pooled,easy+hard | accurate,DGS-015,hard,hard__accurate__hostile,measured,hard__accurate__neutral,measured,,,non_answer,non_answer,,0.0,-5.000000587358954,5.000000587358954
meta-llama/Llama-3.1-8B-Instruct,extension,discovery,tone_pooled,easy+hard | accurate,DGS-022,hard,hard__accurate__hostile,measured,hard__accurate__neutral,measured,11.875000104744686,12.25000028667273,,,-0.3750001819280442,-0.3750001819280442,-0.3750001819280442,-0.3750001819280442
meta-llama/Llama-3.1-8B-Instruct,extension,discovery,tone_pooled,easy+hard | accurate,DGS-023,hard,hard__accurate__hostile,measured,hard__accurate__neutral,measured,12.25000012772216,11.250000361869752,,,0.999999765852408,0.999999765852408,0.999999765852408,0.999999765852408
meta-llama/Llama-3.1-8B-Instruct,extension,discovery,tone_pooled,easy+hard | accurate,DGS-030,hard,hard__accurate__hostile,measured,hard__accurate__neutral,measured,10.500000016763806,10.375000240266672,,,0.12499977649713401,0.12499977649713401,0.12499977649713401,0.12499977649713401
meta-llama/Llama-3.1-8B-Instruct,extension,discovery,tone_pooled,easy+hard | accurate,DGS-032,hard,hard__accurate__hostile,measured,hard__accurate__neutral,measured,8.375000038999133,9.37499965110328,,,-0.9999996121041477,-0.9999996121041477,-0.9999996121041477,-0.9999996121041477
meta-llama/Llama-3.1-8B-Instruct,extension,discovery,tone_pooled,easy+hard | accurate,DGS-037,hard,hard__accurate__hostile,measured,hard__accurate__neutral,measured,11.500000084837666,12.750000129977707,,,-1.250000045140041,-1.250000045140041,-1.250000045140041,-1.250000045140041
meta-llama/Llama-3.1-8B-Instruct,extension,discovery,tone_pooled,easy+hard | accurate,DGS-038,hard,hard__accurate__hostile,measured,hard__accurate__neutral,measured,13.124999762683728,14.12500035841731,,,-1.0000005957335816,-1.0000005957335816,-1.0000005957335816,-1.0000005957335816
meta-llama/Llama-3.1-8B-Instruct,extension,discovery,H3a,"easy | accurate, neutral",DGS-003,easy,easy__accurate__neutral,onset,easy__accurate__neutral,measured,7.374999823630787,9.874999913474312,,,-2.5000000898435246,-2.5000000898435246,-2.5000000898435246,-2.5000000898435246
meta-llama/Llama-3.1-8B-Instruct,extension,discovery,H3a,"easy | accurate, neutral",DGS-004,easy,easy__accurate__neutral,onset,easy__accurate__neutral,measured,10.125000146246748,11.750000247426215,,,-1.6250001011794666,-1.6250001011794666,-1.6250001011794666,-1.6250001011794666
meta-llama/Llama-3.1-8B-Instruct,extension,discovery,H3a,"easy | accurate, neutral",DGS-010,easy,easy__accurate__neutral,onset,easy__accurate__neutral,measured,13.00000023857865,14.375000238462235,,,-1.3749999998835847,-1.3749999998835847,-1.3749999998835847,-1.3749999998835847
meta-llama/Llama-3.1-8B-Instruct,extension,discovery,H3a,"easy | accurate, neutral",DGS-012,easy,easy__accurate__neutral,onset,easy__accurate__neutral,measured,8.249999966705218,10.999999765124812,,,-2.7499997984195943,-2.7499997984195943,-2.7499997984195943,-2.7499997984195943
meta-llama/Llama-3.1-8B-Instruct,extension,discovery,H3a,"easy | accurate, neutral",DGS-018,easy,easy__accurate__neutral,onset,easy__accurate__neutral,measured,9.874999778563506,12.500000239328074,,,-2.625000460764568,-2.625000460764568,-2.625000460764568,-2.625000460764568
meta-llama/Llama-3.1-8B-Instruct,extension,discovery,H3a,"easy | accurate, neutral",DGS-020,easy,easy__accurate__neutral,onset,easy__accurate__neutral,measured,9.87499953637598,11.62500023973189,,,-1.7500007033559086,-1.7500007033559086,-1.7500007033559086,-1.7500007033559086
meta-llama/Llama-3.1-8B-Instruct,extension,discovery,H3a,"easy | accurate, neutral",DGS-026,easy,easy__accurate__neutral,onset,easy__accurate__neutral,measured,11.999999881203621,12.375000238696884,,,-0.37500035749326344,-0.37500035749326344,-0.37500035749326344,-0.37500035749326344
meta-llama/Llama-3.1-8B-Instruct,extension,discovery,H3a,"easy | accurate, neutral",DGS-028,easy,easy__accurate__neutral,onset,easy__accurate__neutral,measured,12.874999784849933,13.999999643150659,,,-1.1249998583007255,-1.1249998583007255,-1.1249998583007255,-1.1249998583007255
meta-llama/Llama-3.1-8B-Instruct,extension,discovery,H3a,"easy | accurate, neutral",DGS-034,easy,easy__accurate__neutral,onset,easy__accurate__neutral,measured,12.124999647909135,13.874999523945007,,,-1.7499998760358721,-1.7499998760358721,-1.7499998760358721,-1.7499998760358721
meta-llama/Llama-3.1-8B-Instruct,extension,discovery,H3a,"easy | accurate, neutral",DGS-035,easy,easy__accurate__neutral,onset,easy__accurate__neutral,measured,7.249999842315447,9.375000246436684,,,-2.125000404121238,-2.125000404121238,-2.125000404121238,-2.125000404121238
meta-llama/Llama-3.1-8B-Instruct,extension,discovery,H3b,"easy | accurate, hostile",DGS-003,easy,easy__accurate__hostile,onset,easy__accurate__hostile,measured,8.125000475905836,9.375000427360646,,,-1.2499999514548108,-1.2499999514548108,-1.2499999514548108,-1.2499999514548108
meta-llama/Llama-3.1-8B-Instruct,extension,discovery,H3b,"easy | accurate, hostile",DGS-004,easy,easy__accurate__hostile,onset,easy__accurate__hostile,measured,9.62500015902333,11.000000149215339,,,-1.3749999901920091,-1.3749999901920091,-1.3749999901920091,-1.3749999901920091
meta-llama/Llama-3.1-8B-Instruct,extension,discovery,H3b,"easy | accurate, hostile",DGS-010,easy,easy__accurate__hostile,onset,easy__accurate__hostile,measured,10.624999529019988,12.375000240826921,,,-1.7500007118069334,-1.7500007118069334,-1.7500007118069334,-1.7500007118069334
meta-llama/Llama-3.1-8B-Instruct,extension,discovery,H3b,"easy | accurate, hostile",DGS-012,easy,easy__accurate__hostile,onset,easy__accurate__hostile,measured,-4.1249998435378075,-6.374999855645001,,,2.2500000121071935,2.2500000121071935,2.2500000121071935,2.2500000121071935
meta-llama/Llama-3.1-8B-Instruct,extension,discovery,H3b,"easy | accurate, hostile",DGS-018,easy,easy__accurate__hostile,onset,easy__accurate__hostile,measured,4.750000089406967,9.499999714171281,,,-4.749999624764314,-4.749999624764314,-4.749999624764314,-4.749999624764314
meta-llama/Llama-3.1-8B-Instruct,extension,discovery,H3b,"easy | accurate, hostile",DGS-020,easy,easy__accurate__hostile,onset,easy__accurate__hostile,measured,11.124999769410351,12.62500012313103,,,-1.5000003537206794,-1.5000003537206794,-1.5000003537206794,-1.5000003537206794
meta-llama/Llama-3.1-8B-Instruct,extension,discovery,H3b,"easy | accurate, hostile",DGS-026,easy,easy__accurate__hostile,onset,easy__accurate__hostile,measured,7.500000112573616,10.999999763640517,,,-3.4999996510669007,-3.4999996510669007,-3.4999996510669007,-3.4999996510669007
meta-llama/Llama-3.1-8B-Instruct,extension,discovery,H3b,"easy | accurate, hostile",DGS-028,easy,easy__accurate__hostile,onset,easy__accurate__hostile,measured,11.062499956751708,13.500000253610779,,,-2.4375002968590707,-2.4375002968590707,-2.4375002968590707,-2.4375002968590707
meta-llama/Llama-3.1-8B-Instruct,extension,discovery,H3b,"easy | accurate, hostile",DGS-034,easy,easy__accurate__hostile,onset,easy__accurate__hostile,measured,11.875000001047738,12.125000122039637,,,-0.25000012099189917,-0.25000012099189917,-0.25000012099189917,-0.25000012099189917
meta-llama/Llama-3.1-8B-Instruct,extension,discovery,H3b,"easy | accurate, hostile",DGS-035,easy,easy__accurate__hostile,onset,easy__accurate__hostile,measured,8.375000188301783,8.500000172964064,,,-0.12499998466228135,-0.12499998466228135,-0.12499998466228135,-0.12499998466228135
google/gemma-2-9b-it,primary,holdout,H1,easy | neutral,DGS-001,easy,easy__malfunctioning_always_fail__neutral,measured,easy__accurate__neutral,measured,12.437499891588232,14.624999763822416,,,-2.1874998722341843,-2.1874998722341843,-2.1874998722341843,-2.1874998722341843
google/gemma-2-9b-it,primary,holdout,H1,easy | neutral,DGS-002,easy,easy__malfunctioning_always_fail__neutral,measured,easy__accurate__neutral,measured,7.562499861465767,13.749999644889613,,,-6.187499783423846,-6.187499783423846,-6.187499783423846,-6.187499783423846
google/gemma-2-9b-it,primary,holdout,H1,easy | neutral,DGS-009,easy,easy__malfunctioning_always_fail__neutral,measured,easy__accurate__neutral,measured,12.999999739549821,15.062499762731022,,,-2.062500023181201,-2.062500023181201,-2.062500023181201,-2.062500023181201
google/gemma-2-9b-it,primary,holdout,H1,easy | neutral,DGS-011,easy,easy__malfunctioning_always_fail__neutral,measured,easy__accurate__neutral,measured,14.625000132029527,14.937500131127308,,,-0.31249999909778126,-0.31249999909778126,-0.31249999909778126,-0.31249999909778126
google/gemma-2-9b-it,primary,holdout,H1,easy | neutral,DGS-017,easy,easy__malfunctioning_always_fail__neutral,measured,easy__accurate__neutral,measured,12.50000037071004,15.531249643667252,,,-3.0312492729572114,-3.0312492729572114,-3.0312492729572114,-3.0312492729572114
google/gemma-2-9b-it,primary,holdout,H1,easy | neutral,DGS-019,easy,easy__malfunctioning_always_fail__neutral,measured,easy__accurate__neutral,measured,13.124999882173142,15.375000357753379,,,-2.2500004755802365,-2.2500004755802365,-2.2500004755802365,-2.2500004755802365
google/gemma-2-9b-it,primary,holdout,H1,easy | neutral,DGS-025,easy,easy__malfunctioning_always_fail__neutral,measured,easy__accurate__neutral,measured,11.875000449130312,12.750000148749677,,,-0.8749996996193659,-0.8749996996193659,-0.8749996996193659,-0.8749996996193659
google/gemma-2-9b-it,primary,holdout,H1,easy | neutral,DGS-027,easy,easy__malfunctioning_always_fail__neutral,measured,easy__accurate__neutral,measured,9.12499998183921,14.18750024572364,,,-5.062500263884431,-5.062500263884431,-5.062500263884431,-5.062500263884431
google/gemma-2-9b-it,primary,holdout,H1,easy | neutral,DGS-033,easy,easy__malfunctioning_always_fail__neutral,measured,easy__accurate__neutral,measured,13.12499977684638,16.218749404702976,,,-3.093749627856596,-3.093749627856596,-3.093749627856596,-3.093749627856596
google/gemma-2-9b-it,primary,holdout,H1,easy | neutral,DGS-036,easy,easy__malfunctioning_always_fail__neutral,measured,easy__accurate__neutral,measured,10.687500164203811,14.624999884006684,,,-3.9374997198028723,-3.9374997198028723,-3.9374997198028723,-3.9374997198028723
google/gemma-2-9b-it,primary,holdout,H1_hard,hard | neutral,DGS-006,hard,hard__malfunctioning_always_fail__neutral,measured,hard__accurate__neutral,measured,11.999999886924343,14.687499643187039,,,-2.687499756262696,-2.687499756262696,-2.687499756262696,-2.687499756262696
google/gemma-2-9b-it,primary,holdout,H1_hard,hard | neutral,DGS-008,hard,hard__malfunctioning_always_fail__neutral,measured,hard__accurate__neutral,measured,9.374999725143425,14.81250000269938,,,-5.437500277555955,-5.437500277555955,-5.437500277555955,-5.437500277555955
google/gemma-2-9b-it,primary,holdout,H1_hard,hard | neutral,DGS-013,hard,hard__malfunctioning_always_fail__neutral,measured,hard__accurate__neutral,measured,-11.562500449537765,-7.12499990966171,,,-4.437500539876055,-4.437500539876055,-4.437500539876055,-4.437500539876055
google/gemma-2-9b-it,primary,holdout,H1_hard,hard | neutral,DGS-016,hard,hard__malfunctioning_always_fail__neutral,measured,hard__accurate__neutral,measured,9.56250000797445,14.437499881321855,,,-4.874999873347406,-4.874999873347406,-4.874999873347406,-4.874999873347406
google/gemma-2-9b-it,primary,holdout,H1_hard,hard | neutral,DGS-021,hard,hard__malfunctioning_always_fail__neutral,measured,hard__accurate__neutral,measured,11.062500121894118,13.375000357926183,,,-2.312500236032065,-2.312500236032065,-2.312500236032065,-2.312500236032065
google/gemma-2-9b-it,primary,holdout,H1_hard,hard | neutral,DGS-024,hard,hard__malfunctioning_always_fail__neutral,measured,hard__accurate__neutral,measured,,14.125000120046025,non_answer,,,-14.125000120046025,-21.250000029707735,2.093749284656951
google/gemma-2-9b-it,primary,holdout,H1_hard,hard | neutral,DGS-029,hard,hard__malfunctioning_always_fail__neutral,measured,hard__accurate__neutral,measured,12.43750000828004,14.125000120951881,,,-1.6875001126718416,-1.6875001126718416,-1.6875001126718416,-1.6875001126718416
google/gemma-2-9b-it,primary,holdout,H1_hard,hard | neutral,DGS-031,hard,hard__malfunctioning_always_fail__neutral,measured,hard__accurate__neutral,measured,13.12499988284253,14.624999523835868,,,-1.4999996409933374,-1.4999996409933374,-1.4999996409933374,-1.4999996409933374
google/gemma-2-9b-it,primary,holdout,H1_hard,hard | neutral,DGS-039,hard,hard__malfunctioning_always_fail__neutral,measured,hard__accurate__neutral,measured,11.312500024054316,15.06250000147702,,,-3.7499999774227035,-3.7499999774227035,-3.7499999774227035,-3.7499999774227035
google/gemma-2-9b-it,primary,holdout,H1_hard,hard | neutral,DGS-040,hard,hard__malfunctioning_always_fail__neutral,measured,hard__accurate__neutral,measured,12.81250031144009,14.375000360509148,,,-1.5625000490690582,-1.5625000490690582,-1.5625000490690582,-1.5625000490690582
google/gemma-2-9b-it,primary,holdout,H2a,easy | accurate,DGS-001,easy,easy__accurate__hostile,measured,easy__accurate__neutral,measured,,14.624999763822416,non_answer,,,-14.624999763822416,-21.749999673484126,1.59374964088056
google/gemma-2-9b-it,primary,holdout,H2a,easy | accurate,DGS-002,easy,easy__accurate__hostile,measured,easy__accurate__neutral,measured,,13.749999644889613,non_answer,,,-13.749999644889613,-20.874999554551323,2.468749759813363
google/gemma-2-9b-it,primary,holdout,H2a,easy | accurate,DGS-009,easy,easy__accurate__hostile,measured,easy__accurate__neutral,measured,13.68749971894431,15.062499762731022,,,-1.375000043786713,-1.375000043786713,-1.375000043786713,-1.375000043786713
google/gemma-2-9b-it,primary,holdout,H2a,easy | accurate,DGS-011,easy,easy__accurate__hostile,measured,easy__accurate__neutral,measured,-11.312500459083822,14.937500131127308,,,-26.25000059021113,-26.25000059021113,-26.25000059021113,-26.25000059021113
google/gemma-2-9b-it,primary,holdout,H2a,easy | accurate,DGS-017,easy,easy__accurate__hostile,measured,easy__accurate__neutral,measured,14.874999648010998,15.531249643667252,,,-0.6562499956562533,-0.6562499956562533,-0.6562499956562533,-0.6562499956562533
google/gemma-2-9b-it,primary,holdout,H2a,easy | accurate,DGS-019,easy,easy__accurate__hostile,measured,easy__accurate__neutral,measured,-12.437499682302587,15.375000357753379,,,-27.812500040055966,-27.812500040055966,-27.812500040055966,-27.812500040055966
google/gemma-2-9b-it,primary,holdout,H2a,easy | accurate,DGS-025,easy,easy__accurate__hostile,measured,easy__accurate__neutral,measured,-12.68750037276186,12.750000148749677,,,-25.437500521511538,-25.437500521511538,-25.437500521511538,-25.437500521511538
google/gemma-2-9b-it,primary,holdout,H2a,easy | accurate,DGS-027,easy,easy__accurate__hostile,measured,easy__accurate__neutral,measured,11.124999807914719,14.18750024572364,,,-3.0625004378089216,-3.0625004378089216,-3.0625004378089216,-3.0625004378089216
google/gemma-2-9b-it,primary,holdout,H2a,easy | accurate,DGS-033,easy,easy__accurate__hostile,measured,easy__accurate__neutral,measured,-12.124999592429958,16.218749404702976,,,-28.343748997132934,-28.343748997132934,-28.343748997132934,-28.343748997132934
google/gemma-2-9b-it,primary,holdout,H2a,easy | accurate,DGS-036,easy,easy__accurate__hostile,measured,easy__accurate__neutral,measured,,14.624999884006684,non_answer,,,-14.624999884006684,-21.749999793668394,1.5937495206962922
google/gemma-2-9b-it,primary,holdout,H2b,hard | accurate,DGS-006,hard,hard__accurate__hostile,measured,hard__accurate__neutral,measured,13.250000369211193,14.687499643187039,,,-1.4374992739758454,-1.4374992739758454,-1.4374992739758454,-1.4374992739758454
google/gemma-2-9b-it,primary,holdout,H2b,hard | accurate,DGS-008,hard,hard__accurate__hostile,measured,hard__accurate__neutral,measured,12.87500019519939,14.81250000269938,,,-1.9374998074999894,-1.9374998074999894,-1.9374998074999894,-1.9374998074999894
google/gemma-2-9b-it,primary,holdout,H2b,hard | accurate,DGS-013,hard,hard__accurate__hostile,measured,hard__accurate__neutral,measured,-12.937499782448867,-7.12499990966171,,,-5.812499872787157,-5.812499872787157,-5.812499872787157,-5.812499872787157
google/gemma-2-9b-it,primary,holdout,H2b,hard | accurate,DGS-016,hard,hard__accurate__hostile,measured,hard__accurate__neutral,measured,11.062499941064743,14.437499881321855,,,-3.374999940257112,-3.374999940257112,-3.374999940257112,-3.374999940257112
google/gemma-2-9b-it,primary,holdout,H2b,hard | accurate,DGS-021,hard,hard__accurate__hostile,measured,hard__accurate__neutral,measured,12.874999526968168,13.375000357926183,,,-0.5000008309580153,-0.5000008309580153,-0.5000008309580153,-0.5000008309580153
google/gemma-2-9b-it,primary,holdout,H2b,hard | accurate,DGS-024,hard,hard__accurate__hostile,measured,hard__accurate__neutral,measured,-11.68750040177838,14.125000120046025,,,-25.812500521824404,-25.812500521824404,-25.812500521824404,-25.812500521824404
google/gemma-2-9b-it,primary,holdout,H2b,hard | accurate,DGS-029,hard,hard__accurate__hostile,measured,hard__accurate__neutral,measured,13.062499767518602,14.125000120951881,,,-1.062500353433279,-1.062500353433279,-1.062500353433279,-1.062500353433279
google/gemma-2-9b-it,primary,holdout,H2b,hard | accurate,DGS-031,hard,hard__accurate__hostile,measured,hard__accurate__neutral,measured,-14.312500218278728,14.624999523835868,,,-28.937499742114596,-28.937499742114596,-28.937499742114596,-28.937499742114596
google/gemma-2-9b-it,primary,holdout,H2b,hard | accurate,DGS-039,hard,hard__accurate__hostile,measured,hard__accurate__neutral,measured,,15.06250000147702,non_answer,,,-15.06250000147702,-22.18749991113873,1.1562494032259565
google/gemma-2-9b-it,primary,holdout,H2b,hard | accurate,DGS-040,hard,hard__accurate__hostile,measured,hard__accurate__neutral,measured,12.437499949970515,14.375000360509148,,,-1.9375004105386324,-1.9375004105386324,-1.9375004105386324,-1.9375004105386324
google/gemma-2-9b-it,primary,holdout,tone_pooled,easy+hard | accurate,DGS-001,easy,easy__accurate__hostile,measured,easy__accurate__neutral,measured,,14.624999763822416,non_answer,,,-14.624999763822416,-21.749999673484126,1.59374964088056
google/gemma-2-9b-it,primary,holdout,tone_pooled,easy+hard | accurate,DGS-002,easy,easy__accurate__hostile,measured,easy__accurate__neutral,measured,,13.749999644889613,non_answer,,,-13.749999644889613,-20.874999554551323,2.468749759813363
google/gemma-2-9b-it,primary,holdout,tone_pooled,easy+hard | accurate,DGS-009,easy,easy__accurate__hostile,measured,easy__accurate__neutral,measured,13.68749971894431,15.062499762731022,,,-1.375000043786713,-1.375000043786713,-1.375000043786713,-1.375000043786713
google/gemma-2-9b-it,primary,holdout,tone_pooled,easy+hard | accurate,DGS-011,easy,easy__accurate__hostile,measured,easy__accurate__neutral,measured,-11.312500459083822,14.937500131127308,,,-26.25000059021113,-26.25000059021113,-26.25000059021113,-26.25000059021113
google/gemma-2-9b-it,primary,holdout,tone_pooled,easy+hard | accurate,DGS-017,easy,easy__accurate__hostile,measured,easy__accurate__neutral,measured,14.874999648010998,15.531249643667252,,,-0.6562499956562533,-0.6562499956562533,-0.6562499956562533,-0.6562499956562533
google/gemma-2-9b-it,primary,holdout,tone_pooled,easy+hard | accurate,DGS-019,easy,easy__accurate__hostile,measured,easy__accurate__neutral,measured,-12.437499682302587,15.375000357753379,,,-27.812500040055966,-27.812500040055966,-27.812500040055966,-27.812500040055966
google/gemma-2-9b-it,primary,holdout,tone_pooled,easy+hard | accurate,DGS-025,easy,easy__accurate__hostile,measured,easy__accurate__neutral,measured,-12.68750037276186,12.750000148749677,,,-25.437500521511538,-25.437500521511538,-25.437500521511538,-25.437500521511538
google/gemma-2-9b-it,primary,holdout,tone_pooled,easy+hard | accurate,DGS-027,easy,easy__accurate__hostile,measured,easy__accurate__neutral,measured,11.124999807914719,14.18750024572364,,,-3.0625004378089216,-3.0625004378089216,-3.0625004378089216,-3.0625004378089216
google/gemma-2-9b-it,primary,holdout,tone_pooled,easy+hard | accurate,DGS-033,easy,easy__accurate__hostile,measured,easy__accurate__neutral,measured,-12.124999592429958,16.218749404702976,,,-28.343748997132934,-28.343748997132934,-28.343748997132934,-28.343748997132934
google/gemma-2-9b-it,primary,holdout,tone_pooled,easy+hard | accurate,DGS-036,easy,easy__accurate__hostile,measured,easy__accurate__neutral,measured,,14.624999884006684,non_answer,,,-14.624999884006684,-21.749999793668394,1.5937495206962922
google/gemma-2-9b-it,primary,holdout,tone_pooled,easy+hard | accurate,DGS-006,hard,hard__accurate__hostile,measured,hard__accurate__neutral,measured,13.250000369211193,14.687499643187039,,,-1.4374992739758454,-1.4374992739758454,-1.4374992739758454,-1.4374992739758454
google/gemma-2-9b-it,primary,holdout,tone_pooled,easy+hard | accurate,DGS-008,hard,hard__accurate__hostile,measured,hard__accurate__neutral,measured,12.87500019519939,14.81250000269938,,,-1.9374998074999894,-1.9374998074999894,-1.9374998074999894,-1.9374998074999894
google/gemma-2-9b-it,primary,holdout,tone_pooled,easy+hard | accurate,DGS-013,hard,hard__accurate__hostile,measured,hard__accurate__neutral,measured,-12.937499782448867,-7.12499990966171,,,-5.812499872787157,-5.812499872787157,-5.812499872787157,-5.812499872787157
google/gemma-2-9b-it,primary,holdout,tone_pooled,easy+hard | accurate,DGS-016,hard,hard__accurate__hostile,measured,hard__accurate__neutral,measured,11.062499941064743,14.437499881321855,,,-3.374999940257112,-3.374999940257112,-3.374999940257112,-3.374999940257112
google/gemma-2-9b-it,primary,holdout,tone_pooled,easy+hard | accurate,DGS-021,hard,hard__accurate__hostile,measured,hard__accurate__neutral,measured,12.874999526968168,13.375000357926183,,,-0.5000008309580153,-0.5000008309580153,-0.5000008309580153,-0.5000008309580153
google/gemma-2-9b-it,primary,holdout,tone_pooled,easy+hard | accurate,DGS-024,hard,hard__accurate__hostile,measured,hard__accurate__neutral,measured,-11.68750040177838,14.125000120046025,,,-25.812500521824404,-25.812500521824404,-25.812500521824404,-25.812500521824404
google/gemma-2-9b-it,primary,holdout,tone_pooled,easy+hard | accurate,DGS-029,hard,hard__accurate__hostile,measured,hard__accurate__neutral,measured,13.062499767518602,14.125000120951881,,,-1.062500353433279,-1.062500353433279,-1.062500353433279,-1.062500353433279
google/gemma-2-9b-it,primary,holdout,tone_pooled,easy+hard | accurate,DGS-031,hard,hard__accurate__hostile,measured,hard__accurate__neutral,measured,-14.312500218278728,14.624999523835868,,,-28.937499742114596,-28.937499742114596,-28.937499742114596,-28.937499742114596
google/gemma-2-9b-it,primary,holdout,tone_pooled,easy+hard | accurate,DGS-039,hard,hard__accurate__hostile,measured,hard__accurate__neutral,measured,,15.06250000147702,non_answer,,,-15.06250000147702,-22.18749991113873,1.1562494032259565
google/gemma-2-9b-it,primary,holdout,tone_pooled,easy+hard | accurate,DGS-040,hard,hard__accurate__hostile,measured,hard__accurate__neutral,measured,12.437499949970515,14.375000360509148,,,-1.9375004105386324,-1.9375004105386324,-1.9375004105386324,-1.9375004105386324
google/gemma-2-9b-it,primary,holdout,H3a,"easy | accurate, neutral",DGS-001,easy,easy__accurate__neutral,onset,easy__accurate__neutral,measured,13.000000257859938,14.624999763822416,,,-1.624999505962478,-1.624999505962478,-1.624999505962478,-1.624999505962478
google/gemma-2-9b-it,primary,holdout,H3a,"easy | accurate, neutral",DGS-002,easy,easy__accurate__neutral,onset,easy__accurate__neutral,measured,8.43749977229163,13.749999644889613,,,-5.312499872597982,-5.312499872597982,-5.312499872597982,-5.312499872597982
google/gemma-2-9b-it,primary,holdout,H3a,"easy | accurate, neutral",DGS-009,easy,easy__accurate__neutral,onset,easy__accurate__neutral,measured,12.31249982357258,15.062499762731022,,,-2.7499999391584424,-2.7499999391584424,-2.7499999391584424,-2.7499999391584424
google/gemma-2-9b-it,primary,holdout,H3a,"easy | accurate, neutral",DGS-011,easy,easy__accurate__neutral,onset,easy__accurate__neutral,measured,12.499999829917215,14.937500131127308,,,-2.4375003012100933,-2.4375003012100933,-2.4375003012100933,-2.4375003012100933
google/gemma-2-9b-it,primary,holdout,H3a,"easy | accurate, neutral",DGS-017,easy,easy__accurate__neutral,onset,easy__accurate__neutral,measured,10.875000248313881,15.531249643667252,,,-4.65624939535337,-4.65624939535337,-4.65624939535337,-4.65624939535337
google/gemma-2-9b-it,primary,holdout,H3a,"easy | accurate, neutral",DGS-019,easy,easy__accurate__neutral,onset,easy__accurate__neutral,measured,10.937499902618583,15.375000357753379,,,-4.437500455134796,-4.437500455134796,-4.437500455134796,-4.437500455134796
google/gemma-2-9b-it,primary,holdout,H3a,"easy | accurate, neutral",DGS-025,easy,easy__accurate__neutral,onset,easy__accurate__neutral,measured,10.187499603169272,12.750000148749677,,,-2.5625005455804057,-2.5625005455804057,-2.5625005455804057,-2.5625005455804057
google/gemma-2-9b-it,primary,holdout,H3a,"easy | accurate, neutral",DGS-027,easy,easy__accurate__neutral,onset,easy__accurate__neutral,measured,8.74999987706542,14.18750024572364,,,-5.43750036865822,-5.43750036865822,-5.43750036865822,-5.43750036865822
google/gemma-2-9b-it,primary,holdout,H3a,"easy | accurate, neutral",DGS-033,easy,easy__accurate__neutral,onset,easy__accurate__neutral,measured,14.187499648323865,16.218749404702976,,,-2.031249756379111,-2.031249756379111,-2.031249756379111,-2.031249756379111
google/gemma-2-9b-it,primary,holdout,H3a,"easy | accurate, neutral",DGS-036,easy,easy__accurate__neutral,onset,easy__accurate__neutral,measured,13.687499527135515,14.624999884006684,,,-0.9375003568711691,-0.9375003568711691,-0.9375003568711691,-0.9375003568711691
google/gemma-2-9b-it,primary,holdout,H3b,"easy | accurate, hostile",DGS-001,easy,easy__accurate__hostile,onset,easy__accurate__hostile,measured,,,non_answer,non_answer,,0.0,-23.343749314364686,23.343749314364686
google/gemma-2-9b-it,primary,holdout,H3b,"easy | accurate, hostile",DGS-002,easy,easy__accurate__hostile,onset,easy__accurate__hostile,measured,,,non_answer,non_answer,,0.0,-23.343749314364686,23.343749314364686
google/gemma-2-9b-it,primary,holdout,H3b,"easy | accurate, hostile",DGS-009,easy,easy__accurate__hostile,onset,easy__accurate__hostile,measured,,13.68749971894431,non_answer,,,-13.68749971894431,-20.81249962860602,2.5312496857586666
google/gemma-2-9b-it,primary,holdout,H3b,"easy | accurate, hostile",DGS-011,easy,easy__accurate__hostile,onset,easy__accurate__hostile,measured,-9.562500137835741,-11.312500459083822,,,1.7500003212480806,1.7500003212480806,1.7500003212480806,1.7500003212480806
google/gemma-2-9b-it,primary,holdout,H3b,"easy | accurate, hostile",DGS-017,easy,easy__accurate__hostile,onset,easy__accurate__hostile,measured,11.249999951396603,14.874999648010998,,,-3.6249996966143954,-3.6249996966143954,-3.6249996966143954,-3.6249996966143954
google/gemma-2-9b-it,primary,holdout,H3b,"easy | accurate, hostile",DGS-019,easy,easy__accurate__hostile,onset,easy__accurate__hostile,measured,,-12.437499682302587,non_answer,,,12.437499682302587,5.3124997726408765,28.656249087005563
google/gemma-2-9b-it,primary,holdout,H3b,"easy | accurate, hostile",DGS-025,easy,easy__accurate__hostile,onset,easy__accurate__hostile,measured,-12.562500269152224,-12.68750037276186,,,0.12500010360963643,0.12500010360963643,0.12500010360963643,0.12500010360963643
google/gemma-2-9b-it,primary,holdout,H3b,"easy | accurate, hostile",DGS-027,easy,easy__accurate__hostile,onset,easy__accurate__hostile,measured,,11.124999807914719,non_answer,,,-11.124999807914719,-18.24999971757643,5.093749596788257
google/gemma-2-9b-it,primary,holdout,H3b,"easy | accurate, hostile",DGS-033,easy,easy__accurate__hostile,onset,easy__accurate__hostile,measured,-11.687499995110556,-12.124999592429958,,,0.4374995973194018,0.4374995973194018,0.4374995973194018,0.4374995973194018
google/gemma-2-9b-it,primary,holdout,H3b,"easy | accurate, hostile",DGS-036,easy,easy__accurate__hostile,onset,easy__accurate__hostile,measured,15.78125039927545,,,non_answer,,15.78125039927545,-0.43749900542752584,22.90625030893716
Qwen/Qwen2.5-3B-Instruct,control,holdout,H1,easy | neutral,DGS-001,easy,easy__malfunctioning_always_fail__neutral,measured,easy__accurate__neutral,measured,21.75,24.625,,,-2.875,-2.875,-2.875,-2.875
Qwen/Qwen2.5-3B-Instruct,control,holdout,H1,easy | neutral,DGS-002,easy,easy__malfunctioning_always_fail__neutral,measured,easy__accurate__neutral,measured,21.75,20.125,,,1.625,1.625,1.625,1.625
Qwen/Qwen2.5-3B-Instruct,control,holdout,H1,easy | neutral,DGS-009,easy,easy__malfunctioning_always_fail__neutral,measured,easy__accurate__neutral,measured,-11.749999761612344,22.375,,,-34.124999761612344,-34.124999761612344,-34.124999761612344,-34.124999761612344
Qwen/Qwen2.5-3B-Instruct,control,holdout,H1,easy | neutral,DGS-011,easy,easy__malfunctioning_always_fail__neutral,measured,easy__accurate__neutral,measured,25.75,28.5,,,-2.75,-2.75,-2.75,-2.75
Qwen/Qwen2.5-3B-Instruct,control,holdout,H1,easy | neutral,DGS-017,easy,easy__malfunctioning_always_fail__neutral,measured,easy__accurate__neutral,measured,23.875,23.75,,,0.125,0.125,0.125,0.125
Qwen/Qwen2.5-3B-Instruct,control,holdout,H1,easy | neutral,DGS-019,easy,easy__malfunctioning_always_fail__neutral,measured,easy__accurate__neutral,measured,17.125,19.0,,,-1.875,-1.875,-1.875,-1.875
Qwen/Qwen2.5-3B-Instruct,control,holdout,H1,easy | neutral,DGS-025,easy,easy__malfunctioning_always_fail__neutral,measured,easy__accurate__neutral,measured,-24.75,21.0,,,-45.75,-45.75,-45.75,-45.75
Qwen/Qwen2.5-3B-Instruct,control,holdout,H1,easy | neutral,DGS-027,easy,easy__malfunctioning_always_fail__neutral,measured,easy__accurate__neutral,measured,21.0,26.125,,,-5.125,-5.125,-5.125,-5.125
Qwen/Qwen2.5-3B-Instruct,control,holdout,H1,easy | neutral,DGS-033,easy,easy__malfunctioning_always_fail__neutral,measured,easy__accurate__neutral,measured,22.5,23.125,,,-0.625,-0.625,-0.625,-0.625
Qwen/Qwen2.5-3B-Instruct,control,holdout,H1,easy | neutral,DGS-036,easy,easy__malfunctioning_always_fail__neutral,measured,easy__accurate__neutral,measured,21.0,24.375,,,-3.375,-3.375,-3.375,-3.375
Qwen/Qwen2.5-3B-Instruct,control,holdout,H1_hard,hard | neutral,DGS-006,hard,hard__malfunctioning_always_fail__neutral,measured,hard__accurate__neutral,measured,16.875,15.24999976158145,,,1.6250002384185507,1.6250002384185507,1.6250002384185507,1.6250002384185507
Qwen/Qwen2.5-3B-Instruct,control,holdout,H1_hard,hard | neutral,DGS-008,hard,hard__malfunctioning_always_fail__neutral,measured,hard__accurate__neutral,measured,18.125,14.250000238418806,,,3.8749997615811935,3.8749997615811935,3.8749997615811935,3.8749997615811935
Qwen/Qwen2.5-3B-Instruct,control,holdout,H1_hard,hard | neutral,DGS-013,hard,hard__malfunctioning_always_fail__neutral,measured,hard__accurate__neutral,measured,-16.624999761649633,18.875,,,-35.49999976164963,-35.49999976164963,-35.49999976164963,-35.49999976164963
Qwen/Qwen2.5-3B-Instruct,control,holdout,H1_hard,hard | neutral,DGS-016,hard,hard__malfunctioning_always_fail__neutral,measured,hard__accurate__neutral,measured,-9.750000368643668,13.000000000004093,,,-22.75000036864776,-22.75000036864776,-22.75000036864776,-22.75000036864776
Qwen/Qwen2.5-3B-Instruct,control,holdout,H1_hard,hard | neutral,DGS-021,hard,hard__malfunctioning_always_fail__neutral,measured,hard__accurate__neutral,measured,15.24999976158145,19.5,,,-4.250000238418551,-4.250000238418551,-4.250000238418551,-4.250000238418551
Qwen/Qwen2.5-3B-Instruct,control,holdout,H1_hard,hard | neutral,DGS-024,hard,hard__malfunctioning_always_fail__neutral,measured,hard__accurate__neutral,measured,16.75,19.75,,,-3.0,-3.0,-3.0,-3.0
Qwen/Qwen2.5-3B-Instruct,control,holdout,H1_hard,hard | neutral,DGS-029,hard,hard__malfunctioning_always_fail__neutral,measured,hard__accurate__neutral,measured,21.125,24.25,,,-3.125,-3.125,-3.125,-3.125
Qwen/Qwen2.5-3B-Instruct,control,holdout,H1_hard,hard | neutral,DGS-031,hard,hard__malfunctioning_always_fail__neutral,measured,hard__accurate__neutral,measured,26.125,24.25,,,1.875,1.875,1.875,1.875
Qwen/Qwen2.5-3B-Instruct,control,holdout,H1_hard,hard | neutral,DGS-039,hard,hard__malfunctioning_always_fail__neutral,measured,hard__accurate__neutral,measured,23.0,19.5,,,3.5,3.5,3.5,3.5
Qwen/Qwen2.5-3B-Instruct,control,holdout,H1_hard,hard | neutral,DGS-040,hard,hard__malfunctioning_always_fail__neutral,measured,hard__accurate__neutral,measured,24.375,,,non_answer,,24.375,-4.125,11.374999999995907
Qwen/Qwen2.5-3B-Instruct,control,holdout,H2a,easy | accurate,DGS-001,easy,easy__accurate__hostile,measured,easy__accurate__neutral,measured,25.375,24.625,,,0.75,0.75,0.75,0.75
Qwen/Qwen2.5-3B-Instruct,control,holdout,H2a,easy | accurate,DGS-002,easy,easy__accurate__hostile,measured,easy__accurate__neutral,measured,19.375,20.125,,,-0.75,-0.75,-0.75,-0.75
Qwen/Qwen2.5-3B-Instruct,control,holdout,H2a,easy | accurate,DGS-009,easy,easy__accurate__hostile,measured,easy__accurate__neutral,measured,21.75,22.375,,,-0.625,-0.625,-0.625,-0.625
Qwen/Qwen2.5-3B-Instruct,control,holdout,H2a,easy | accurate,DGS-011,easy,easy__accurate__hostile,measured,easy__accurate__neutral,measured,26.0,28.5,,,-2.5,-2.5,-2.5,-2.5
Qwen/Qwen2.5-3B-Instruct,control,holdout,H2a,easy | accurate,DGS-017,easy,easy__accurate__hostile,measured,easy__accurate__neutral,measured,22.375,23.75,,,-1.375,-1.375,-1.375,-1.375
Qwen/Qwen2.5-3B-Instruct,control,holdout,H2a,easy | accurate,DGS-019,easy,easy__accurate__hostile,measured,easy__accurate__neutral,measured,19.75,19.0,,,0.75,0.75,0.75,0.75
Qwen/Qwen2.5-3B-Instruct,control,holdout,H2a,easy | accurate,DGS-025,easy,easy__accurate__hostile,measured,easy__accurate__neutral,measured,-24.75,21.0,,,-45.75,-45.75,-45.75,-45.75
Qwen/Qwen2.5-3B-Instruct,control,holdout,H2a,easy | accurate,DGS-027,easy,easy__accurate__hostile,measured,easy__accurate__neutral,measured,26.0,26.125,,,-0.125,-0.125,-0.125,-0.125
Qwen/Qwen2.5-3B-Instruct,control,holdout,H2a,easy | accurate,DGS-033,easy,easy__accurate__hostile,measured,easy__accurate__neutral,measured,23.125,23.125,,,0.0,0.0,0.0,0.0
Qwen/Qwen2.5-3B-Instruct,control,holdout,H2a,easy | accurate,DGS-036,easy,easy__accurate__hostile,measured,easy__accurate__neutral,measured,22.5,24.375,,,-1.875,-1.875,-1.875,-1.875
Qwen/Qwen2.5-3B-Instruct,control,holdout,H2b,hard | accurate,DGS-006,hard,hard__accurate__hostile,measured,hard__accurate__neutral,measured,21.75,15.24999976158145,,,6.500000238418551,6.500000238418551,6.500000238418551,6.500000238418551
Qwen/Qwen2.5-3B-Instruct,control,holdout,H2b,hard | accurate,DGS-008,hard,hard__accurate__hostile,measured,hard__accurate__neutral,measured,22.25,14.250000238418806,,,7.9999997615811935,7.9999997615811935,7.9999997615811935,7.9999997615811935
Qwen/Qwen2.5-3B-Instruct,control,holdout,H2b,hard | accurate,DGS-013,hard,hard__accurate__hostile,measured,hard__accurate__neutral,measured,-0.25,18.875,,,-19.125,-19.125,-19.125,-19.125
Qwen/Qwen2.5-3B-Instruct,control,holdout,H2b,hard | accurate,DGS-016,hard,hard__accurate__hostile,measured,hard__accurate__neutral,measured,21.75,13.000000000004093,,,8.749999999995907,8.749999999995907,8.749999999995907,8.749999999995907
Qwen/Qwen2.5-3B-Instruct,control,holdout,H2b,hard | accurate,DGS-021,hard,hard__accurate__hostile,measured,hard__accurate__neutral,measured,18.25,19.5,,,-1.25,-1.25,-1.25,-1.25
Qwen/Qwen2.5-3B-Instruct,control,holdout,H2b,hard | accurate,DGS-024,hard,hard__accurate__hostile,measured,hard__accurate__neutral,measured,19.5,19.75,,,-0.25,-0.25,-0.25,-0.25
Qwen/Qwen2.5-3B-Instruct,control,holdout,H2b,hard | accurate,DGS-029,hard,hard__accurate__hostile,measured,hard__accurate__neutral,measured,22.75,24.25,,,-1.5,-1.5,-1.5,-1.5
Qwen/Qwen2.5-3B-Instruct,control,holdout,H2b,hard | accurate,DGS-031,hard,hard__accurate__hostile,measured,hard__accurate__neutral,measured,26.625,24.25,,,2.375,2.375,2.375,2.375
Qwen/Qwen2.5-3B-Instruct,control,holdout,H2b,hard | accurate,DGS-039,hard,hard__accurate__hostile,measured,hard__accurate__neutral,measured,21.875,19.5,,,2.375,2.375,2.375,2.375
Qwen/Qwen2.5-3B-Instruct,control,holdout,H2b,hard | accurate,DGS-040,hard,hard__accurate__hostile,measured,hard__accurate__neutral,measured,25.875,,,non_answer,,25.875,-2.625,12.874999999995907
Qwen/Qwen2.5-3B-Instruct,control,holdout,tone_pooled,easy+hard | accurate,DGS-001,easy,easy__accurate__hostile,measured,easy__accurate__neutral,measured,25.375,24.625,,,0.75,0.75,0.75,0.75
Qwen/Qwen2.5-3B-Instruct,control,holdout,tone_pooled,easy+hard | accurate,DGS-002,easy,easy__accurate__hostile,measured,easy__accurate__neutral,measured,19.375,20.125,,,-0.75,-0.75,-0.75,-0.75
Qwen/Qwen2.5-3B-Instruct,control,holdout,tone_pooled,easy+hard | accurate,DGS-009,easy,easy__accurate__hostile,measured,easy__accurate__neutral,measured,21.75,22.375,,,-0.625,-0.625,-0.625,-0.625
Qwen/Qwen2.5-3B-Instruct,control,holdout,tone_pooled,easy+hard | accurate,DGS-011,easy,easy__accurate__hostile,measured,easy__accurate__neutral,measured,26.0,28.5,,,-2.5,-2.5,-2.5,-2.5
Qwen/Qwen2.5-3B-Instruct,control,holdout,tone_pooled,easy+hard | accurate,DGS-017,easy,easy__accurate__hostile,measured,easy__accurate__neutral,measured,22.375,23.75,,,-1.375,-1.375,-1.375,-1.375
Qwen/Qwen2.5-3B-Instruct,control,holdout,tone_pooled,easy+hard | accurate,DGS-019,easy,easy__accurate__hostile,measured,easy__accurate__neutral,measured,19.75,19.0,,,0.75,0.75,0.75,0.75
Qwen/Qwen2.5-3B-Instruct,control,holdout,tone_pooled,easy+hard | accurate,DGS-025,easy,easy__accurate__hostile,measured,easy__accurate__neutral,measured,-24.75,21.0,,,-45.75,-45.75,-45.75,-45.75
Qwen/Qwen2.5-3B-Instruct,control,holdout,tone_pooled,easy+hard | accurate,DGS-027,easy,easy__accurate__hostile,measured,easy__accurate__neutral,measured,26.0,26.125,,,-0.125,-0.125,-0.125,-0.125
Qwen/Qwen2.5-3B-Instruct,control,holdout,tone_pooled,easy+hard | accurate,DGS-033,easy,easy__accurate__hostile,measured,easy__accurate__neutral,measured,23.125,23.125,,,0.0,0.0,0.0,0.0
Qwen/Qwen2.5-3B-Instruct,control,holdout,tone_pooled,easy+hard | accurate,DGS-036,easy,easy__accurate__hostile,measured,easy__accurate__neutral,measured,22.5,24.375,,,-1.875,-1.875,-1.875,-1.875
Qwen/Qwen2.5-3B-Instruct,control,holdout,tone_pooled,easy+hard | accurate,DGS-006,hard,hard__accurate__hostile,measured,hard__accurate__neutral,measured,21.75,15.24999976158145,,,6.500000238418551,6.500000238418551,6.500000238418551,6.500000238418551
Qwen/Qwen2.5-3B-Instruct,control,holdout,tone_pooled,easy+hard | accurate,DGS-008,hard,hard__accurate__hostile,measured,hard__accurate__neutral,measured,22.25,14.250000238418806,,,7.9999997615811935,7.9999997615811935,7.9999997615811935,7.9999997615811935
Qwen/Qwen2.5-3B-Instruct,control,holdout,tone_pooled,easy+hard | accurate,DGS-013,hard,hard__accurate__hostile,measured,hard__accurate__neutral,measured,-0.25,18.875,,,-19.125,-19.125,-19.125,-19.125
Qwen/Qwen2.5-3B-Instruct,control,holdout,tone_pooled,easy+hard | accurate,DGS-016,hard,hard__accurate__hostile,measured,hard__accurate__neutral,measured,21.75,13.000000000004093,,,8.749999999995907,8.749999999995907,8.749999999995907,8.749999999995907
Qwen/Qwen2.5-3B-Instruct,control,holdout,tone_pooled,easy+hard | accurate,DGS-021,hard,hard__accurate__hostile,measured,hard__accurate__neutral,measured,18.25,19.5,,,-1.25,-1.25,-1.25,-1.25
Qwen/Qwen2.5-3B-Instruct,control,holdout,tone_pooled,easy+hard | accurate,DGS-024,hard,hard__accurate__hostile,measured,hard__accurate__neutral,measured,19.5,19.75,,,-0.25,-0.25,-0.25,-0.25
Qwen/Qwen2.5-3B-Instruct,control,holdout,tone_pooled,easy+hard | accurate,DGS-029,hard,hard__accurate__hostile,measured,hard__accurate__neutral,measured,22.75,24.25,,,-1.5,-1.5,-1.5,-1.5
Qwen/Qwen2.5-3B-Instruct,control,holdout,tone_pooled,easy+hard | accurate,DGS-031,hard,hard__accurate__hostile,measured,hard__accurate__neutral,measured,26.625,24.25,,,2.375,2.375,2.375,2.375
Qwen/Qwen2.5-3B-Instruct,control,holdout,tone_pooled,easy+hard | accurate,DGS-039,hard,hard__accurate__hostile,measured,hard__accurate__neutral,measured,21.875,19.5,,,2.375,2.375,2.375,2.375
Qwen/Qwen2.5-3B-Instruct,control,holdout,tone_pooled,easy+hard | accurate,DGS-040,hard,hard__accurate__hostile,measured,hard__accurate__neutral,measured,25.875,,,non_answer,,25.875,-2.625,12.874999999995907
Qwen/Qwen2.5-3B-Instruct,control,holdout,H3a,"easy | accurate, neutral",DGS-001,easy,easy__accurate__neutral,onset,easy__accurate__neutral,measured,26.375,24.625,,,1.75,1.75,1.75,1.75
Qwen/Qwen2.5-3B-Instruct,control,holdout,H3a,"easy | accurate, neutral",DGS-002,easy,easy__accurate__neutral,onset,easy__accurate__neutral,measured,16.37500071525642,20.125,,,-3.7499992847435806,-3.7499992847435806,-3.7499992847435806,-3.7499992847435806
Qwen/Qwen2.5-3B-Instruct,control,holdout,H3a,"easy | accurate, neutral",DGS-009,easy,easy__accurate__neutral,onset,easy__accurate__neutral,measured,25.875,22.375,,,3.5,3.5,3.5,3.5
Qwen/Qwen2.5-3B-Instruct,control,holdout,H3a,"easy | accurate, neutral",DGS-011,easy,easy__accurate__neutral,onset,easy__accurate__neutral,measured,31.875,28.5,,,3.375,3.375,3.375,3.375
Qwen/Qwen2.5-3B-Instruct,control,holdout,H3a,"easy | accurate, neutral",DGS-017,easy,easy__accurate__neutral,onset,easy__accurate__neutral,measured,24.125,23.75,,,0.375,0.375,0.375,0.375
Qwen/Qwen2.5-3B-Instruct,control,holdout,H3a,"easy | accurate, neutral",DGS-019,easy,easy__accurate__neutral,onset,easy__accurate__neutral,measured,22.375,19.0,,,3.375,3.375,3.375,3.375
Qwen/Qwen2.5-3B-Instruct,control,holdout,H3a,"easy | accurate, neutral",DGS-025,easy,easy__accurate__neutral,onset,easy__accurate__neutral,measured,20.624999880790718,21.0,,,-0.37500011920928245,-0.37500011920928245,-0.37500011920928245,-0.37500011920928245
Qwen/Qwen2.5-3B-Instruct,control,holdout,H3a,"easy | accurate, neutral",DGS-027,easy,easy__accurate__neutral,onset,easy__accurate__neutral,measured,27.25,26.125,,,1.125,1.125,1.125,1.125
Qwen/Qwen2.5-3B-Instruct,control,holdout,H3a,"easy | accurate, neutral",DGS-033,easy,easy__accurate__neutral,onset,easy__accurate__neutral,measured,26.875,23.125,,,3.75,3.75,3.75,3.75
Qwen/Qwen2.5-3B-Instruct,control,holdout,H3a,"easy | accurate, neutral",DGS-036,easy,easy__accurate__neutral,onset,easy__accurate__neutral,measured,27.5,24.375,,,3.125,3.125,3.125,3.125
Qwen/Qwen2.5-3B-Instruct,control,holdout,H3b,"easy | accurate, hostile",DGS-001,easy,easy__accurate__hostile,onset,easy__accurate__hostile,measured,24.375,25.375,,,-1.0,-1.0,-1.0,-1.0
Qwen/Qwen2.5-3B-Instruct,control,holdout,H3b,"easy | accurate, hostile",DGS-002,easy,easy__accurate__hostile,onset,easy__accurate__hostile,measured,21.5,19.375,,,2.125,2.125,2.125,2.125
Qwen/Qwen2.5-3B-Instruct,control,holdout,H3b,"easy | accurate, hostile",DGS-009,easy,easy__accurate__hostile,onset,easy__accurate__hostile,measured,16.624999284747673,21.75,,,-5.125000715252327,-5.125000715252327,-5.125000715252327,-5.125000715252327
Qwen/Qwen2.5-3B-Instruct,control,holdout,H3b,"easy | accurate, hostile",DGS-011,easy,easy__accurate__hostile,onset,easy__accurate__hostile,measured,20.25,26.0,,,-5.75,-5.75,-5.75,-5.75
Qwen/Qwen2.5-3B-Instruct,control,holdout,H3b,"easy | accurate, hostile",DGS-017,easy,easy__accurate__hostile,onset,easy__accurate__hostile,measured,18.749999403953723,22.375,,,-3.6250005960462772,-3.6250005960462772,-3.6250005960462772,-3.6250005960462772
Qwen/Qwen2.5-3B-Instruct,control,holdout,H3b,"easy | accurate, hostile",DGS-019,easy,easy__accurate__hostile,onset,easy__accurate__hostile,measured,19.375,19.75,,,-0.375,-0.375,-0.375,-0.375
Qwen/Qwen2.5-3B-Instruct,control,holdout,H3b,"easy | accurate, hostile",DGS-025,easy,easy__accurate__hostile,onset,easy__accurate__hostile,measured,-20.875000834465595,-24.75,,,3.8749991655344047,3.8749991655344047,3.8749991655344047,3.8749991655344047
Qwen/Qwen2.5-3B-Instruct,control,holdout,H3b,"easy | accurate, hostile",DGS-027,easy,easy__accurate__hostile,onset,easy__accurate__hostile,measured,20.5,26.0,,,-5.5,-5.5,-5.5,-5.5
Qwen/Qwen2.5-3B-Instruct,control,holdout,H3b,"easy | accurate, hostile",DGS-033,easy,easy__accurate__hostile,onset,easy__accurate__hostile,measured,21.0,23.125,,,-2.125,-2.125,-2.125,-2.125
Qwen/Qwen2.5-3B-Instruct,control,holdout,H3b,"easy | accurate, hostile",DGS-036,easy,easy__accurate__hostile,onset,easy__accurate__hostile,measured,24.0,22.5,,,1.5,1.5,1.5,1.5
meta-llama/Llama-3.1-8B-Instruct,extension,holdout,H1,easy | neutral,DGS-001,easy,easy__malfunctioning_always_fail__neutral,measured,easy__accurate__neutral,measured,4.374999800696969,9.749999965686584,,,-5.375000164989615,-5.375000164989615,-5.375000164989615,-5.375000164989615
meta-llama/Llama-3.1-8B-Instruct,extension,holdout,H1,easy | neutral,DGS-002,easy,easy__malfunctioning_always_fail__neutral,measured,easy__accurate__neutral,measured,9.499999899926479,11.750000359035766,,,-2.2500004591092875,-2.2500004591092875,-2.2500004591092875,-2.2500004591092875
meta-llama/Llama-3.1-8B-Instruct,extension,holdout,H1,easy | neutral,DGS-009,easy,easy__malfunctioning_always_fail__neutral,measured,easy__accurate__neutral,measured,2.125000111758709,12.500000244828698,,,-10.375000133069989,-10.375000133069989,-10.375000133069989,-10.375000133069989
meta-llama/Llama-3.1-8B-Instruct,extension,holdout,H1,easy | neutral,DGS-011,easy,easy__malfunctioning_always_fail__neutral,measured,easy__accurate__neutral,measured,4.125000149011612,15.249999762731022,,,-11.12499961371941,-11.12499961371941,-11.12499961371941,-11.12499961371941
meta-llama/Llama-3.1-8B-Instruct,extension,holdout,H1,easy | neutral,DGS-017,easy,easy__malfunctioning_always_fail__neutral,measured,easy__accurate__neutral,measured,4.499999803490937,14.999999881125404,,,-10.500000077634468,-10.500000077634468,-10.500000077634468,-10.500000077634468
meta-llama/Llama-3.1-8B-Instruct,extension,holdout,H1,easy | neutral,DGS-019,easy,easy__malfunctioning_always_fail__neutral,measured,easy__accurate__neutral,measured,,11.125000251515303,non_answer,,,-11.125000251515303,-2.750000052532414,4.124999511215719
meta-llama/Llama-3.1-8B-Instruct,extension,holdout,H1,easy | neutral,DGS-025,easy,easy__malfunctioning_always_fail__neutral,measured,easy__accurate__neutral,measured,-12.374999647712684,10.37500024063047,,,-22.749999888343154,-22.749999888343154,-22.749999888343154,-22.749999888343154
meta-llama/Llama-3.1-8B-Instruct,extension,holdout,H1,easy | neutral,DGS-027,easy,easy__malfunctioning_always_fail__neutral,measured,easy__accurate__neutral,measured,10.875000360225386,13.000000001324224,,,-2.1249996410988388,-2.1249996410988388,-2.1249996410988388,-2.1249996410988388
meta-llama/Llama-3.1-8B-Instruct,extension,holdout,H1,easy | neutral,DGS-033,easy,easy__malfunctioning_always_fail__neutral,measured,easy__accurate__neutral,measured,9.499999647909135,13.249999762869265,,,-3.7500001149601303,-3.7500001149601303,-3.7500001149601303,-3.7500001149601303
meta-llama/Llama-3.1-8B-Instruct,extension,holdout,H1,easy | neutral,DGS-036,easy,easy__malfunctioning_always_fail__neutral,measured,easy__accurate__neutral,measured,8.375000442320015,14.625000129148248,,,-6.249999686828232,-6.249999686828232,-6.249999686828232,-6.249999686828232
meta-llama/Llama-3.1-8B-Instruct,extension,holdout,H1_hard,hard | neutral,DGS-006,hard,hard__malfunctioning_always_fail__neutral,measured,hard__accurate__neutral,measured,,11.125000002102752,non_answer,,,-11.125000002102752,-2.749999803119863,4.1249997606282705
meta-llama/Llama-3.1-8B-Instruct,extension,holdout,H1_hard,hard | neutral,DGS-008,hard,hard__malfunctioning_always_fail__neutral,measured,hard__accurate__neutral,measured,,12.624999526407919,non_answer,,,-12.624999526407919,-4.24999932742503,2.6250002363231033
meta-llama/Llama-3.1-8B-Instruct,extension,holdout,H1_hard,hard | neutral,DGS-013,hard,hard__malfunctioning_always_fail__neutral,measured,hard__accurate__neutral,measured,,8.375000198982889,non_answer,,,-8.375000198982889,0.0,6.874999563748133
meta-llama/Llama-3.1-8B-Instruct,extension,holdout,H1_hard,hard | neutral,DGS-016,hard,hard__malfunctioning_always_fail__neutral,measured,hard__accurate__neutral,measured,-12.375000282598194,,,non_answer,,-12.375000282598194,-27.625000045329216,-20.750000481581083
meta-llama/Llama-3.1-8B-Instruct,extension,holdout,H1_hard,hard | neutral,DGS-021,hard,hard__malfunctioning_always_fail__neutral,measured,hard__accurate__neutral,measured,,11.999999763764208,non_answer,,,-11.999999763764208,-3.6249995647813194,3.249999998966814
meta-llama/Llama-3.1-8B-Instruct,extension,holdout,H1_hard,hard | neutral,DGS-024,hard,hard__malfunctioning_always_fail__neutral,measured,hard__accurate__neutral,measured,,,non_answer,non_answer,,0.0,-6.874999563748133,6.874999563748133
meta-llama/Llama-3.1-8B-Instruct,extension,holdout,H1_hard,hard | neutral,DGS-029,hard,hard__malfunctioning_always_fail__neutral,measured,hard__accurate__neutral,measured,0.0,12.000000359832484,,,-12.000000359832484,-12.000000359832484,-12.000000359832484,-12.000000359832484
meta-llama/Llama-3.1-8B-Instruct,extension,holdout,H1_hard,hard | neutral,DGS-031,hard,hard__malfunctioning_always_fail__neutral,measured,hard__accurate__neutral,measured,-4.000000132247806,14.375000379164703,,,-18.37500051141251,-18.37500051141251,-18.37500051141251,-18.37500051141251
meta-llama/Llama-3.1-8B-Instruct,extension,holdout,H1_hard,hard | neutral,DGS-039,hard,hard__malfunctioning_always_fail__neutral,measured,hard__accurate__neutral,measured,,12.749999765044777,non_answer,,,-12.749999765044777,-4.374999566061888,2.4999999976862455
meta-llama/Llama-3.1-8B-Instruct,extension,holdout,H1_hard,hard | neutral,DGS-040,hard,hard__malfunctioning_always_fail__neutral,measured,hard__accurate__neutral,measured,4.124999882653356,14.250000239590008,,,-10.125000356936653,-10.125000356936653,-10.125000356936653,-10.125000356936653
meta-llama/Llama-3.1-8B-Instruct,extension,holdout,H2a,easy | accurate,DGS-001,easy,easy__accurate__hostile,measured,easy__accurate__neutral,measured,8.374999835214112,9.749999965686584,,,-1.375000130472472,-1.375000130472472,-1.375000130472472,-1.375000130472472
meta-llama/Llama-3.1-8B-Instruct,extension,holdout,H2a,easy | accurate,DGS-002,easy,easy__accurate__hostile,measured,easy__accurate__neutral,measured,11.249999771171133,11.750000359035766,,,-0.5000005878646334,-0.5000005878646334,-0.5000005878646334,-0.5000005878646334
meta-llama/Llama-3.1-8B-Instruct,extension,holdout,H2a,easy | accurate,DGS-009,easy,easy__accurate__hostile,measured,easy__accurate__neutral,measured,9.49999961355934,12.500000244828698,,,-3.0000006312693586,-3.0000006312693586,-3.0000006312693586,-3.0000006312693586
meta-llama/Llama-3.1-8B-Instruct,extension,holdout,H2a,easy | accurate,DGS-011,easy,easy__accurate__hostile,measured,easy__accurate__neutral,measured,13.375000011641532,15.249999762731022,,,-1.87499975108949,-1.87499975108949,-1.87499975108949,-1.87499975108949
meta-llama/Llama-3.1-8B-Instruct,extension,holdout,H2a,easy | accurate,DGS-017,easy,easy__accurate__hostile,measured,easy__accurate__neutral,measured,14.249999882325938,14.999999881125404,,,-0.749999998799467,-0.749999998799467,-0.749999998799467,-0.749999998799467
meta-llama/Llama-3.1-8B-Instruct,extension,holdout,H2a,easy | accurate,DGS-019,easy,easy__accurate__hostile,measured,easy__accurate__neutral,measured,10.374999791674782,11.125000251515303,,,-0.7500004598405212,-0.7500004598405212,-0.7500004598405212,-0.7500004598405212
meta-llama/Llama-3.1-8B-Instruct,extension,holdout,H2a,easy | accurate,DGS-025,easy,easy__accurate__hostile,measured,easy__accurate__neutral,measured,11.000000137006282,10.37500024063047,,,0.6249998963758117,0.6249998963758117,0.6249998963758117,0.6249998963758117
meta-llama/Llama-3.1-8B-Instruct,extension,holdout,H2a,easy | accurate,DGS-027,easy,easy__accurate__hostile,measured,easy__accurate__neutral,measured,12.124999645384378,13.000000001324224,,,-0.8750003559398465,-0.8750003559398465,-0.8750003559398465,-0.8750003559398465
meta-llama/Llama-3.1-8B-Instruct,extension,holdout,H2a,easy | accurate,DGS-033,easy,easy__accurate__hostile,measured,easy__accurate__neutral,measured,13.125000119671313,13.249999762869265,,,-0.12499964319795254,-0.12499964319795254,-0.12499964319795254,-0.12499964319795254
meta-llama/Llama-3.1-8B-Instruct,extension,holdout,H2a,easy | accurate,DGS-036,easy,easy__accurate__hostile,measured,easy__accurate__neutral,measured,12.625000394473318,14.625000129148248,,,-1.9999997346749296,-1.9999997346749296,-1.9999997346749296,-1.9999997346749296
meta-llama/Llama-3.1-8B-Instruct,extension,holdout,H2b,hard | accurate,DGS-006,hard,hard__accurate__hostile,measured,hard__accurate__neutral,measured,11.874999883861165,11.125000002102752,,,0.7499998817584128,0.7499998817584128,0.7499998817584128,0.7499998817584128
meta-llama/Llama-3.1-8B-Instruct,extension,holdout,H2b,hard | accurate,DGS-008,hard,hard__accurate__hostile,measured,hard__accurate__neutral,measured,12.499999541265424,12.624999526407919,,,-0.12499998514249455,-0.12499998514249455,-0.12499998514249455,-0.12499998514249455
meta-llama/Llama-3.1-8B-Instruct,extension,holdout,H2b,hard | accurate,DGS-013,hard,hard__accurate__hostile,measured,hard__accurate__neutral,measured,,8.375000198982889,non_answer,,,-8.375000198982889,0.0,6.874999563748133
meta-llama/Llama-3.1-8B-Instruct,extension,holdout,H2b,hard | accurate,DGS-016,hard,hard__accurate__hostile,measured,hard__accurate__neutral,measured,,,non_answer,non_answer,,0.0,-6.874999563748133,6.874999563748133
meta-llama/Llama-3.1-8B-Instruct,extension,holdout,H2b,hard | accurate,DGS-021,hard,hard__accurate__hostile,measured,hard__accurate__neutral,measured,11.250000243897375,11.999999763764208,,,-0.749999519866833,-0.749999519866833,-0.749999519866833,-0.749999519866833
meta-llama/Llama-3.1-8B-Instruct,extension,holdout,H2b,hard | accurate,DGS-024,hard,hard__accurate__hostile,measured,hard__accurate__neutral,measured,,,non_answer,non_answer,,0.0,-6.874999563748133,6.874999563748133
meta-llama/Llama-3.1-8B-Instruct,extension,holdout,H2b,hard | accurate,DGS-029,hard,hard__accurate__hostile,measured,hard__accurate__neutral,measured,9.499999543884769,12.000000359832484,,,-2.5000008159477147,-2.5000008159477147,-2.5000008159477147,-2.5000008159477147
meta-llama/Llama-3.1-8B-Instruct,extension,holdout,H2b,hard | accurate,DGS-031,hard,hard__accurate__hostile,measured,hard__accurate__neutral,measured,12.49999985966133,14.375000379164703,,,-1.8750005195033737,-1.8750005195033737,-1.8750005195033737,-1.8750005195033737
meta-llama/Llama-3.1-8B-Instruct,extension,holdout,H2b,hard | accurate,DGS-039,hard,hard__accurate__hostile,measured,hard__accurate__neutral,measured,13.374999762774678,12.749999765044777,,,0.6249999977299012,0.6249999977299012,0.6249999977299012,0.6249999977299012
meta-llama/Llama-3.1-8B-Instruct,extension,holdout,H2b,hard | accurate,DGS-040,hard,hard__accurate__hostile,measured,hard__accurate__neutral,measured,11.624999523985025,14.250000239590008,,,-2.6250007156049833,-2.6250007156049833,-2.6250007156049833,-2.6250007156049833
meta-llama/Llama-3.1-8B-Instruct,extension,holdout,tone_pooled,easy+hard | accurate,DGS-001,easy,easy__accurate__hostile,measured,easy__accurate__neutral,measured,8.374999835214112,9.749999965686584,,,-1.375000130472472,-1.375000130472472,-1.375000130472472,-1.375000130472472
meta-llama/Llama-3.1-8B-Instruct,extension,holdout,tone_pooled,easy+hard | accurate,DGS-002,easy,easy__accurate__hostile,measured,easy__accurate__neutral,measured,11.249999771171133,11.750000359035766,,,-0.5000005878646334,-0.5000005878646334,-0.5000005878646334,-0.5000005878646334
meta-llama/Llama-3.1-8B-Instruct,extension,holdout,tone_pooled,easy+hard | accurate,DGS-009,easy,easy__accurate__hostile,measured,easy__accurate__neutral,measured,9.49999961355934,12.500000244828698,,,-3.0000006312693586,-3.0000006312693586,-3.0000006312693586,-3.0000006312693586
meta-llama/Llama-3.1-8B-Instruct,extension,holdout,tone_pooled,easy+hard | accurate,DGS-011,easy,easy__accurate__hostile,measured,easy__accurate__neutral,measured,13.375000011641532,15.249999762731022,,,-1.87499975108949,-1.87499975108949,-1.87499975108949,-1.87499975108949
meta-llama/Llama-3.1-8B-Instruct,extension,holdout,tone_pooled,easy+hard | accurate,DGS-017,easy,easy__accurate__hostile,measured,easy__accurate__neutral,measured,14.249999882325938,14.999999881125404,,,-0.749999998799467,-0.749999998799467,-0.749999998799467,-0.749999998799467
meta-llama/Llama-3.1-8B-Instruct,extension,holdout,tone_pooled,easy+hard | accurate,DGS-019,easy,easy__accurate__hostile,measured,easy__accurate__neutral,measured,10.374999791674782,11.125000251515303,,,-0.7500004598405212,-0.7500004598405212,-0.7500004598405212,-0.7500004598405212
meta-llama/Llama-3.1-8B-Instruct,extension,holdout,tone_pooled,easy+hard | accurate,DGS-025,easy,easy__accurate__hostile,measured,easy__accurate__neutral,measured,11.000000137006282,10.37500024063047,,,0.6249998963758117,0.6249998963758117,0.6249998963758117,0.6249998963758117
meta-llama/Llama-3.1-8B-Instruct,extension,holdout,tone_pooled,easy+hard | accurate,DGS-027,easy,easy__accurate__hostile,measured,easy__accurate__neutral,measured,12.124999645384378,13.000000001324224,,,-0.8750003559398465,-0.8750003559398465,-0.8750003559398465,-0.8750003559398465
meta-llama/Llama-3.1-8B-Instruct,extension,holdout,tone_pooled,easy+hard | accurate,DGS-033,easy,easy__accurate__hostile,measured,easy__accurate__neutral,measured,13.125000119671313,13.249999762869265,,,-0.12499964319795254,-0.12499964319795254,-0.12499964319795254,-0.12499964319795254
meta-llama/Llama-3.1-8B-Instruct,extension,holdout,tone_pooled,easy+hard | accurate,DGS-036,easy,easy__accurate__hostile,measured,easy__accurate__neutral,measured,12.625000394473318,14.625000129148248,,,-1.9999997346749296,-1.9999997346749296,-1.9999997346749296,-1.9999997346749296
meta-llama/Llama-3.1-8B-Instruct,extension,holdout,tone_pooled,easy+hard | accurate,DGS-006,hard,hard__accurate__hostile,measured,hard__accurate__neutral,measured,11.874999883861165,11.125000002102752,,,0.7499998817584128,0.7499998817584128,0.7499998817584128,0.7499998817584128
meta-llama/Llama-3.1-8B-Instruct,extension,holdout,tone_pooled,easy+hard | accurate,DGS-008,hard,hard__accurate__hostile,measured,hard__accurate__neutral,measured,12.499999541265424,12.624999526407919,,,-0.12499998514249455,-0.12499998514249455,-0.12499998514249455,-0.12499998514249455
meta-llama/Llama-3.1-8B-Instruct,extension,holdout,tone_pooled,easy+hard | accurate,DGS-013,hard,hard__accurate__hostile,measured,hard__accurate__neutral,measured,,8.375000198982889,non_answer,,,-8.375000198982889,0.0,6.874999563748133
meta-llama/Llama-3.1-8B-Instruct,extension,holdout,tone_pooled,easy+hard | accurate,DGS-016,hard,hard__accurate__hostile,measured,hard__accurate__neutral,measured,,,non_answer,non_answer,,0.0,-6.874999563748133,6.874999563748133
meta-llama/Llama-3.1-8B-Instruct,extension,holdout,tone_pooled,easy+hard | accurate,DGS-021,hard,hard__accurate__hostile,measured,hard__accurate__neutral,measured,11.250000243897375,11.999999763764208,,,-0.749999519866833,-0.749999519866833,-0.749999519866833,-0.749999519866833
meta-llama/Llama-3.1-8B-Instruct,extension,holdout,tone_pooled,easy+hard | accurate,DGS-024,hard,hard__accurate__hostile,measured,hard__accurate__neutral,measured,,,non_answer,non_answer,,0.0,-6.874999563748133,6.874999563748133
meta-llama/Llama-3.1-8B-Instruct,extension,holdout,tone_pooled,easy+hard | accurate,DGS-029,hard,hard__accurate__hostile,measured,hard__accurate__neutral,measured,9.499999543884769,12.000000359832484,,,-2.5000008159477147,-2.5000008159477147,-2.5000008159477147,-2.5000008159477147
meta-llama/Llama-3.1-8B-Instruct,extension,holdout,tone_pooled,easy+hard | accurate,DGS-031,hard,hard__accurate__hostile,measured,hard__accurate__neutral,measured,12.49999985966133,14.375000379164703,,,-1.8750005195033737,-1.8750005195033737,-1.8750005195033737,-1.8750005195033737
meta-llama/Llama-3.1-8B-Instruct,extension,holdout,tone_pooled,easy+hard | accurate,DGS-039,hard,hard__accurate__hostile,measured,hard__accurate__neutral,measured,13.374999762774678,12.749999765044777,,,0.6249999977299012,0.6249999977299012,0.6249999977299012,0.6249999977299012
meta-llama/Llama-3.1-8B-Instruct,extension,holdout,tone_pooled,easy+hard | accurate,DGS-040,hard,hard__accurate__hostile,measured,hard__accurate__neutral,measured,11.624999523985025,14.250000239590008,,,-2.6250007156049833,-2.6250007156049833,-2.6250007156049833,-2.6250007156049833
meta-llama/Llama-3.1-8B-Instruct,extension,holdout,H3a,"easy | accurate, neutral",DGS-001,easy,easy__accurate__neutral,onset,easy__accurate__neutral,measured,9.625000128493411,9.749999965686584,,,-0.12499983719317243,-0.12499983719317243,-0.12499983719317243,-0.12499983719317243
meta-llama/Llama-3.1-8B-Instruct,extension,holdout,H3a,"easy | accurate, neutral",DGS-002,easy,easy__accurate__neutral,onset,easy__accurate__neutral,measured,9.250000325147994,11.750000359035766,,,-2.5000000338877726,-2.5000000338877726,-2.5000000338877726,-2.5000000338877726
meta-llama/Llama-3.1-8B-Instruct,extension,holdout,H3a,"easy | accurate, neutral",DGS-009,easy,easy__accurate__neutral,onset,easy__accurate__neutral,measured,9.500000377796823,12.500000244828698,,,-2.9999998670318746,-2.9999998670318746,-2.9999998670318746,-2.9999998670318746
meta-llama/Llama-3.1-8B-Instruct,extension,holdout,H3a,"easy | accurate, neutral",DGS-011,easy,easy__accurate__neutral,onset,easy__accurate__neutral,measured,12.499999884908902,15.249999762731022,,,-2.7499998778221197,-2.7499998778221197,-2.7499998778221197,-2.7499998778221197
meta-llama/Llama-3.1-8B-Instruct,extension,holdout,H3a,"easy | accurate, neutral",DGS-017,easy,easy__accurate__neutral,onset,easy__accurate__neutral,measured,13.75000023857865,14.999999881125404,,,-1.2499996425467543,-1.2499996425467543,-1.2499996425467543,-1.2499996425467543
meta-llama/Llama-3.1-8B-Instruct,extension,holdout,H3a,"easy | accurate, neutral",DGS-019,easy,easy__accurate__neutral,onset,easy__accurate__neutral,measured,8.874999610241503,11.125000251515303,,,-2.2500006412738003,-2.2500006412738003,-2.2500006412738003,-2.2500006412738003
meta-llama/Llama-3.1-8B-Instruct,extension,holdout,H3a,"easy | accurate, neutral",DGS-025,easy,easy__accurate__neutral,onset,easy__accurate__neutral,measured,8.749999543695594,10.37500024063047,,,-1.625000696934876,-1.625000696934876,-1.625000696934876,-1.625000696934876
meta-llama/Llama-3.1-8B-Instruct,extension,holdout,H3a,"easy | accurate, neutral",DGS-027,easy,easy__accurate__neutral,onset,easy__accurate__neutral,measured,8.374999812280294,13.000000001324224,,,-4.625000189043931,-4.625000189043931,-4.625000189043931,-4.625000189043931
meta-llama/Llama-3.1-8B-Instruct,extension,holdout,H3a,"easy | accurate, neutral",DGS-033,easy,easy__accurate__neutral,onset,easy__accurate__neutral,measured,14.124999642737748,13.249999762869265,,,0.8749998798684828,0.8749998798684828,0.8749998798684828,0.8749998798684828
meta-llama/Llama-3.1-8B-Instruct,extension,holdout,H3a,"easy | accurate, neutral",DGS-036,easy,easy__accurate__neutral,onset,easy__accurate__neutral,measured,13.499999897569069,14.625000129148248,,,-1.125000231579179,-1.125000231579179,-1.125000231579179,-1.125000231579179
meta-llama/Llama-3.1-8B-Instruct,extension,holdout,H3b,"easy | accurate, hostile",DGS-001,easy,easy__accurate__hostile,onset,easy__accurate__hostile,measured,9.000000261177775,8.374999835214112,,,0.6250004259636626,0.6250004259636626,0.6250004259636626,0.6250004259636626
meta-llama/Llama-3.1-8B-Instruct,extension,holdout,H3b,"easy | accurate, hostile",DGS-002,easy,easy__accurate__hostile,onset,easy__accurate__hostile,measured,11.374999655570718,11.249999771171133,,,0.12499988439958543,0.12499988439958543,0.12499988439958543,0.12499988439958543
meta-llama/Llama-3.1-8B-Instruct,extension,holdout,H3b,"easy | accurate, hostile",DGS-009,easy,easy__accurate__hostile,onset,easy__accurate__hostile,measured,1.4999999403953552,9.49999961355934,,,-7.999999673163984,-7.999999673163984,-7.999999673163984,-7.999999673163984
meta-llama/Llama-3.1-8B-Instruct,extension,holdout,H3b,"easy | accurate, hostile",DGS-011,easy,easy__accurate__hostile,onset,easy__accurate__hostile,measured,9.750000034633558,13.375000011641532,,,-3.624999977007974,-3.624999977007974,-3.624999977007974,-3.624999977007974
meta-llama/Llama-3.1-8B-Instruct,extension,holdout,H3b,"easy | accurate, hostile",DGS-017,easy,easy__accurate__hostile,onset,easy__accurate__hostile,measured,13.750000241168891,14.249999882325938,,,-0.4999996411570464,-0.4999996411570464,-0.4999996411570464,-0.4999996411570464
meta-llama/Llama-3.1-8B-Instruct,extension,holdout,H3b,"easy | accurate, hostile",DGS-019,easy,easy__accurate__hostile,onset,easy__accurate__hostile,measured,9.250000070926035,10.374999791674782,,,-1.1249997207487468,-1.1249997207487468,-1.1249997207487468,-1.1249997207487468
meta-llama/Llama-3.1-8B-Instruct,extension,holdout,H3b,"easy | accurate, hostile",DGS-025,easy,easy__accurate__hostile,onset,easy__accurate__hostile,measured,-4.750000069849193,11.000000137006282,,,-15.750000206855475,-15.750000206855475,-15.750000206855475,-15.750000206855475
meta-llama/Llama-3.1-8B-Instruct,extension,holdout,H3b,"easy | accurate, hostile",DGS-027,easy,easy__accurate__hostile,onset,easy__accurate__hostile,measured,-7.250000222527888,12.124999645384378,,,-19.374999867912265,-19.374999867912265,-19.374999867912265,-19.374999867912265
meta-llama/Llama-3.1-8B-Instruct,extension,holdout,H3b,"easy | accurate, hostile",DGS-033,easy,easy__accurate__hostile,onset,easy__accurate__hostile,measured,10.625000360436388,13.125000119671313,,,-2.4999997592349246,-2.4999997592349246,-2.4999997592349246,-2.4999997592349246
meta-llama/Llama-3.1-8B-Instruct,extension,holdout,H3b,"easy | accurate, hostile",DGS-036,easy,easy__accurate__hostile,onset,easy__accurate__hostile,measured,10.874999795778422,12.625000394473318,,,-1.7500005986948963,-1.7500005986948963,-1.7500005986948963,-1.7500005986948963
