phase,run_id,run_kind,model_id,immutable_revision,task_id,split,difficulty,domain,cell_id,cell_kind,feedback_validity,tone,turn_label,response_id,m1,m1_missing_reason,m2,m2_missing_reason,m3_rate,m3_missing_reason,m3_event_count,m3_loop_flag,entropy_mean,entropy_worst_decile,tail_mass_mean,entropy_missing_reason,rep4,length_tokens,length_drift,length_drift_missing_reason,hedge_per100,selfcorr_per100,greedy_answer_valid,greedy_answer_correct,greedy_answer_letter,resample_count,resample_valid_count,history_false_negative,feedback_rounds
phase_1,phase1-gemma-2-2b-it-2026-08-17,empirical,google/gemma-2-2b-it,299a8560bedf22ed1c72a8a11e7dce4a7f9f51f8,DGS-003,discovery,easy,mathematics,easy__accurate__hostile,factorial,accurate,hostile,measured,026aaabdefeb7ad5cb246708cb8429f55b81c33a249fa82c056c4ad98f8b3a38,7.874999989988282,,0.0,,0.0,,0,false,0.29983011825286926,1.2317551487714806,0.00027611633954645754,,0.020833333333333332,98,0.24050632911392406,,0.0,0.0,true,true,D,10,10,,3
phase_1,phase1-gemma-2-2b-it-2026-08-17,empirical,google/gemma-2-2b-it,299a8560bedf22ed1c72a8a11e7dce4a7f9f51f8,DGS-003,discovery,easy,mathematics,easy__accurate__hostile,factorial,accurate,hostile,onset,e7a71d492182fae99aa4536568df7ff95b63f5013fd9a924890265d1701337f1,,m1_invalid_final_answer,,m2_invalid_final_answer_all_ten_required,0.0,,0,false,0.30220232056997137,1.3280517164757992,0.0035764530392686776,,0.0,174,1.2025316455696202,,0.0,0.0,false,,,10,1,,3
phase_1,phase1-gemma-2-2b-it-2026-08-17,empirical,google/gemma-2-2b-it,299a8560bedf22ed1c72a8a11e7dce4a7f9f51f8,DGS-003,discovery,easy,mathematics,easy__accurate__hostile,factorial,accurate,hostile,onset_washout,09088a7bc30bedc23552868a20354c4c65f66593424d5e9afc711ae404cc1e6c,9.499999554478563,,0.0,,,m3_zero_visible_reasoning_tokens,0,false,0.2568382585816382,0.7985570884104927,0.0004025980027774878,,0.0,5,-0.9367088607594937,,0.0,0.0,true,true,D,10,10,,3
phase_1,phase1-gemma-2-2b-it-2026-08-17,empirical,google/gemma-2-2b-it,299a8560bedf22ed1c72a8a11e7dce4a7f9f51f8,DGS-003,discovery,easy,mathematics,easy__accurate__neutral,factorial,accurate,neutral,measured,628f7f4385f94de0a1422c29fedad907587ff21771149bef2cda0e815546dfc7,10.187500429805368,,0.0,,0.0,,0,false,0.23321090436482458,1.0856579178950525,0.00010775845690881176,,0.0,79,0.0,,0.0,0.0,true,true,D,10,10,,3
phase_1,phase1-gemma-2-2b-it-2026-08-17,empirical,google/gemma-2-2b-it,299a8560bedf22ed1c72a8a11e7dce4a7f9f51f8,DGS-003,discovery,easy,mathematics,easy__accurate__neutral,factorial,accurate,neutral,onset,e4aa7baadf0c04578315b9cded390cea76e1377d9ba2d8db329d9b8bbd0b9552,9.062500050291419,,0.0,,0.0,,0,false,0.05415139181377706,0.4189272149968267,1.2435815159599876e-05,,0.0,76,-0.0379746835443038,,0.0,0.0,true,true,D,10,10,,3
phase_1,phase1-gemma-2-2b-it-2026-08-17,empirical,google/gemma-2-2b-it,299a8560bedf22ed1c72a8a11e7dce4a7f9f51f8,DGS-003,discovery,easy,mathematics,easy__accurate__neutral,factorial,accurate,neutral,onset_washout,41dc8ad344be3aeb7f4060fb3cb094e99450ec7fe5386105406002177dcf657e,10.125000213680323,,0.0,,0.0,,0,false,0.014196467174461956,0.12113819775417871,1.3333998315811472e-05,,0.0,76,-0.0379746835443038,,0.0,0.0,true,true,D,10,10,,3
phase_1,phase1-gemma-2-2b-it-2026-08-17,empirical,google/gemma-2-2b-it,299a8560bedf22ed1c72a8a11e7dce4a7f9f51f8,DGS-003,discovery,easy,mathematics,easy__malfunctioning_always_fail__hostile,factorial,malfunctioning_always_fail,hostile,measured,972b7e06f2a2ac94de1014de0546e7ee95f392b1053475ee2f28c9a06b4ef147,8.562499939929694,,,m2_invalid_final_answer_all_ten_required,0.0,,0,false,0.38695267414190954,1.6070214251837045,0.0007424079733838046,,0.0,72,-0.08860759493670886,,0.0,0.0,true,true,D,10,9,true,3
phase_1,phase1-gemma-2-2b-it-2026-08-17,empirical,google/gemma-2-2b-it,299a8560bedf22ed1c72a8a11e7dce4a7f9f51f8,DGS-003,discovery,easy,mathematics,easy__malfunctioning_always_fail__hostile,factorial,malfunctioning_always_fail,hostile,recovery,b4f42604d709d27bf1b396a502d3ffb3ea7a1493b17c45c1061c3ae80f228129,7.875000232830644,,,m2_invalid_final_answer_all_ten_required,0.0,,0,false,0.0670326447325455,0.49624200213422065,3.7107049912155384e-05,,0.0,72,-0.08860759493670886,,0.0,0.0,true,true,D,10,9,true,3
phase_1,phase1-gemma-2-2b-it-2026-08-17,empirical,google/gemma-2-2b-it,299a8560bedf22ed1c72a8a11e7dce4a7f9f51f8,DGS-003,discovery,easy,mathematics,easy__malfunctioning_always_fail__neutral,factorial,malfunctioning_always_fail,neutral,measured,62b7aa6614adc99b4c1632007776fb2026c307ca8f91fd3fc6fe4bddb78d97f5,9.062500175554305,,0.0,,0.0,,0,false,0.32945998645272206,1.438439532567477,0.0003497594287814079,,0.0,77,-0.02531645569620253,,0.0,0.0,true,true,D,10,10,true,3
phase_1,phase1-gemma-2-2b-it-2026-08-17,empirical,google/gemma-2-2b-it,299a8560bedf22ed1c72a8a11e7dce4a7f9f51f8,DGS-003,discovery,easy,mathematics,easy__malfunctioning_always_fail__neutral,factorial,malfunctioning_always_fail,neutral,recovery,58e3208f90fd466cc2c5cb6335033505d59b5b474aee3ddf6e7836e53ca821cf,,m1_invalid_final_answer,0.0,,0.0,,0,false,0.3349722094064421,1.3943925025631858,0.0010991353219373206,,0.0,114,0.4430379746835443,,0.0,0.0,false,,,10,10,true,3
phase_1,phase1-gemma-2-2b-it-2026-08-17,empirical,google/gemma-2-2b-it,299a8560bedf22ed1c72a8a11e7dce4a7f9f51f8,DGS-004,discovery,easy,mathematics,easy__accurate__hostile,factorial,accurate,hostile,measured,0a59fe937701152cec16915674fb3456faf45ba0756a7142a3cc8ae697ca197b,9.874999780207872,,0.0,,0.0,,0,false,0.09317534223439765,0.6742428888125095,0.00012348336876857627,,0.039473684210526314,110,0.0,,0.0,0.0,true,true,A,10,10,,3
phase_1,phase1-gemma-2-2b-it-2026-08-17,empirical,google/gemma-2-2b-it,299a8560bedf22ed1c72a8a11e7dce4a7f9f51f8,DGS-004,discovery,easy,mathematics,easy__accurate__hostile,factorial,accurate,hostile,onset,66942c23e7e6b146bd8b5c2b6a296eb16e69b43d0f59f495b03299d91542e954,,m1_invalid_final_answer,,m2_invalid_final_answer_all_ten_required,0.0,,0,false,0.4006585923329864,1.551835318751717,0.0028719342463702445,,0.00819672131147541,185,0.6818181818181818,,0.0,0.0,false,,,10,0,,3
phase_1,phase1-gemma-2-2b-it-2026-08-17,empirical,google/gemma-2-2b-it,299a8560bedf22ed1c72a8a11e7dce4a7f9f51f8,DGS-004,discovery,easy,mathematics,easy__accurate__hostile,factorial,accurate,hostile,onset_washout,016cf869e83d4fb91cd4d0d9dbaec0f02b504844539dffb5eef432d0b0c06007,10.687499883817509,,,m2_invalid_final_answer_all_ten_required,0.0,,0,false,0.02158199204639378,0.1995992383959374,1.2772415389567475e-05,,0.039473684210526314,110,0.0,,0.0,0.0,true,true,A,10,8,,3
phase_1,phase1-gemma-2-2b-it-2026-08-17,empirical,google/gemma-2-2b-it,299a8560bedf22ed1c72a8a11e7dce4a7f9f51f8,DGS-004,discovery,easy,mathematics,easy__accurate__neutral,factorial,accurate,neutral,measured,359fbfb22538b970df789d5b706e1d2affad00c6ae0dc2b7c78b3a2fa60a2db4,10.124999666935764,,0.0,,0.0,,0,false,0.19886194347853728,0.9764268645126545,0.0006880158499916885,,0.039473684210526314,110,0.0,,0.0,0.0,true,true,A,10,10,,3
phase_1,phase1-gemma-2-2b-it-2026-08-17,empirical,google/gemma-2-2b-it,299a8560bedf22ed1c72a8a11e7dce4a7f9f51f8,DGS-004,discovery,easy,mathematics,easy__accurate__neutral,factorial,accurate,neutral,onset,ce62d5161aa0a1b6aae2d84a8b2e2a3361f7dd0da7990037d3a2962885b280ce,9.062500120140612,,0.0,,0.0,,0,false,0.04101531315301017,0.2775850830359488,7.355380006826612e-05,,0.039473684210526314,110,0.0,,0.0,0.0,true,true,A,10,10,,3
phase_1,phase1-gemma-2-2b-it-2026-08-17,empirical,google/gemma-2-2b-it,299a8560bedf22ed1c72a8a11e7dce4a7f9f51f8,DGS-004,discovery,easy,mathematics,easy__accurate__neutral,factorial,accurate,neutral,onset_washout,0b8bfcf8db75e7d0aa427eb63258745eaf546c0d951c3b97e31cad29b6db5f6d,10.249999941559508,,0.0,,0.0,,0,false,0.017735837043984008,0.16955245270990768,1.415530697867131e-05,,0.039473684210526314,110,0.0,,0.0,0.0,true,true,A,10,10,,3
phase_1,phase1-gemma-2-2b-it-2026-08-17,empirical,google/gemma-2-2b-it,299a8560bedf22ed1c72a8a11e7dce4a7f9f51f8,DGS-004,discovery,easy,mathematics,easy__malfunctioning_always_fail__hostile,factorial,malfunctioning_always_fail,hostile,measured,148b3646a8bd77dac4d7b118585e8e382dc3dad94f247e652d8783a1e5867e90,10.125000466243364,,0.0,,0.0,,0,false,0.10224263287279574,0.7188862421998574,0.00020159863145238413,,0.039473684210526314,110,0.0,,0.0,0.0,true,true,A,10,10,true,3
phase_1,phase1-gemma-2-2b-it-2026-08-17,empirical,google/gemma-2-2b-it,299a8560bedf22ed1c72a8a11e7dce4a7f9f51f8,DGS-004,discovery,easy,mathematics,easy__malfunctioning_always_fail__hostile,factorial,malfunctioning_always_fail,hostile,recovery,f9b4459db1d71ab8180ea368c47007f435f9c44164d6d7524453ba495f1b5a11,10.000000354251824,,,m2_invalid_final_answer_all_ten_required,0.0,,0,false,0.014622166669037394,0.13076548777066022,1.7562708393615742e-05,,0.039473684210526314,110,0.0,,0.0,0.0,true,true,A,10,9,true,3
phase_1,phase1-gemma-2-2b-it-2026-08-17,empirical,google/gemma-2-2b-it,299a8560bedf22ed1c72a8a11e7dce4a7f9f51f8,DGS-004,discovery,easy,mathematics,easy__malfunctioning_always_fail__neutral,factorial,malfunctioning_always_fail,neutral,measured,86464f9a47dd57773e8a6730ab6a722f47f60c51a3432fcf504b891bc85390a0,8.687500259024091,,0.0,,0.0,,0,false,0.07485645525826941,0.5155930596724152,0.00014216953362474345,,0.039473684210526314,110,0.0,,0.0,0.0,true,true,A,10,10,true,3
phase_1,phase1-gemma-2-2b-it-2026-08-17,empirical,google/gemma-2-2b-it,299a8560bedf22ed1c72a8a11e7dce4a7f9f51f8,DGS-004,discovery,easy,mathematics,easy__malfunctioning_always_fail__neutral,factorial,malfunctioning_always_fail,neutral,recovery,cd41366ab4dc3e53d54bc02d86968abce3ca2958935ebf22a797166f2079b19e,8.87500015029218,,,m2_invalid_final_answer_all_ten_required,0.0,,0,false,0.012626537751657615,0.1092905623504744,1.9869942299986157e-05,,0.039473684210526314,110,0.0,,0.0,0.0,true,true,A,10,9,true,3
phase_1,phase1-gemma-2-2b-it-2026-08-17,empirical,google/gemma-2-2b-it,299a8560bedf22ed1c72a8a11e7dce4a7f9f51f8,DGS-005,discovery,hard,mathematics,hard__accurate__hostile,factorial,accurate,hostile,measured,c506f45b7bf24b08b2d4f1fdad6019b17f40b978c1e8fb0a419dfdf70d48ebd1,10.312500113854185,,0.09999999999999998,,0.0,,0,false,0.2861658095471702,1.4246472183139265,0.0023992485528950567,,0.027777777777777776,299,0.08333333333333333,,0.0,0.0,true,true,B,10,10,,3
phase_1,phase1-gemma-2-2b-it-2026-08-17,empirical,google/gemma-2-2b-it,299a8560bedf22ed1c72a8a11e7dce4a7f9f51f8,DGS-005,discovery,hard,mathematics,hard__accurate__hostile,factorial,accurate,hostile,onset,dd964b529a66a58579f6c55d5caeee75311645444571816b3db8426a7e2e2c8f,9.81249961676076,,,m2_invalid_final_answer_all_ten_required,0.0,,0,false,0.1985136726147975,1.1133914894751022,0.000975054655771903,,0.017094017094017096,389,0.40942028985507245,,0.0,0.0,true,true,B,10,3,,3
phase_1,phase1-gemma-2-2b-it-2026-08-17,empirical,google/gemma-2-2b-it,299a8560bedf22ed1c72a8a11e7dce4a7f9f51f8,DGS-005,discovery,hard,mathematics,hard__accurate__hostile,factorial,accurate,hostile,onset_washout,524c7de41a32389f709d6bf0a8483ee1fc6f968289664041171c7d46c2347cd1,9.062500344589353,,,m2_invalid_final_answer_all_ten_required,,m3_zero_visible_reasoning_tokens,0,false,0.36175807655601816,1.219477881958206,0.002424086607099585,,0.0,5,-0.9818840579710145,,0.0,0.0,true,true,B,10,9,,3
phase_1,phase1-gemma-2-2b-it-2026-08-17,empirical,google/gemma-2-2b-it,299a8560bedf22ed1c72a8a11e7dce4a7f9f51f8,DGS-005,discovery,hard,mathematics,hard__accurate__neutral,factorial,accurate,neutral,measured,3f42e3c570c6a63a6169debaf4d24c04710dfc9db2bfbd914c6f12adc53c5ede,9.937499810592271,,0.19999999999999996,,0.0,,0,false,0.2761173882678101,1.3643955273071458,0.0005620266797557099,,0.03067484662576687,276,0.0,,0.0,0.0,true,true,B,10,10,,3
phase_1,phase1-gemma-2-2b-it-2026-08-17,empirical,google/gemma-2-2b-it,299a8560bedf22ed1c72a8a11e7dce4a7f9f51f8,DGS-005,discovery,hard,mathematics,hard__accurate__neutral,factorial,accurate,neutral,onset,efe2f1dfcfcb8bce603098b29813b66af6bb6b988eec5219bf9a2d12797fdccd,9.937500066589564,,,m2_invalid_final_answer_all_ten_required,0.0,,0,false,0.04466755163069867,0.323652384935353,3.0976042426600105e-05,,0.038461538461538464,278,0.007246376811594203,,0.0,0.0,true,true,B,10,9,,3
phase_1,phase1-gemma-2-2b-it-2026-08-17,empirical,google/gemma-2-2b-it,299a8560bedf22ed1c72a8a11e7dce4a7f9f51f8,DGS-005,discovery,hard,mathematics,hard__accurate__neutral,factorial,accurate,neutral,onset_washout,72a717e7cc4a2603a987ee5949f823c3f08222c8e9f248c043b153da786c79b1,10.50000030559022,,,m2_invalid_final_answer_all_ten_required,0.0,,0,false,0.02225439848834675,0.1827162510281601,1.6318097401609936e-05,,0.038461538461538464,278,0.007246376811594203,,0.0,0.0,true,true,B,10,9,,3
phase_1,phase1-gemma-2-2b-it-2026-08-17,empirical,google/gemma-2-2b-it,299a8560bedf22ed1c72a8a11e7dce4a7f9f51f8,DGS-005,discovery,hard,mathematics,hard__malfunctioning_always_fail__hostile,factorial,malfunctioning_always_fail,hostile,measured,029a6da3e7d638859f20fc3f2c961c7348ac8abd57aadbed118a09b68dea801c,9.499999533873051,,0.19999999999999996,,0.0,,0,false,0.24421329692119023,1.236705178427221,0.0004639360230010567,,0.035211267605633804,238,-0.13768115942028986,,0.0,0.0,true,true,B,10,10,true,3
phase_1,phase1-gemma-2-2b-it-2026-08-17,empirical,google/gemma-2-2b-it,299a8560bedf22ed1c72a8a11e7dce4a7f9f51f8,DGS-005,discovery,hard,mathematics,hard__malfunctioning_always_fail__hostile,factorial,malfunctioning_always_fail,hostile,recovery,2007e62498d91650e60ebbb1332d4906d1c5bc58849ebde21f129b6815164d88,9.624999963794835,,,m2_invalid_final_answer_all_ten_required,0.0,,0,false,0.035683079479893465,0.29166661516104087,8.852283690301918e-05,,0.035211267605633804,238,-0.13768115942028986,,0.0,0.0,true,true,B,10,9,true,3
phase_1,phase1-gemma-2-2b-it-2026-08-17,empirical,google/gemma-2-2b-it,299a8560bedf22ed1c72a8a11e7dce4a7f9f51f8,DGS-005,discovery,hard,mathematics,hard__malfunctioning_always_fail__neutral,factorial,malfunctioning_always_fail,neutral,measured,bbc8eda0c4a59fb1d9cc1f3ff255be0fecf75033fb9410d888fd440b3b480251,9.250000018626451,,,m2_invalid_final_answer_all_ten_required,0.0,,0,false,0.14028597090290978,0.9921215560984803,0.0005791583541242445,,0.034482758620689655,341,0.23550724637681159,,0.0,0.0,true,true,B,10,9,true,3
phase_1,phase1-gemma-2-2b-it-2026-08-17,empirical,google/gemma-2-2b-it,299a8560bedf22ed1c72a8a11e7dce4a7f9f51f8,DGS-005,discovery,hard,mathematics,hard__malfunctioning_always_fail__neutral,factorial,malfunctioning_always_fail,neutral,recovery,90b7ade1d044888dfb6d7a8f0fdb544f6f5242ba89fce2a5c505b7f046c50570,9.312499652034603,,,m2_invalid_final_answer_all_ten_required,0.0,,0,false,0.02284008298198533,0.17439318273153795,3.78946945242977e-05,,0.04,305,0.10507246376811594,,0.0,0.0,true,true,B,10,9,true,3
phase_1,phase1-gemma-2-2b-it-2026-08-17,empirical,google/gemma-2-2b-it,299a8560bedf22ed1c72a8a11e7dce4a7f9f51f8,DGS-007,discovery,hard,mathematics,hard__accurate__hostile,factorial,accurate,hostile,measured,71bbe44e76efbc89d930d95075864328ace1f23e9baac4097bc46bd92f33332b,-1.7499999403953552,,,m2_invalid_final_answer_all_ten_required,0.0,,0,false,0.1447183177145901,0.9709991115030606,0.0016078371202464413,,0.2641509433962264,415,-0.189453125,,0.0,0.0,true,false,C,10,9,,3
phase_1,phase1-gemma-2-2b-it-2026-08-17,empirical,google/gemma-2-2b-it,299a8560bedf22ed1c72a8a11e7dce4a7f9f51f8,DGS-007,discovery,hard,mathematics,hard__accurate__hostile,factorial,accurate,hostile,onset,f23cdb8236781d4085b79dc0c53655bf8ea0cc47dfabd788aeeb34524bdb57e1,,m1_invalid_final_answer,,m2_invalid_final_answer_all_ten_required,0.0,,0,false,0.39159509088767513,1.380382770046855,0.004504268167101713,,0.0,94,-0.81640625,,1.3333333333333333,0.0,false,,,10,6,,3
phase_1,phase1-gemma-2-2b-it-2026-08-17,empirical,google/gemma-2-2b-it,299a8560bedf22ed1c72a8a11e7dce4a7f9f51f8,DGS-007,discovery,hard,mathematics,hard__accurate__hostile,factorial,accurate,hostile,onset_washout,b1d83b5dbd8c88c437ed30b380b5dee2441019eda4e405e5e3a343c2f7457f45,-0.7500000596046448,,,m2_invalid_final_answer_all_ten_required,,m3_zero_visible_reasoning_tokens,0,false,0.48554022821091936,1.3730488643638514,0.00041672982915685886,,0.0,5,-0.990234375,,0.0,0.0,true,false,C,10,6,,3
phase_1,phase1-gemma-2-2b-it-2026-08-17,empirical,google/gemma-2-2b-it,299a8560bedf22ed1c72a8a11e7dce4a7f9f51f8,DGS-007,discovery,hard,mathematics,hard__accurate__neutral,factorial,accurate,neutral,measured,db534d97d9cdd65032707b9d5e62e2efc46430aba23835a474513ede321176d2,,m1_invalid_final_answer,,m2_invalid_final_answer_all_ten_required,0.0,,0,false,0.12297299629144703,0.9065853998868239,0.0015462192072595532,,0.5929203539823009,512,0.0,,0.0,0.0,false,,,10,9,,3
phase_1,phase1-gemma-2-2b-it-2026-08-17,empirical,google/gemma-2-2b-it,299a8560bedf22ed1c72a8a11e7dce4a7f9f51f8,DGS-007,discovery,hard,mathematics,hard__accurate__neutral,factorial,accurate,neutral,onset,0fa441cc21df3074861b7a699c96f2f6730e96e46eea61f27009b207e42d4980,,m1_invalid_final_answer,,m2_invalid_final_answer_all_ten_required,0.0,,0,false,0.07312686935470349,0.5587282407045769,0.0006377967835124014,,0.4940119760479042,512,0.0,,0.0,0.0,false,,,10,8,,3
phase_1,phase1-gemma-2-2b-it-2026-08-17,empirical,google/gemma-2-2b-it,299a8560bedf22ed1c72a8a11e7dce4a7f9f51f8,DGS-007,discovery,hard,mathematics,hard__accurate__neutral,factorial,accurate,neutral,onset_washout,57b167f6d29e154830cb0a9df8a4ff98996d0a66a8287aad71441c510c6d2b10,,m1_invalid_final_answer,,m2_invalid_final_answer_all_ten_required,0.0,,0,false,0.03970691813483009,0.3164070024552141,0.00022973076921041307,,0.4940119760479042,512,0.0,,0.0,0.0,false,,,10,8,,3
phase_1,phase1-gemma-2-2b-it-2026-08-17,empirical,google/gemma-2-2b-it,299a8560bedf22ed1c72a8a11e7dce4a7f9f51f8,DGS-007,discovery,hard,mathematics,hard__malfunctioning_always_fail__hostile,factorial,malfunctioning_always_fail,hostile,measured,11bcdea5a9b0bbf86f42eafdc9d7b6aff5f83c361286278634135ee0737373c0,-1.75,,,m2_invalid_final_answer_all_ten_required,0.0,,0,false,0.16163952107941154,1.0628551649279263,0.0018202947685175296,,0.26515151515151514,414,-0.19140625,,0.0,0.0,true,false,C,10,7,false,3
phase_1,phase1-gemma-2-2b-it-2026-08-17,empirical,google/gemma-2-2b-it,299a8560bedf22ed1c72a8a11e7dce4a7f9f51f8,DGS-007,discovery,hard,mathematics,hard__malfunctioning_always_fail__hostile,factorial,malfunctioning_always_fail,hostile,recovery,572c6e8887a24f85d5644bfb92d18a9bc45f419ec03785ef3cd852b39d469bfc,-0.5,,,m2_invalid_final_answer_all_ten_required,,m3_zero_visible_reasoning_tokens,0,false,0.6069387459028894,1.4478393592284409,0.0022739231112049564,,0.0,5,-0.990234375,,0.0,0.0,true,false,C,10,7,false,3
phase_1,phase1-gemma-2-2b-it-2026-08-17,empirical,google/gemma-2-2b-it,299a8560bedf22ed1c72a8a11e7dce4a7f9f51f8,DGS-007,discovery,hard,mathematics,hard__malfunctioning_always_fail__neutral,factorial,malfunctioning_always_fail,neutral,measured,3b63e8ed730f36175ef210f3e5bcba60d6cfe3ed38a864a24c4d9bc29bf25383,,m1_invalid_final_answer,,m2_invalid_final_answer_all_ten_required,0.0,,0,false,0.25632211976881863,1.5212048627394863,0.0054611657423368045,,0.4577259475218659,512,0.0,,0.0,0.0,false,,,10,9,false,3
phase_1,phase1-gemma-2-2b-it-2026-08-17,empirical,google/gemma-2-2b-it,299a8560bedf22ed1c72a8a11e7dce4a7f9f51f8,DGS-007,discovery,hard,mathematics,hard__malfunctioning_always_fail__neutral,factorial,malfunctioning_always_fail,neutral,recovery,3f6b378d7db7524aa5ffe241254f81b2c02e9cae5db96420091007976269cfec,,m1_invalid_final_answer,,m2_invalid_final_answer_all_ten_required,0.0,,0,false,0.04778189817472744,0.380347444867069,0.00037178622145093597,,0.4940119760479042,512,0.0,,0.0,0.0,false,,,10,8,false,3
phase_1,phase1-gemma-2-2b-it-2026-08-17,empirical,google/gemma-2-2b-it,299a8560bedf22ed1c72a8a11e7dce4a7f9f51f8,DGS-010,discovery,easy,logic,easy__accurate__hostile,factorial,accurate,hostile,measured,db1c63bd7c0c4b55232d3b599e6ec67a26cebe26b176ef85ded356135c1ced01,7.7500002237502486,,0.4,,0.0,,0,false,0.472425503628462,1.550428343730718,0.002346930086721485,,0.023255813953488372,71,-0.013888888888888888,,0.0,0.0,true,true,B,10,10,,3
phase_1,phase1-gemma-2-2b-it-2026-08-17,empirical,google/gemma-2-2b-it,299a8560bedf22ed1c72a8a11e7dce4a7f9f51f8,DGS-010,discovery,easy,logic,easy__accurate__hostile,factorial,accurate,hostile,onset,b77f0d5c7cd17c25639543d75c6626f493c5d92465520a58777831f33ad1632d,5.000000104308128,,,m2_invalid_final_answer_all_ten_required,0.0,,0,false,1.1625142063850906,2.1512795573430927,0.02252702038558188,,0.0,78,0.08333333333333333,,0.0,0.0,true,true,B,10,4,,3
phase_1,phase1-gemma-2-2b-it-2026-08-17,empirical,google/gemma-2-2b-it,299a8560bedf22ed1c72a8a11e7dce4a7f9f51f8,DGS-010,discovery,easy,logic,easy__accurate__hostile,factorial,accurate,hostile,onset_washout,4df96406ea8a8e153fdb460231a90e040c691a2f187baae4d60142b00e9934eb,8.000000382540748,,,m2_invalid_final_answer_all_ten_required,0.0,,0,false,0.055212355205802456,0.3668163512645713,0.00014411585599669627,,0.023255813953488372,71,-0.013888888888888888,,0.0,0.0,true,true,B,10,8,,3
phase_1,phase1-gemma-2-2b-it-2026-08-17,empirical,google/gemma-2-2b-it,299a8560bedf22ed1c72a8a11e7dce4a7f9f51f8,DGS-010,discovery,easy,logic,easy__accurate__neutral,factorial,accurate,neutral,measured,d80f74af97c447d9332d3ca26281a931c9b740c68d3f8937a1195faae81ffe36,-9.749999608146027,,0.0,,0.0,,0,false,0.5073852667426955,1.595030806776028,0.0032587971964394232,,0.022727272727272728,72,0.0,,0.0,0.0,true,false,C,10,10,,3
phase_1,phase1-gemma-2-2b-it-2026-08-17,empirical,google/gemma-2-2b-it,299a8560bedf22ed1c72a8a11e7dce4a7f9f51f8,DGS-010,discovery,easy,logic,easy__accurate__neutral,factorial,accurate,neutral,onset,8f7cc7a1cc51c33a8a3e2fe012aa3f111ee444ab061e007896cf8026c35e404f,-10.749999745050445,,0.09999999999999998,,0.0,,0,false,0.07839758633850899,0.4394685248442534,0.00013360515522240705,,0.022727272727272728,72,0.0,,0.0,0.0,true,false,C,10,10,,3
phase_1,phase1-gemma-2-2b-it-2026-08-17,empirical,google/gemma-2-2b-it,299a8560bedf22ed1c72a8a11e7dce4a7f9f51f8,DGS-010,discovery,easy,logic,easy__accurate__neutral,factorial,accurate,neutral,onset_washout,3967acb4bc0ba2ba16e5645274e75f3a3c4129c9811c2141de7fc96bcc8f4cfb,-10.687500160827767,,0.09999999999999998,,0.0,,0,false,0.05003218799983087,0.2840956762505888,0.00014076472080054272,,0.022727272727272728,72,0.0,,0.0,0.0,true,false,C,10,10,,3
phase_1,phase1-gemma-2-2b-it-2026-08-17,empirical,google/gemma-2-2b-it,299a8560bedf22ed1c72a8a11e7dce4a7f9f51f8,DGS-010,discovery,easy,logic,easy__malfunctioning_always_fail__hostile,factorial,malfunctioning_always_fail,hostile,measured,6c650c7f1b190768e7c9c6a9099670171f5eaeb3699d845cbf6a86b08bfb6912,8.31250024982728,,0.09999999999999998,,0.0,,0,false,0.6341549635955261,1.8042962457304164,0.006739968215959005,,0.0,67,-0.06944444444444445,,0.0,0.0,true,true,B,10,10,true,3
phase_1,phase1-gemma-2-2b-it-2026-08-17,empirical,google/gemma-2-2b-it,299a8560bedf22ed1c72a8a11e7dce4a7f9f51f8,DGS-010,discovery,easy,logic,easy__malfunctioning_always_fail__hostile,factorial,malfunctioning_always_fail,hostile,recovery,d12b404c428994528b7b3c321ce6f3363b78907a02bb517c10cb464fccacfd79,7.8125002179294825,,,m2_invalid_final_answer_all_ten_required,0.0,,0,false,0.09275274457454624,0.6459433614069424,0.00040739095197867584,,0.0,67,-0.06944444444444445,,0.0,0.0,true,true,B,10,7,true,3
phase_1,phase1-gemma-2-2b-it-2026-08-17,empirical,google/gemma-2-2b-it,299a8560bedf22ed1c72a8a11e7dce4a7f9f51f8,DGS-010,discovery,easy,logic,easy__malfunctioning_always_fail__neutral,factorial,malfunctioning_always_fail,neutral,measured,42918ce02369ca5f4f72074d0ed2eda61165cf75708d951a1c32cd7097ec4e2d,-9.750000058440492,,0.19999999999999996,,0.0,,0,false,0.505286579055713,1.5847450197162936,0.003248555889923214,,0.022727272727272728,72,0.0,,0.0,0.0,true,false,C,10,10,false,3
phase_1,phase1-gemma-2-2b-it-2026-08-17,empirical,google/gemma-2-2b-it,299a8560bedf22ed1c72a8a11e7dce4a7f9f51f8,DGS-010,discovery,easy,logic,easy__malfunctioning_always_fail__neutral,factorial,malfunctioning_always_fail,neutral,recovery,a4a64b0c5db62b19b43a3e386e9028af2406b0c6318922996849cd3c2b2db5bc,-9.562499602208845,,0.4,,0.0,,0,false,0.06644283110820136,0.44702672918889713,0.0003107129755954941,,0.05555555555555555,111,0.5416666666666666,,0.0,0.0,true,false,C,10,10,false,3
phase_1,phase1-gemma-2-2b-it-2026-08-17,empirical,google/gemma-2-2b-it,299a8560bedf22ed1c72a8a11e7dce4a7f9f51f8,DGS-012,discovery,easy,logic,easy__accurate__hostile,factorial,accurate,hostile,measured,78acb21aaa899231f4f0febd8c1ba8f0f5ba0870a287cb5870a094816a59412b,-9.124999951338395,,0.5,,0.0,,0,false,0.5403615746528863,1.8356690778594327,0.009258443966632963,,0.0,46,-0.02127659574468085,,0.0,0.0,true,false,D,10,10,,3
phase_1,phase1-gemma-2-2b-it-2026-08-17,empirical,google/gemma-2-2b-it,299a8560bedf22ed1c72a8a11e7dce4a7f9f51f8,DGS-012,discovery,easy,logic,easy__accurate__hostile,factorial,accurate,hostile,onset,f867a045ff3dffc0feb3d5f8c2b4aae5eabe4e39c29b73a1e0971efa5e189d1d,,m1_invalid_final_answer,,m2_invalid_final_answer_all_ten_required,0.0,,0,false,0.33757438882982577,1.420153112692796,0.004272499329508203,,0.09345794392523364,157,2.3404255319148937,,0.0,0.0,false,,,10,5,,3
phase_1,phase1-gemma-2-2b-it-2026-08-17,empirical,google/gemma-2-2b-it,299a8560bedf22ed1c72a8a11e7dce4a7f9f51f8,DGS-012,discovery,easy,logic,easy__accurate__hostile,factorial,accurate,hostile,onset_washout,ded5d0f23d6b2cd7d01974f17abc24e240dcda9d094633d3a91348e1437ad3f9,-8.562499586027116,,,m2_invalid_final_answer_all_ten_required,0.0,,0,false,0.08857676946282948,0.6144957258535213,0.00021604451862324315,,0.0,46,-0.02127659574468085,,0.0,0.0,true,false,D,10,8,,3
phase_1,phase1-gemma-2-2b-it-2026-08-17,empirical,google/gemma-2-2b-it,299a8560bedf22ed1c72a8a11e7dce4a7f9f51f8,DGS-012,discovery,easy,logic,easy__accurate__neutral,factorial,accurate,neutral,measured,0ff518df9fe10d1e0122e71a6d9f4dee933418f7adb74c203dd2ff19bd2865d1,-9.312499844003469,,0.4,,0.0,,0,false,0.556416360588472,1.8511211414738753,0.010240265226200527,,0.0,47,0.0,,0.0,0.0,true,false,D,10,10,,3
phase_1,phase1-gemma-2-2b-it-2026-08-17,empirical,google/gemma-2-2b-it,299a8560bedf22ed1c72a8a11e7dce4a7f9f51f8,DGS-012,discovery,easy,logic,easy__accurate__neutral,factorial,accurate,neutral,onset,97254516eab1d7f35e8b231d00215c4f3a70797cd493f1aca2b7e64ed97f0f81,-9.187500357627869,,0.4,,0.0,,0,false,0.06797654327427279,0.45550960461519174,0.0001248985549424628,,0.2413793103448276,90,0.9148936170212766,,0.0,0.0,true,false,D,10,10,,3
phase_1,phase1-gemma-2-2b-it-2026-08-17,empirical,google/gemma-2-2b-it,299a8560bedf22ed1c72a8a11e7dce4a7f9f51f8,DGS-012,discovery,easy,logic,easy__accurate__neutral,factorial,accurate,neutral,onset_washout,f82e45dc8ba7b6f7b4836906ea633fdc2b601e56f45b5cc39dabbc8264e3a75c,-9.687500262632966,,0.19999999999999996,,0.0,,0,false,0.0403298320635211,0.3191601791870156,6.311172684053062e-05,,0.2413793103448276,90,0.9148936170212766,,0.0,0.0,true,false,D,10,10,,3
phase_1,phase1-gemma-2-2b-it-2026-08-17,empirical,google/gemma-2-2b-it,299a8560bedf22ed1c72a8a11e7dce4a7f9f51f8,DGS-012,discovery,easy,logic,easy__malfunctioning_always_fail__hostile,factorial,malfunctioning_always_fail,hostile,measured,473658b080e5a6049871fa820a36a0a559a52fa737c223b2ea6f48fc2122be32,-9.812499677296728,,0.5,,0.0,,0,false,0.5241549924476788,1.7759005507186063,0.008514740476947774,,0.0,47,0.0,,0.0,0.0,true,false,D,10,10,false,3
phase_1,phase1-gemma-2-2b-it-2026-08-17,empirical,google/gemma-2-2b-it,299a8560bedf22ed1c72a8a11e7dce4a7f9f51f8,DGS-012,discovery,easy,logic,easy__malfunctioning_always_fail__hostile,factorial,malfunctioning_always_fail,hostile,recovery,d2b782f3ee66a5884a4edf052ba2fa54c462f8c9a8af77bff3b25b3ea4fa598d,-9.187500449363142,,0.5,,0.0,,0,false,0.08231509201618506,0.531800321862579,0.0007943092194344093,,0.0,47,0.0,,0.0,0.0,true,false,D,10,10,false,3
phase_1,phase1-gemma-2-2b-it-2026-08-17,empirical,google/gemma-2-2b-it,299a8560bedf22ed1c72a8a11e7dce4a7f9f51f8,DGS-012,discovery,easy,logic,easy__malfunctioning_always_fail__neutral,factorial,malfunctioning_always_fail,neutral,measured,d43c165de0c62ae3fa99e6a0d4bd81395dee66a8dfa9998aa4c7b4d85aaa1760,-9.812500427942723,,0.5,,0.0,,0,false,0.5171593420001064,1.827978226377366,0.009010587068806654,,0.0,46,-0.02127659574468085,,0.0,0.0,true,false,D,10,10,false,3
phase_1,phase1-gemma-2-2b-it-2026-08-17,empirical,google/gemma-2-2b-it,299a8560bedf22ed1c72a8a11e7dce4a7f9f51f8,DGS-012,discovery,easy,logic,easy__malfunctioning_always_fail__neutral,factorial,malfunctioning_always_fail,neutral,recovery,1dd7a5eaa3452e0c829d6fe7d6f6772c41fa221dc8ddc681931372e217716110,-10.37500012095552,,0.6,,0.0,,0,false,0.08332327858219854,0.6859118976536593,0.00028411676694204904,,0.1896551724137931,90,0.9148936170212766,,0.0,0.0,true,false,D,10,10,false,3
phase_1,phase1-gemma-2-2b-it-2026-08-17,empirical,google/gemma-2-2b-it,299a8560bedf22ed1c72a8a11e7dce4a7f9f51f8,DGS-014,discovery,hard,logic,hard__accurate__hostile,factorial,accurate,hostile,measured,af0880b5285fb973e4be605e6810bf55b9c8b5b0673d5f38169b42d774099acc,,m1_invalid_final_answer,,m2_invalid_final_answer_all_ten_required,0.0,,0,false,0.49512350756856277,1.94350704868427,0.005756901473458875,,0.1111111111111111,82,-0.07865168539325842,,0.0,0.0,false,,,10,5,,3
phase_1,phase1-gemma-2-2b-it-2026-08-17,empirical,google/gemma-2-2b-it,299a8560bedf22ed1c72a8a11e7dce4a7f9f51f8,DGS-014,discovery,hard,logic,hard__accurate__hostile,factorial,accurate,hostile,onset,5748fa7b604448fc4fe0eab564aee03432093017e1ed66bb0fa8248c34ec74b7,,m1_invalid_final_answer,,m2_invalid_final_answer_all_ten_required,0.0,,0,false,0.48732239810960176,1.658824616535039,0.008236144281753023,,0.0440251572327044,238,1.6741573033707866,,0.0,0.0,false,,,10,2,,3
phase_1,phase1-gemma-2-2b-it-2026-08-17,empirical,google/gemma-2-2b-it,299a8560bedf22ed1c72a8a11e7dce4a7f9f51f8,DGS-014,discovery,hard,logic,hard__accurate__hostile,factorial,accurate,hostile,onset_washout,ed095b08afd02f1e438a099590693b5a44d2cf06bdd9bd86ce9b1950416482b9,,m1_invalid_final_answer,,m2_invalid_final_answer_all_ten_required,0.0,,0,false,0.06284505773380776,0.4324783617432954,0.00024124697865572135,,0.1111111111111111,82,-0.07865168539325842,,0.0,0.0,false,,,10,4,,3
phase_1,phase1-gemma-2-2b-it-2026-08-17,empirical,google/gemma-2-2b-it,299a8560bedf22ed1c72a8a11e7dce4a7f9f51f8,DGS-014,discovery,hard,logic,hard__accurate__neutral,factorial,accurate,neutral,measured,8d91bfea9b3c51e2f7ba122d629012a6a058ac25176fd55e517ca34ddc90b52b,,m1_invalid_final_answer,,m2_invalid_final_answer_all_ten_required,0.0,,0,false,0.775589472187022,2.2262999533573815,0.016508628144376307,,0.03125,89,0.0,,0.0,0.0,false,,,10,4,,3
phase_1,phase1-gemma-2-2b-it-2026-08-17,empirical,google/gemma-2-2b-it,299a8560bedf22ed1c72a8a11e7dce4a7f9f51f8,DGS-014,discovery,hard,logic,hard__accurate__neutral,factorial,accurate,neutral,onset,41e8f114ec914942fa1a981040530b946c9242495f4f9b6b48f5848c3ac0ea12,,m1_invalid_final_answer,,m2_invalid_final_answer_all_ten_required,0.0,,0,false,0.03764014784468772,0.2932039930435834,0.00010399390075646528,,0.3385416666666667,280,2.146067415730337,,0.0,0.0,false,,,10,3,,3
phase_1,phase1-gemma-2-2b-it-2026-08-17,empirical,google/gemma-2-2b-it,299a8560bedf22ed1c72a8a11e7dce4a7f9f51f8,DGS-014,discovery,hard,logic,hard__accurate__neutral,factorial,accurate,neutral,onset_washout,1e13fb16987834cbb35625a96ea8f2692bf50d8d62536382c808905de2fdfc78,,m1_invalid_final_answer,,m2_invalid_final_answer_all_ten_required,0.0,,0,false,0.027303202318705797,0.21798042884900934,9.849914232408299e-05,,0.3385416666666667,280,2.146067415730337,,0.0,0.0,false,,,10,3,,3
phase_1,phase1-gemma-2-2b-it-2026-08-17,empirical,google/gemma-2-2b-it,299a8560bedf22ed1c72a8a11e7dce4a7f9f51f8,DGS-014,discovery,hard,logic,hard__malfunctioning_always_fail__hostile,factorial,malfunctioning_always_fail,hostile,measured,93808232d4f888dc47a63a59469fe2e49e89d72cd0a2957df8bf864d4fe1d617,-9.312499680556357,,,m2_invalid_final_answer_all_ten_required,0.0,,0,false,0.527438520951788,1.838926656233793,0.0075013456901711585,,0.08527131782945736,192,1.1573033707865168,,0.0,0.0,true,false,C,10,1,false,3
phase_1,phase1-gemma-2-2b-it-2026-08-17,empirical,google/gemma-2-2b-it,299a8560bedf22ed1c72a8a11e7dce4a7f9f51f8,DGS-014,discovery,hard,logic,hard__malfunctioning_always_fail__hostile,factorial,malfunctioning_always_fail,hostile,recovery,3dbcbed5760e5fc0004151e2c14cfe999c7ef1baa3a246acc5ae79108b404ca0,,m1_candidate_absent_B,,m2_invalid_final_answer_all_ten_required,,m3_zero_visible_reasoning_tokens,0,false,0.584034317498849,1.641790604095583,0.004372759277415117,,0.0,5,-0.9438202247191011,,0.0,0.0,true,false,C,10,1,false,3
phase_1,phase1-gemma-2-2b-it-2026-08-17,empirical,google/gemma-2-2b-it,299a8560bedf22ed1c72a8a11e7dce4a7f9f51f8,DGS-014,discovery,hard,logic,hard__malfunctioning_always_fail__neutral,factorial,malfunctioning_always_fail,neutral,measured,ff19503b858ca93a067bd876a7ed554d2ec9db4c53c0b81750fa3a86b5a75ea3,-5.7500000931322575,,,m2_invalid_final_answer_all_ten_required,0.0,,0,false,0.6383567472441165,2.085531811562657,0.013714832719677269,,0.11627906976744186,185,1.0786516853932584,,0.0,0.0,true,false,D,10,4,false,3
phase_1,phase1-gemma-2-2b-it-2026-08-17,empirical,google/gemma-2-2b-it,299a8560bedf22ed1c72a8a11e7dce4a7f9f51f8,DGS-014,discovery,hard,logic,hard__malfunctioning_always_fail__neutral,factorial,malfunctioning_always_fail,neutral,recovery,8c0496f1bd3a7321a4ecac1da4daab2782e09feae17f6683340ffbd0eda76de3,-7.2499998630955815,,,m2_invalid_final_answer_all_ten_required,0.0,,0,false,0.1326788244318632,1.0337811151485337,0.0008037933362655955,,0.2922374429223744,312,2.50561797752809,,0.0,0.0,true,false,D,10,3,false,3
phase_1,phase1-gemma-2-2b-it-2026-08-17,empirical,google/gemma-2-2b-it,299a8560bedf22ed1c72a8a11e7dce4a7f9f51f8,DGS-015,discovery,hard,logic,hard__accurate__hostile,factorial,accurate,hostile,measured,1b348a1df9499ffaf4c84b9e2609729704f8b1de7145d90436c40f3cbbc14727,-5.2500001192092896,,,m2_invalid_final_answer_all_ten_required,0.0,,0,false,0.45370369771813446,1.9322514535432098,0.005559526626991442,,0.18478260869565216,120,-0.4618834080717489,,0.0,0.0,true,false,D,10,9,,3
phase_1,phase1-gemma-2-2b-it-2026-08-17,empirical,google/gemma-2-2b-it,299a8560bedf22ed1c72a8a11e7dce4a7f9f51f8,DGS-015,discovery,hard,logic,hard__accurate__hostile,factorial,accurate,hostile,onset,44788148cba4a5ecb66ebec033e63a4ba90e42365e93d583819dbf1119f95fe1,,m1_invalid_final_answer,,m2_invalid_final_answer_all_ten_required,0.0,,0,false,0.30612037250608265,1.4114465505361988,0.0033681622657207146,,0.11235955056179775,244,0.09417040358744394,,0.0,0.0,false,,,10,2,,3
phase_1,phase1-gemma-2-2b-it-2026-08-17,empirical,google/gemma-2-2b-it,299a8560bedf22ed1c72a8a11e7dce4a7f9f51f8,DGS-015,discovery,hard,logic,hard__accurate__hostile,factorial,accurate,hostile,onset_washout,e14253066d36d8e6966f90a62db7e9f484f6eca747df386cb4660e9b3186b723,-0.875,,,m2_invalid_final_answer_all_ten_required,,m3_zero_visible_reasoning_tokens,0,false,0.32436654158807876,0.8217420583657652,0.0005258633222798847,,0.0,5,-0.9775784753363229,,0.0,0.0,true,false,D,10,9,,3
phase_1,phase1-gemma-2-2b-it-2026-08-17,empirical,google/gemma-2-2b-it,299a8560bedf22ed1c72a8a11e7dce4a7f9f51f8,DGS-015,discovery,hard,logic,hard__accurate__neutral,factorial,accurate,neutral,measured,32f95f73a612ea37045cbf634814e61bc84d750c0928d0790a21eb380466293e,8.31250031478703,,,m2_invalid_final_answer_all_ten_required,0.0,,0,false,0.09607574118231467,0.7819035594218462,0.0007445337211734673,,0.5064102564102564,223,0.0,,0.0,0.0,true,true,C,10,9,,3
phase_1,phase1-gemma-2-2b-it-2026-08-17,empirical,google/gemma-2-2b-it,299a8560bedf22ed1c72a8a11e7dce4a7f9f51f8,DGS-015,discovery,hard,logic,hard__accurate__neutral,factorial,accurate,neutral,onset,daad78465cf9d52119fb8c8ada025bf690884b398599d69d0ad3551b0eb86c8d,7.312499810010195,,,m2_invalid_final_answer_all_ten_required,0.0,,0,false,0.04646540850669237,0.3458954405594428,0.0001494292892949979,,0.5064102564102564,223,0.0,,0.0,0.0,true,true,C,10,5,,3
phase_1,phase1-gemma-2-2b-it-2026-08-17,empirical,google/gemma-2-2b-it,299a8560bedf22ed1c72a8a11e7dce4a7f9f51f8,DGS-015,discovery,hard,logic,hard__accurate__neutral,factorial,accurate,neutral,onset_washout,12d3c31dc85065498ff1d0fab82f3f078bad72a4b475edcc467a41025e54f156,9.375000263680704,,,m2_invalid_final_answer_all_ten_required,0.0,,0,false,0.013913046569603427,0.11990272767503296,2.64232872976447e-05,,0.5064102564102564,223,0.0,,0.0,0.0,true,true,C,10,6,,3
phase_1,phase1-gemma-2-2b-it-2026-08-17,empirical,google/gemma-2-2b-it,299a8560bedf22ed1c72a8a11e7dce4a7f9f51f8,DGS-015,discovery,hard,logic,hard__malfunctioning_always_fail__hostile,factorial,malfunctioning_always_fail,hostile,measured,b3e77572f1645baeb5f9db2616ace0cc98b5494d7a0e41da10a2b86bacaf0b7c,8.749999669846147,,,m2_invalid_final_answer_all_ten_required,0.0,,0,false,0.4561969805280778,1.8166461641767764,0.006861997303187402,,0.01694915254237288,98,-0.5605381165919282,,0.0,0.0,true,true,C,10,7,true,3
phase_1,phase1-gemma-2-2b-it-2026-08-17,empirical,google/gemma-2-2b-it,299a8560bedf22ed1c72a8a11e7dce4a7f9f51f8,DGS-015,discovery,hard,logic,hard__malfunctioning_always_fail__hostile,factorial,malfunctioning_always_fail,hostile,recovery,7de3f56d1b339fe4f90458a50f4dd3eb898c004db3693a09a6eeed33a884e47d,4.250000057742,,,m2_invalid_final_answer_all_ten_required,,m3_zero_visible_reasoning_tokens,0,false,0.32724938875238885,1.0825397407663362,0.0010605847807768853,,0.0,5,-0.9775784753363229,,0.0,0.0,true,true,C,10,9,true,3
phase_1,phase1-gemma-2-2b-it-2026-08-17,empirical,google/gemma-2-2b-it,299a8560bedf22ed1c72a8a11e7dce4a7f9f51f8,DGS-015,discovery,hard,logic,hard__malfunctioning_always_fail__neutral,factorial,malfunctioning_always_fail,neutral,measured,dd67921947837bab215105bf7b7168bd792061e9fa142b583c4765645b1ac6ea,6.125000114552677,,,m2_invalid_final_answer_all_ten_required,0.0,,0,false,0.14626166644848904,0.9564971500673312,0.0010792379229508558,,0.22807017543859648,171,-0.23318385650224216,,0.0,0.0,true,true,C,10,8,true,3
phase_1,phase1-gemma-2-2b-it-2026-08-17,empirical,google/gemma-2-2b-it,299a8560bedf22ed1c72a8a11e7dce4a7f9f51f8,DGS-015,discovery,hard,logic,hard__malfunctioning_always_fail__neutral,factorial,malfunctioning_always_fail,neutral,recovery,2006633b4e1f47bb40262b72cafeeb4df5077dc31e0bc5b5cb45fb354576dd08,8.312500082654878,,,m2_invalid_final_answer_all_ten_required,0.0,,0,false,0.03779805081963956,0.28696583311354695,0.00017848689773500406,,0.22807017543859648,171,-0.23318385650224216,,0.0,0.0,true,true,C,10,7,true,3
phase_1,phase1-gemma-2-2b-it-2026-08-17,empirical,google/gemma-2-2b-it,299a8560bedf22ed1c72a8a11e7dce4a7f9f51f8,DGS-018,discovery,easy,science,easy__accurate__hostile,factorial,accurate,hostile,measured,a7bba40933b66306ec3378b9d7f0eab5abfec2e8f1aa9a8a9be0c03d57ee8afc,10.062499912106432,,0.0,,0.0,,0,false,0.2927541978824734,1.362228650479686,0.0020716438871729455,,0.0,88,0.14285714285714285,,0.0,0.0,true,true,B,10,10,,3
phase_1,phase1-gemma-2-2b-it-2026-08-17,empirical,google/gemma-2-2b-it,299a8560bedf22ed1c72a8a11e7dce4a7f9f51f8,DGS-018,discovery,easy,science,easy__accurate__hostile,factorial,accurate,hostile,onset,303239b925c53f2b83ed2a3c9969a0a9d6ae160bf2622f8433155e7741fe6bb4,9.874999704305083,,,m2_invalid_final_answer_all_ten_required,0.0,,0,false,0.3035055934628743,1.3629139640120453,0.0011185426628953644,,0.0,114,0.4805194805194805,,0.0,0.0,true,true,B,10,8,,3
phase_1,phase1-gemma-2-2b-it-2026-08-17,empirical,google/gemma-2-2b-it,299a8560bedf22ed1c72a8a11e7dce4a7f9f51f8,DGS-018,discovery,easy,science,easy__accurate__hostile,factorial,accurate,hostile,onset_washout,6ee86bd6c33b0c4a94b4bfcab1991d5e2a8db111d8aceaca407fae1920845e5a,10.81250005000038,,,m2_invalid_final_answer_all_ten_required,0.0,,0,false,0.02159549509250168,0.17648455577822578,2.7117588819025847e-05,,0.0,88,0.14285714285714285,,0.0,0.0,true,true,B,10,9,,3
phase_1,phase1-gemma-2-2b-it-2026-08-17,empirical,google/gemma-2-2b-it,299a8560bedf22ed1c72a8a11e7dce4a7f9f51f8,DGS-018,discovery,easy,science,easy__accurate__neutral,factorial,accurate,neutral,measured,a38a1fcfd1b5f4730e24db6fefeecddb0a24fcdf53468e8fe15dfc3d320f0a58,10.187500216881745,,0.0,,0.0,,0,false,0.7684205757756377,2.193216139336055,0.010886088106112019,,0.0,77,0.0,,0.0,0.0,true,true,B,10,10,,3
phase_1,phase1-gemma-2-2b-it-2026-08-17,empirical,google/gemma-2-2b-it,299a8560bedf22ed1c72a8a11e7dce4a7f9f51f8,DGS-018,discovery,easy,science,easy__accurate__neutral,factorial,accurate,neutral,onset,145af7ca524638e3f318e9af5407c56d5bb8ae81ee5c7fe9c0325e0d393f4c75,9.812500016065314,,,m2_invalid_final_answer_all_ten_required,0.0,,0,false,0.06928473497508274,0.4735702267143275,0.00017219508235321397,,0.0,89,0.15584415584415584,,0.0,0.0,true,true,B,10,9,,3
phase_1,phase1-gemma-2-2b-it-2026-08-17,empirical,google/gemma-2-2b-it,299a8560bedf22ed1c72a8a11e7dce4a7f9f51f8,DGS-018,discovery,easy,science,easy__accurate__neutral,factorial,accurate,neutral,onset_washout,cfff4b94671f1693fa63e9eec9d0424258b8d1daad441aff15239985a4baa197,10.875000388594344,,0.0,,0.0,,0,false,0.02772623510265472,0.23375439666366965,3.44396312010986e-05,,0.0,89,0.15584415584415584,,0.0,0.0,true,true,B,10,10,,3
phase_1,phase1-gemma-2-2b-it-2026-08-17,empirical,google/gemma-2-2b-it,299a8560bedf22ed1c72a8a11e7dce4a7f9f51f8,DGS-018,discovery,easy,science,easy__malfunctioning_always_fail__hostile,factorial,malfunctioning_always_fail,hostile,measured,93e6870ddfc6a28c2111330e6c733ab1e0201cfb6814cbaafe6179dcf6d69956,9.124999915715307,,0.0,,0.0,,0,false,0.6669629179000636,1.7549008547724785,0.005137172413956049,,0.0,85,0.1038961038961039,,0.0,0.0,true,true,B,10,10,true,3
phase_1,phase1-gemma-2-2b-it-2026-08-17,empirical,google/gemma-2-2b-it,299a8560bedf22ed1c72a8a11e7dce4a7f9f51f8,DGS-018,discovery,easy,science,easy__malfunctioning_always_fail__hostile,factorial,malfunctioning_always_fail,hostile,recovery,a341fceb8fcf8949c09d09bfa02880e637b76eb36b55fe4b031cd9f95a0b33d3,8.874999748542905,,0.0,,0.0,,0,false,0.06904039131248504,0.40996418220494657,0.00034278080749687074,,0.0,85,0.1038961038961039,,0.0,0.0,true,true,B,10,10,true,3
phase_1,phase1-gemma-2-2b-it-2026-08-17,empirical,google/gemma-2-2b-it,299a8560bedf22ed1c72a8a11e7dce4a7f9f51f8,DGS-018,discovery,easy,science,easy__malfunctioning_always_fail__neutral,factorial,malfunctioning_always_fail,neutral,measured,ef860da06ee1e958fce169db4db0361860fe0d9a031456ca2c30b19764ec0f02,8.5624995426042,,0.0,,0.0,,0,false,0.30201025052027586,1.3481167369084965,0.002591326697497205,,0.0,88,0.14285714285714285,,0.0,0.0,true,true,B,10,10,true,3
phase_1,phase1-gemma-2-2b-it-2026-08-17,empirical,google/gemma-2-2b-it,299a8560bedf22ed1c72a8a11e7dce4a7f9f51f8,DGS-018,discovery,easy,science,easy__malfunctioning_always_fail__neutral,factorial,malfunctioning_always_fail,neutral,recovery,76b4dcea430cde2d07715d98646ac562fb348d086947866e50fbf0ea79dad487,8.937499941908754,,0.0,,0.0,,0,false,0.04612071214626403,0.29216198170387186,0.00017284817713886363,,0.0,88,0.14285714285714285,,0.0,0.0,true,true,B,10,10,true,3
phase_1,phase1-gemma-2-2b-it-2026-08-17,empirical,google/gemma-2-2b-it,299a8560bedf22ed1c72a8a11e7dce4a7f9f51f8,DGS-020,discovery,easy,science,easy__accurate__hostile,factorial,accurate,hostile,measured,5caf87f903b36b8ffc57f96d2395505f5dfc641a7c1db0e053d48629b022f29e,10.312500230269507,,0.0,,0.0,,0,false,0.9228095145658193,2.0378075586556736,0.008104119576671218,,0.0,110,-0.07563025210084033,,0.0,0.0,true,true,A,10,10,,3
phase_1,phase1-gemma-2-2b-it-2026-08-17,empirical,google/gemma-2-2b-it,299a8560bedf22ed1c72a8a11e7dce4a7f9f51f8,DGS-020,discovery,easy,science,easy__accurate__hostile,factorial,accurate,hostile,onset,8e52b7471b11d8d4676fe636dfee260c8ea0b59b07c2d591d85b6739df971bb9,,m1_invalid_final_answer,,m2_invalid_final_answer_all_ten_required,0.0,,0,false,0.4994963044438866,1.5725582929676962,0.005684896950461502,,0.007575757575757576,188,0.5798319327731093,,0.0,0.0,false,,,10,5,,3
phase_1,phase1-gemma-2-2b-it-2026-08-17,empirical,google/gemma-2-2b-it,299a8560bedf22ed1c72a8a11e7dce4a7f9f51f8,DGS-020,discovery,easy,science,easy__accurate__hostile,factorial,accurate,hostile,onset_washout,74b777cd6ce67e783920a338683f5cdd28102ef39911319cc75616166be52d56,11.43750007566996,,,m2_invalid_final_answer_all_ten_required,0.0,,0,false,0.09611949386152098,0.6883977049412408,0.00029286435008772524,,0.0,110,-0.07563025210084033,,0.0,0.0,true,true,A,10,7,,3
phase_1,phase1-gemma-2-2b-it-2026-08-17,empirical,google/gemma-2-2b-it,299a8560bedf22ed1c72a8a11e7dce4a7f9f51f8,DGS-020,discovery,easy,science,easy__accurate__neutral,factorial,accurate,neutral,measured,3673196b51c93e88c3838fbb909dc296f92eec88e62db209312bfc6839ef6d88,10.249999900348485,,0.0,,0.0,,0,false,0.4771984377419027,1.6837712350987457,0.003890851434005753,,0.05555555555555555,119,0.0,,0.0,0.0,true,true,A,10,10,,3
phase_1,phase1-gemma-2-2b-it-2026-08-17,empirical,google/gemma-2-2b-it,299a8560bedf22ed1c72a8a11e7dce4a7f9f51f8,DGS-020,discovery,easy,science,easy__accurate__neutral,factorial,accurate,neutral,onset,0a339e9079288f8d3cc20b06087e8f269e491f47a75b6ddc176d61386336f298,7.562499926891178,,0.0,,,m3_zero_visible_reasoning_tokens,0,false,0.016739788804337886,0.03053235254877058,1.687293209888807e-05,,0.0,5,-0.957983193277311,,0.0,0.0,true,true,A,10,10,,3
phase_1,phase1-gemma-2-2b-it-2026-08-17,empirical,google/gemma-2-2b-it,299a8560bedf22ed1c72a8a11e7dce4a7f9f51f8,DGS-020,discovery,easy,science,easy__accurate__neutral,factorial,accurate,neutral,onset_washout,d67b47e4c23b540e08dcd0953235ffd0f9379e6cd69b7da452a9ff5a80e553c2,8.25000040163286,,0.0,,,m3_zero_visible_reasoning_tokens,0,false,0.016527000865852078,0.04321493297418342,2.738572069034273e-05,,0.0,5,-0.957983193277311,,0.0,0.0,true,true,A,10,10,,3
phase_1,phase1-gemma-2-2b-it-2026-08-17,empirical,google/gemma-2-2b-it,299a8560bedf22ed1c72a8a11e7dce4a7f9f51f8,DGS-020,discovery,easy,science,easy__malfunctioning_always_fail__hostile,factorial,malfunctioning_always_fail,hostile,measured,4e034528674f785ca027804f582006861f60d3563b3877036c5599201f36b365,9.74999969243072,,0.09999999999999998,,0.0,,0,false,0.4202060603963418,1.4424147062257455,0.003702002278838532,,0.0,109,-0.08403361344537816,,0.0,0.0,true,true,A,10,10,true,3
phase_1,phase1-gemma-2-2b-it-2026-08-17,empirical,google/gemma-2-2b-it,299a8560bedf22ed1c72a8a11e7dce4a7f9f51f8,DGS-020,discovery,easy,science,easy__malfunctioning_always_fail__hostile,factorial,malfunctioning_always_fail,hostile,recovery,475cd1a946542dba9fffbccd21efbbc91ea2be3bb07bc3ef121ba942cc34d0f0,10.000000086729415,,0.09999999999999998,,0.0,,0,false,0.06291473443486167,0.3711349255188043,0.000219895076672902,,0.0,109,-0.08403361344537816,,0.0,0.0,true,true,A,10,10,true,3
phase_1,phase1-gemma-2-2b-it-2026-08-17,empirical,google/gemma-2-2b-it,299a8560bedf22ed1c72a8a11e7dce4a7f9f51f8,DGS-020,discovery,easy,science,easy__malfunctioning_always_fail__neutral,factorial,malfunctioning_always_fail,neutral,measured,7c89ec8132cf1ced1d6063e3932b986432edfc33642b70de79cdc724a805102c,8.875000257161446,,0.4,,0.0,,0,false,0.2152286113479527,1.1814109763114073,0.0034640547397346553,,0.017543859649122806,159,0.33613445378151263,,0.0,0.0,true,true,A,10,10,true,3
phase_1,phase1-gemma-2-2b-it-2026-08-17,empirical,google/gemma-2-2b-it,299a8560bedf22ed1c72a8a11e7dce4a7f9f51f8,DGS-020,discovery,easy,science,easy__malfunctioning_always_fail__neutral,factorial,malfunctioning_always_fail,neutral,recovery,5019a2c5184b9c55a99966d4451b3907f2acfcba5e914ee268ebb54813ca0692,-7.499999959021807,,0.09999999999999998,,0.0,,0,false,0.1964825917198891,1.1059491798473138,0.0042057457473686985,,0.05217391304347826,160,0.3445378151260504,,0.0,0.0,true,false,D,10,10,true,3
phase_1,phase1-gemma-2-2b-it-2026-08-17,empirical,google/gemma-2-2b-it,299a8560bedf22ed1c72a8a11e7dce4a7f9f51f8,DGS-022,discovery,hard,science,hard__accurate__hostile,factorial,accurate,hostile,measured,6e9f77db58575b7971d3e155ec55c8d7ba471ad2713d1dab42882608a6467931,-4.062499791383743,,,m2_invalid_final_answer_all_ten_required,0.0,,0,false,0.2198145665347963,1.3234374259345532,0.00131809505155662,,0.12781954887218044,305,-0.052795031055900624,,0.0,0.0,true,false,C,10,5,,3
phase_1,phase1-gemma-2-2b-it-2026-08-17,empirical,google/gemma-2-2b-it,299a8560bedf22ed1c72a8a11e7dce4a7f9f51f8,DGS-022,discovery,hard,science,hard__accurate__hostile,factorial,accurate,hostile,onset,aec2dba1e7007dceab4a47852a335f4146abad37ef6179a11842572297069594,,m1_invalid_final_answer,,m2_invalid_final_answer_all_ten_required,0.0,,0,false,0.14081286644991922,0.9132819103468403,0.001352515447621581,,0.058823529411764705,439,0.36335403726708076,,0.0,0.0,false,,,10,2,,3
phase_1,phase1-gemma-2-2b-it-2026-08-17,empirical,google/gemma-2-2b-it,299a8560bedf22ed1c72a8a11e7dce4a7f9f51f8,DGS-022,discovery,hard,science,hard__accurate__hostile,factorial,accurate,hostile,onset_washout,e1ce02c8a5a0fc337c059afa9f535e10664284280a26290a8fb2026f0864901f,-5.062499783933163,,,m2_invalid_final_answer_all_ten_required,0.0,,0,false,0.12610582733946943,0.8584890825809781,0.00047423337570672806,,0.10897435897435898,331,0.027950310559006212,,0.0,0.0,true,false,C,10,5,,3
phase_1,phase1-gemma-2-2b-it-2026-08-17,empirical,google/gemma-2-2b-it,299a8560bedf22ed1c72a8a11e7dce4a7f9f51f8,DGS-022,discovery,hard,science,hard__accurate__neutral,factorial,accurate,neutral,measured,2380d3f4377ed9e2b0035a447c6cdef25cadd9a8a5a90c544af9299212fa087f,-6.749999763444066,,,m2_invalid_final_answer_all_ten_required,0.0,,0,false,0.188223215830485,1.2039494539243742,0.0012483913306603263,,0.10144927536231885,322,0.0,,0.0,0.0,true,false,C,10,5,,3
phase_1,phase1-gemma-2-2b-it-2026-08-17,empirical,google/gemma-2-2b-it,299a8560bedf22ed1c72a8a11e7dce4a7f9f51f8,DGS-022,discovery,hard,science,hard__accurate__neutral,factorial,accurate,neutral,onset,263d69e25028b51dd60522083e2e9547bf6409ec1a618182c2ad17d193ca31ba,,m1_invalid_final_answer,,m2_invalid_final_answer_all_ten_required,0.0,,0,false,0.10391330115665032,0.7116924524685437,0.0004113616492635186,,0.0603448275862069,451,0.40062111801242234,,0.0,0.0,false,,,10,4,,3
phase_1,phase1-gemma-2-2b-it-2026-08-17,empirical,google/gemma-2-2b-it,299a8560bedf22ed1c72a8a11e7dce4a7f9f51f8,DGS-022,discovery,hard,science,hard__accurate__neutral,factorial,accurate,neutral,onset_washout,b85fa564e782418cf2a4b33eabe4e31279eb8e97e218889a9076583be8c8ae15,,m1_invalid_final_answer,,m2_invalid_final_answer_all_ten_required,0.0,,0,false,0.08923715738601955,0.6620179421213017,0.00028487583294712146,,0.06222222222222222,441,0.3695652173913043,,0.0,0.0,false,,,10,4,,3
phase_1,phase1-gemma-2-2b-it-2026-08-17,empirical,google/gemma-2-2b-it,299a8560bedf22ed1c72a8a11e7dce4a7f9f51f8,DGS-022,discovery,hard,science,hard__malfunctioning_always_fail__hostile,factorial,malfunctioning_always_fail,hostile,measured,83812b6ca37f7e7ab1666e38e77cf6b3f53fb6c7beb4a9d46b5b9d4bc4bff3e2,-3.500000089406967,,,m2_invalid_final_answer_all_ten_required,0.0,,0,false,0.28020590095496484,1.4658909438320038,0.0028897169131985655,,0.11009174311926606,267,-0.17080745341614906,,0.0,0.0,true,false,C,10,8,false,3
phase_1,phase1-gemma-2-2b-it-2026-08-17,empirical,google/gemma-2-2b-it,299a8560bedf22ed1c72a8a11e7dce4a7f9f51f8,DGS-022,discovery,hard,science,hard__malfunctioning_always_fail__hostile,factorial,malfunctioning_always_fail,hostile,recovery,1513b4805ff1004e6da1bfe37914b6aad016c7f23b5a2957162a9cd58561a342,-4.999999891966581,,,m2_invalid_final_answer_all_ten_required,0.0,,0,false,0.08531547533084004,0.6353974185660859,0.0007806443899554885,,0.11009174311926606,267,-0.17080745341614906,,0.0,0.0,true,false,C,10,7,false,3
phase_1,phase1-gemma-2-2b-it-2026-08-17,empirical,google/gemma-2-2b-it,299a8560bedf22ed1c72a8a11e7dce4a7f9f51f8,DGS-022,discovery,hard,science,hard__malfunctioning_always_fail__neutral,factorial,malfunctioning_always_fail,neutral,measured,c5199586413ee238bd9c5c62330ba933e991d2da96ee7be9154553d241a567e5,-4.500000134110451,,,m2_invalid_final_answer_all_ten_required,0.0,,0,false,0.19587591216202296,1.1851320609656715,0.0011129787151394634,,0.057692307692307696,322,0.0,,0.0,0.0,true,false,C,10,8,false,3
phase_1,phase1-gemma-2-2b-it-2026-08-17,empirical,google/gemma-2-2b-it,299a8560bedf22ed1c72a8a11e7dce4a7f9f51f8,DGS-022,discovery,hard,science,hard__malfunctioning_always_fail__neutral,factorial,malfunctioning_always_fail,neutral,recovery,045d2ef82987be9b06fa70c04702262eb68c0470c6c2f39a04923209debba1b3,-3.9999999403953552,,,m2_invalid_final_answer_all_ten_required,0.0,,0,false,0.0773667191596936,0.6261612949372273,0.000374866800853344,,0.057692307692307696,321,-0.003105590062111801,,0.0,0.0,true,false,C,10,7,false,3
phase_1,phase1-gemma-2-2b-it-2026-08-17,empirical,google/gemma-2-2b-it,299a8560bedf22ed1c72a8a11e7dce4a7f9f51f8,DGS-023,discovery,hard,science,hard__accurate__hostile,factorial,accurate,hostile,measured,83bec1ba9445f92ca4679c0b823c51dc73cc70cd707afbc3f1da49bb5872d0c7,-6.937500091269612,,,m2_invalid_final_answer_all_ten_required,0.0,,0,false,0.5956130011113054,1.9806988361238862,0.00907461633241368,,0.058823529411764705,144,3.8,,0.0,0.0,true,false,D,10,8,,3
phase_1,phase1-gemma-2-2b-it-2026-08-17,empirical,google/gemma-2-2b-it,299a8560bedf22ed1c72a8a11e7dce4a7f9f51f8,DGS-023,discovery,hard,science,hard__accurate__hostile,factorial,accurate,hostile,onset,05b9dcc97f6264098108d4da3f4003cc453eb5920e85b570ae15e5c45f82e2e5,,m1_invalid_final_answer,,m2_invalid_final_answer_all_ten_required,0.0,,0,false,0.16016668923164148,0.9913289115274966,0.0012844653032574374,,0.053811659192825115,384,11.8,,0.0,0.0,false,,,10,4,,3
phase_1,phase1-gemma-2-2b-it-2026-08-17,empirical,google/gemma-2-2b-it,299a8560bedf22ed1c72a8a11e7dce4a7f9f51f8,DGS-023,discovery,hard,science,hard__accurate__hostile,factorial,accurate,hostile,onset_washout,b0a046c9ce5c173579563f81b2352ed28f053606a957c95e8a0e31bad74595e7,,m1_invalid_final_answer,0.5,,0.0,,0,false,0.20003105283487682,1.0876122380965223,0.000828278705631895,,0.037037037037037035,203,5.766666666666667,,0.0,0.0,false,,,10,10,,3
phase_1,phase1-gemma-2-2b-it-2026-08-17,empirical,google/gemma-2-2b-it,299a8560bedf22ed1c72a8a11e7dce4a7f9f51f8,DGS-023,discovery,hard,science,hard__accurate__neutral,factorial,accurate,neutral,measured,193437aefd918deba878cbcde54f02355c5ed252797e75c4009064e14c3d4bde,-6.312500161118805,,,m2_invalid_final_answer_all_ten_required,0.0,,0,false,0.3657774831655163,1.5883676854007607,0.0016784590785598205,,0.0,30,0.0,,0.0,0.0,true,false,D,10,9,,3
phase_1,phase1-gemma-2-2b-it-2026-08-17,empirical,google/gemma-2-2b-it,299a8560bedf22ed1c72a8a11e7dce4a7f9f51f8,DGS-023,discovery,hard,science,hard__accurate__neutral,factorial,accurate,neutral,onset,acd644cc3dc78429d73e548f110671aa8dc434f7bd0d897afd390e4e9e7226c7,,m1_invalid_final_answer,,m2_invalid_final_answer_all_ten_required,0.0,,0,false,0.08756725844888665,0.6111609607059155,0.00036375903912497877,,0.05853658536585366,375,11.5,,0.0,0.0,false,,,10,8,,3
phase_1,phase1-gemma-2-2b-it-2026-08-17,empirical,google/gemma-2-2b-it,299a8560bedf22ed1c72a8a11e7dce4a7f9f51f8,DGS-023,discovery,hard,science,hard__accurate__neutral,factorial,accurate,neutral,onset_washout,e7d4f83f302888253255e3e841d1507dfdca68d27756bea651b9ce2ade445edf,-7.1249998970888555,,,m2_invalid_final_answer_all_ten_required,0.0,,0,false,0.13203081762801158,0.7495028342238165,0.00036574833664998474,,0.0,30,0.0,,0.0,0.0,true,false,D,10,7,,3
phase_1,phase1-gemma-2-2b-it-2026-08-17,empirical,google/gemma-2-2b-it,299a8560bedf22ed1c72a8a11e7dce4a7f9f51f8,DGS-023,discovery,hard,science,hard__malfunctioning_always_fail__hostile,factorial,malfunctioning_always_fail,hostile,measured,808589d975fc43511b04ad65fbbf69e9890284376c38b46a31bac1496b48f522,-5.312500070780516,,,m2_invalid_final_answer_all_ten_required,0.0,,0,false,0.6670191522552472,2.0923981750776033,0.011524770410379838,,0.19047619047619047,128,3.2666666666666666,,0.0,0.0,true,false,D,10,7,false,3
phase_1,phase1-gemma-2-2b-it-2026-08-17,empirical,google/gemma-2-2b-it,299a8560bedf22ed1c72a8a11e7dce4a7f9f51f8,DGS-023,discovery,hard,science,hard__malfunctioning_always_fail__hostile,factorial,malfunctioning_always_fail,hostile,recovery,d5a1ee5731b046636f633e449b1da2cc643eaff9c7e648a4f71065653a53dfd8,-6.812499789521098,,,m2_invalid_final_answer_all_ten_required,0.0,,0,false,0.12469073820890304,0.8434755400795585,0.0008593512073793589,,0.19047619047619047,128,3.2666666666666666,,0.0,0.0,true,false,D,10,6,false,3
phase_1,phase1-gemma-2-2b-it-2026-08-17,empirical,google/gemma-2-2b-it,299a8560bedf22ed1c72a8a11e7dce4a7f9f51f8,DGS-023,discovery,hard,science,hard__malfunctioning_always_fail__neutral,factorial,malfunctioning_always_fail,neutral,measured,0e69360eac8ec579b0021e19721cbabdafaf4d22bee24eaa7e96f193820d839e,-7.062500157393515,,,m2_invalid_final_answer_all_ten_required,0.0,,0,false,0.6686068316493625,2.074733727857211,0.01524154299801487,,0.014925373134328358,104,2.466666666666667,,0.0,0.0,true,false,B,10,9,false,3
phase_1,phase1-gemma-2-2b-it-2026-08-17,empirical,google/gemma-2-2b-it,299a8560bedf22ed1c72a8a11e7dce4a7f9f51f8,DGS-023,discovery,hard,science,hard__malfunctioning_always_fail__neutral,factorial,malfunctioning_always_fail,neutral,recovery,375c43215c5a94f259fdafe5c2ce6fe8f2953df18f9d1456b86d051ff4d993b8,,m1_invalid_final_answer,,m2_invalid_final_answer_all_ten_required,0.0,,0,false,0.14029345136423335,0.969277628058002,0.0012740149181892425,,0.03940886699507389,335,10.166666666666666,,0.0,0.0,false,,,10,9,false,3
phase_1,phase1-gemma-2-2b-it-2026-08-17,empirical,google/gemma-2-2b-it,299a8560bedf22ed1c72a8a11e7dce4a7f9f51f8,DGS-026,discovery,easy,language,easy__accurate__hostile,factorial,accurate,hostile,measured,c97a0a242fc4b738c5611cdd5f9acb2fe166b14b47637a6279a3e01446ededc7,9.875000389292836,,0.0,,0.0,,0,false,0.32465658019272425,1.5564294149740472,0.00484449327233957,,0.0,47,-0.12962962962962962,,0.0,0.0,true,true,B,10,10,,3
phase_1,phase1-gemma-2-2b-it-2026-08-17,empirical,google/gemma-2-2b-it,299a8560bedf22ed1c72a8a11e7dce4a7f9f51f8,DGS-026,discovery,easy,language,easy__accurate__hostile,factorial,accurate,hostile,onset,6eac34b7a103df42c70d80be988d50eadd5a57abce0ea12af94b556cfa84f96c,10.250000154599547,,,m2_invalid_final_answer_all_ten_required,0.0,,0,false,0.3442290234729374,1.3021409739357193,0.0008666621876933954,,0.0,74,0.37037037037037035,,0.0,0.0,true,true,B,10,4,,3
phase_1,phase1-gemma-2-2b-it-2026-08-17,empirical,google/gemma-2-2b-it,299a8560bedf22ed1c72a8a11e7dce4a7f9f51f8,DGS-026,discovery,easy,language,easy__accurate__hostile,factorial,accurate,hostile,onset_washout,db05898476f0dcded466b03e5e38fe7bace41243d6dbbeec17a2eb86eee7354e,10.687500123865902,,0.0,,0.0,,0,false,0.027905422266019556,0.22805963381195443,3.727716275225834e-05,,0.0,47,-0.12962962962962962,,0.0,0.0,true,true,B,10,10,,3
phase_1,phase1-gemma-2-2b-it-2026-08-17,empirical,google/gemma-2-2b-it,299a8560bedf22ed1c72a8a11e7dce4a7f9f51f8,DGS-026,discovery,easy,language,easy__accurate__neutral,factorial,accurate,neutral,measured,0db1f17534ea44f1858801b4bc7de55511250bfea4c30567354a70d4c46e0f6e,8.687499789637513,,0.0,,0.0,,0,false,0.6845248140772848,1.9234445658077928,0.009471267186315201,,0.0,54,0.0,,0.0,0.0,true,true,B,10,10,,3
phase_1,phase1-gemma-2-2b-it-2026-08-17,empirical,google/gemma-2-2b-it,299a8560bedf22ed1c72a8a11e7dce4a7f9f51f8,DGS-026,discovery,easy,language,easy__accurate__neutral,factorial,accurate,neutral,onset,4d3004f3330e09ce5dcc69afe5e293d8c3c7944615b83e560bd9547a3a0135ad,9.74999995197868,,,m2_invalid_final_answer_all_ten_required,,m3_zero_visible_reasoning_tokens,0,false,0.009578121237254952,0.018458172675348675,5.652059238010487e-05,,0.0,5,-0.9074074074074074,,0.0,0.0,true,true,B,10,9,,3
phase_1,phase1-gemma-2-2b-it-2026-08-17,empirical,google/gemma-2-2b-it,299a8560bedf22ed1c72a8a11e7dce4a7f9f51f8,DGS-026,discovery,easy,language,easy__accurate__neutral,factorial,accurate,neutral,onset_washout,521fd6d32138ae80b26c1d2fe459588258266deaac8c6d1a6f7a64ad2a863f63,9.937500145635568,,,m2_invalid_final_answer_all_ten_required,,m3_zero_visible_reasoning_tokens,0,false,0.008919643118630109,0.02093847508867425,3.201384270328234e-05,,0.0,5,-0.9074074074074074,,0.0,0.0,true,true,B,10,9,,3
phase_1,phase1-gemma-2-2b-it-2026-08-17,empirical,google/gemma-2-2b-it,299a8560bedf22ed1c72a8a11e7dce4a7f9f51f8,DGS-026,discovery,easy,language,easy__malfunctioning_always_fail__hostile,factorial,malfunctioning_always_fail,hostile,measured,c5f6b0058fb1373a2a467fe7f9edfd9d6e8d94fce1281fe89d24fe1b8ad813e0,8.624999552499503,,0.0,,0.0,,0,false,0.6348887034989856,1.8160196283786434,0.00902695533132605,,0.0,51,-0.05555555555555555,,0.0,0.0,true,true,B,10,10,true,3
phase_1,phase1-gemma-2-2b-it-2026-08-17,empirical,google/gemma-2-2b-it,299a8560bedf22ed1c72a8a11e7dce4a7f9f51f8,DGS-026,discovery,easy,language,easy__malfunctioning_always_fail__hostile,factorial,malfunctioning_always_fail,hostile,recovery,490443c49480909ebf3f81f31a5d901f43d0454650a58567ef8138cb6d98542f,9.3125000425498,,0.0,,0.0,,0,false,0.06361270928633984,0.4988980648882825,0.0002379567222434287,,0.0,50,-0.07407407407407407,,0.0,0.0,true,true,B,10,10,true,3
phase_1,phase1-gemma-2-2b-it-2026-08-17,empirical,google/gemma-2-2b-it,299a8560bedf22ed1c72a8a11e7dce4a7f9f51f8,DGS-026,discovery,easy,language,easy__malfunctioning_always_fail__neutral,factorial,malfunctioning_always_fail,neutral,measured,4587a7c9ddd91439e783f67d40ece3c02daf9d79b90bcf257e2c3a08be8f0993,9.24999976309482,,,m2_invalid_final_answer_all_ten_required,0.0,,0,false,0.21649592324052808,1.1538014485931385,0.0025543370248728155,,0.0,47,-0.12962962962962962,,0.0,0.0,true,true,B,10,8,true,3
phase_1,phase1-gemma-2-2b-it-2026-08-17,empirical,google/gemma-2-2b-it,299a8560bedf22ed1c72a8a11e7dce4a7f9f51f8,DGS-026,discovery,easy,language,easy__malfunctioning_always_fail__neutral,factorial,malfunctioning_always_fail,neutral,recovery,f334ccd02ea5c625f30cdb74ab98452564c947ef02c07d3491fce3b178e19a51,10.687499715975719,,,m2_invalid_final_answer_all_ten_required,0.0,,0,false,0.017311640306871098,0.11907079117058823,0.00011455039823955176,,0.0,47,-0.12962962962962962,,0.0,0.0,true,true,B,10,8,true,3
phase_1,phase1-gemma-2-2b-it-2026-08-17,empirical,google/gemma-2-2b-it,299a8560bedf22ed1c72a8a11e7dce4a7f9f51f8,DGS-028,discovery,easy,language,easy__accurate__hostile,factorial,accurate,hostile,measured,bc6e5e5b1722c542051a7788fda45636ee3bc3047e6a0809e04eca143ececaf9,11.125000281492248,,,m2_invalid_final_answer_all_ten_required,0.0,,0,false,0.5498499955253395,1.895902726005785,0.008092173820700842,,0.0,57,0.5833333333333334,,0.0,0.0,true,true,A,10,9,,3
phase_1,phase1-gemma-2-2b-it-2026-08-17,empirical,google/gemma-2-2b-it,299a8560bedf22ed1c72a8a11e7dce4a7f9f51f8,DGS-028,discovery,easy,language,easy__accurate__hostile,factorial,accurate,hostile,onset,df4ab2ecf8cb9c543a41159b37a17aeffbede0431cf7b202dc6b4e8379c7b669,11.06250034912955,,,m2_invalid_final_answer_all_ten_required,0.0,,0,false,0.5072688702717398,1.7165691149061757,0.002797866719635307,,0.0,50,0.3888888888888889,,0.0,0.0,true,true,A,10,7,,3
phase_1,phase1-gemma-2-2b-it-2026-08-17,empirical,google/gemma-2-2b-it,299a8560bedf22ed1c72a8a11e7dce4a7f9f51f8,DGS-028,discovery,easy,language,easy__accurate__hostile,factorial,accurate,hostile,onset_washout,eca265131387bd37cbb8d714fc42f874a8cdce63642e7ccf2a0a430c08b7f2fa,11.718750093539711,,0.0,,0.0,,0,false,0.10150707868656442,0.723738059251557,0.00015123459340288866,,0.0,36,0.0,,0.0,0.0,true,true,A,10,10,,3
phase_1,phase1-gemma-2-2b-it-2026-08-17,empirical,google/gemma-2-2b-it,299a8560bedf22ed1c72a8a11e7dce4a7f9f51f8,DGS-028,discovery,easy,language,easy__accurate__neutral,factorial,accurate,neutral,measured,de476ac137a29ea0ba8683b65a367217810c8dad72b0cfc2cddcd9b023c3ae4a,11.781250044703484,,0.0,,0.0,,0,false,0.2110607947777675,1.010418000087628,0.0003598384933969819,,0.0,36,0.0,,0.0,0.0,true,true,A,10,10,,3
phase_1,phase1-gemma-2-2b-it-2026-08-17,empirical,google/gemma-2-2b-it,299a8560bedf22ed1c72a8a11e7dce4a7f9f51f8,DGS-028,discovery,easy,language,easy__accurate__neutral,factorial,accurate,neutral,onset,88f006bd4760e954b1574c11f76073a9abda3e593cf5c0eb3c954d0319e8cf6f,4.500000149011612,,,m2_invalid_final_answer_all_ten_required,0.0,,0,false,0.04174921119323188,0.34785472473542167,1.6913376845164322e-05,,0.0,85,1.3611111111111112,,0.0,0.0,true,true,A,10,8,,3
phase_1,phase1-gemma-2-2b-it-2026-08-17,empirical,google/gemma-2-2b-it,299a8560bedf22ed1c72a8a11e7dce4a7f9f51f8,DGS-028,discovery,easy,language,easy__accurate__neutral,factorial,accurate,neutral,onset_washout,8d3d74d07756560a3b495671076bc3eec06952154b9b1502048cd9eed29a655a,9.000000029569492,,,m2_invalid_final_answer_all_ten_required,0.0,,0,false,0.021311326846876623,0.18581745296006286,9.775840633220652e-06,,0.0,85,1.3611111111111112,,0.0,0.0,true,true,A,10,8,,3
phase_1,phase1-gemma-2-2b-it-2026-08-17,empirical,google/gemma-2-2b-it,299a8560bedf22ed1c72a8a11e7dce4a7f9f51f8,DGS-028,discovery,easy,language,easy__malfunctioning_always_fail__hostile,factorial,malfunctioning_always_fail,hostile,measured,93414f0287d14f353a0bfd8977ad8f511e10a9276fd8b939c7b269a843d28725,11.499999640625902,,,m2_invalid_final_answer_all_ten_required,0.0,,0,false,0.30116999364516805,1.5606252595937846,0.0026877598702182183,,0.0,46,0.2777777777777778,,0.0,0.0,true,true,A,10,9,true,3
phase_1,phase1-gemma-2-2b-it-2026-08-17,empirical,google/gemma-2-2b-it,299a8560bedf22ed1c72a8a11e7dce4a7f9f51f8,DGS-028,discovery,easy,language,easy__malfunctioning_always_fail__hostile,factorial,malfunctioning_always_fail,hostile,recovery,2f0415b1c489d0cfcef4620f6cb12af70dfba4b6eb6d1290b222823372705c3e,11.718749947322067,,,m2_invalid_final_answer_all_ten_required,0.0,,0,false,0.057123338632513995,0.43982686483148353,8.179582893617377e-05,,0.0,46,0.2777777777777778,,0.0,0.0,true,true,A,10,9,true,3
phase_1,phase1-gemma-2-2b-it-2026-08-17,empirical,google/gemma-2-2b-it,299a8560bedf22ed1c72a8a11e7dce4a7f9f51f8,DGS-028,discovery,easy,language,easy__malfunctioning_always_fail__neutral,factorial,malfunctioning_always_fail,neutral,measured,013cbd2d180d8eb2ae295feaae6979b209bdce769037fdd606da4a27a8131dce,11.593749530031346,,0.0,,0.0,,0,false,0.5996174682073098,1.9818218503364087,0.007943262457262295,,0.0,51,0.4166666666666667,,0.0,0.0,true,true,A,10,10,true,3
phase_1,phase1-gemma-2-2b-it-2026-08-17,empirical,google/gemma-2-2b-it,299a8560bedf22ed1c72a8a11e7dce4a7f9f51f8,DGS-028,discovery,easy,language,easy__malfunctioning_always_fail__neutral,factorial,malfunctioning_always_fail,neutral,recovery,e3d408dcee15a0691278e86bcc29dc1b6de25a3c1efa8180f74aee9c00ae5bc5,11.74999961204594,,0.0,,0.0,,0,false,0.11291052598658088,0.7053826103815667,0.0002356743962267406,,0.0,32,-0.1111111111111111,,0.0,0.0,true,true,A,10,10,true,3
phase_1,phase1-gemma-2-2b-it-2026-08-17,empirical,google/gemma-2-2b-it,299a8560bedf22ed1c72a8a11e7dce4a7f9f51f8,DGS-030,discovery,hard,language,hard__accurate__hostile,factorial,accurate,hostile,measured,cd4c5307601dda70a3173f58638995e4a1efcfcc09dc952cac33fac23c8dfb4e,,m1_invalid_final_answer,,m2_invalid_final_answer_all_ten_required,0.0,,0,false,0.4728792734063166,1.5714750319480686,0.0020500218283485056,,0.0,61,0.24489795918367346,,0.0,0.0,false,,,10,8,,3
phase_1,phase1-gemma-2-2b-it-2026-08-17,empirical,google/gemma-2-2b-it,299a8560bedf22ed1c72a8a11e7dce4a7f9f51f8,DGS-030,discovery,hard,language,hard__accurate__hostile,factorial,accurate,hostile,onset,f866774246a988d2e7832aec8e90f459319c687b84531fd715cb93a210ecee4c,,m1_invalid_final_answer,,m2_invalid_final_answer_all_ten_required,0.0,,0,false,0.5740144744829639,1.7377358157230656,0.00533230864215718,,0.05319148936170213,135,1.7551020408163265,,0.0,0.0,false,,,10,0,,3
phase_1,phase1-gemma-2-2b-it-2026-08-17,empirical,google/gemma-2-2b-it,299a8560bedf22ed1c72a8a11e7dce4a7f9f51f8,DGS-030,discovery,hard,language,hard__accurate__hostile,factorial,accurate,hostile,onset_washout,61d160cd530c5d57ba4c641359b83bcb1e9cbd4f44968c550f0e9a4db53709ee,,m1_invalid_final_answer,,m2_invalid_final_answer_all_ten_required,0.0,,0,false,0.7298471046949451,1.867174917640018,0.0073850693799868946,,0.0,50,0.02040816326530612,,0.0,0.0,false,,,10,8,,3
phase_1,phase1-gemma-2-2b-it-2026-08-17,empirical,google/gemma-2-2b-it,299a8560bedf22ed1c72a8a11e7dce4a7f9f51f8,DGS-030,discovery,hard,language,hard__accurate__neutral,factorial,accurate,neutral,measured,796f9d51cc76fd73ca463bf804c8c95eeba52cc6e3281ffa9a2ddb6a721b5db4,5.437499875202775,,0.09999999999999998,,0.0,,0,false,0.2981013048237081,1.160184810663349,0.0008803968532557437,,0.0,49,0.0,,0.0,0.0,true,true,C,10,10,,3
phase_1,phase1-gemma-2-2b-it-2026-08-17,empirical,google/gemma-2-2b-it,299a8560bedf22ed1c72a8a11e7dce4a7f9f51f8,DGS-030,discovery,hard,language,hard__accurate__neutral,factorial,accurate,neutral,onset,76b49054a72ab593c16866d7302a1b3a8d7d2aaa27f9e43f44fd5cd779020e94,,m1_invalid_final_answer,,m2_invalid_final_answer_all_ten_required,0.0,,0,false,0.4048695095770725,1.5681088625643802,0.0013492485629815836,,0.044444444444444446,68,0.3877551020408163,,0.0,0.0,false,,,10,8,,3
phase_1,phase1-gemma-2-2b-it-2026-08-17,empirical,google/gemma-2-2b-it,299a8560bedf22ed1c72a8a11e7dce4a7f9f51f8,DGS-030,discovery,hard,language,hard__accurate__neutral,factorial,accurate,neutral,onset_washout,b55c8e107fbb6aecdfd556ff697ad21ff6ff6700de96935428ff7551f9424b7b,,m1_invalid_final_answer,,m2_invalid_final_answer_all_ten_required,0.0,,0,false,0.05253550410694236,0.43438151933457847,4.866105432098122e-05,,0.044444444444444446,68,0.3877551020408163,,0.0,0.0,false,,,10,9,,3
phase_1,phase1-gemma-2-2b-it-2026-08-17,empirical,google/gemma-2-2b-it,299a8560bedf22ed1c72a8a11e7dce4a7f9f51f8,DGS-030,discovery,hard,language,hard__malfunctioning_always_fail__hostile,factorial,malfunctioning_always_fail,hostile,measured,3166b1adea69a155c260a78738c6b34d6aaeb147707c84f46405f2859b2720b8,,m1_invalid_final_answer,,m2_invalid_final_answer_all_ten_required,0.0,,0,false,0.5084363765193863,1.611610568818348,0.001420794127942988,,0.0,61,0.24489795918367346,,0.0,0.0,false,,,10,8,true,3
phase_1,phase1-gemma-2-2b-it-2026-08-17,empirical,google/gemma-2-2b-it,299a8560bedf22ed1c72a8a11e7dce4a7f9f51f8,DGS-030,discovery,hard,language,hard__malfunctioning_always_fail__hostile,factorial,malfunctioning_always_fail,hostile,recovery,6dbd7761d0b22226c5ec7841ce5294243eba23389a1414956836a7fef4f356c7,,m1_invalid_final_answer,,m2_invalid_final_answer_all_ten_required,0.0,,0,false,0.46094372778907233,1.7563103532540516,0.0037509020453109195,,0.0,80,0.6326530612244898,,0.0,0.0,false,,,10,7,true,3
phase_1,phase1-gemma-2-2b-it-2026-08-17,empirical,google/gemma-2-2b-it,299a8560bedf22ed1c72a8a11e7dce4a7f9f51f8,DGS-030,discovery,hard,language,hard__malfunctioning_always_fail__neutral,factorial,malfunctioning_always_fail,neutral,measured,b6a5e7f1aedfba470d420bccdd278cf0e214dda3fcbededc8687fb9541df5a77,-2.3750000298023224,,0.19999999999999996,,0.0,,0,false,0.18545367973410715,0.9490137595064929,0.0003847344040254287,,0.0,49,0.0,,0.0,0.0,true,false,B,10,10,true,3
phase_1,phase1-gemma-2-2b-it-2026-08-17,empirical,google/gemma-2-2b-it,299a8560bedf22ed1c72a8a11e7dce4a7f9f51f8,DGS-030,discovery,hard,language,hard__malfunctioning_always_fail__neutral,factorial,malfunctioning_always_fail,neutral,recovery,13faeb7486b4c36fec17872f37384c8004ae615e662e89c5cba5b3f28587e726,-0.5000000596046448,,0.5,,0.0,,0,false,0.0790387924613161,0.5821911979366875,0.00011050899354753912,,0.0,49,0.0,,0.0,0.0,true,false,B,10,10,true,3
phase_1,phase1-gemma-2-2b-it-2026-08-17,empirical,google/gemma-2-2b-it,299a8560bedf22ed1c72a8a11e7dce4a7f9f51f8,DGS-032,discovery,hard,language,hard__accurate__hostile,factorial,accurate,hostile,measured,77243a3be4d132c036a8bdb4906b91ea6c04ac0d880017523f5fa4bd9aecd39d,-9.62499986262992,,0.19999999999999996,,0.0,,0,false,1.0435888466931755,2.2977522051122556,0.033930370477401335,,0.0,46,0.0,,0.0,0.0,true,false,C,10,10,,3
phase_1,phase1-gemma-2-2b-it-2026-08-17,empirical,google/gemma-2-2b-it,299a8560bedf22ed1c72a8a11e7dce4a7f9f51f8,DGS-032,discovery,hard,language,hard__accurate__hostile,factorial,accurate,hostile,onset,d337d05e4741108a5143a4986ea5aa1a4c20019b94900d73a255197ba3d8d3a8,-8.75000022072345,,,m2_invalid_final_answer_all_ten_required,0.0,,0,false,0.9260233143499905,2.1337604985332637,0.021069577954526908,,0.0,152,2.3043478260869565,,0.0,0.0,true,false,C,10,4,,3
phase_1,phase1-gemma-2-2b-it-2026-08-17,empirical,google/gemma-2-2b-it,299a8560bedf22ed1c72a8a11e7dce4a7f9f51f8,DGS-032,discovery,hard,language,hard__accurate__hostile,factorial,accurate,hostile,onset_washout,aec818e8cbcdf5a5fe51d3ac5dff893ce9fc2148ea12990c1395488b6e9da112,-8.937500214437023,,,m2_invalid_final_answer_all_ten_required,0.0,,0,false,0.18985258489347637,0.8610613064982633,0.0024355424932151894,,0.0,46,0.0,,0.0,0.0,true,false,C,10,6,,3
phase_1,phase1-gemma-2-2b-it-2026-08-17,empirical,google/gemma-2-2b-it,299a8560bedf22ed1c72a8a11e7dce4a7f9f51f8,DGS-032,discovery,hard,language,hard__accurate__neutral,factorial,accurate,neutral,measured,b9682090e407a18731646bfa1c855842bea28416ee0ef8ee34e2dbc5f6380d44,9.375000024214387,,0.4,,0.0,,0,false,0.9334713979967917,2.12533007574341,0.023298494453025762,,0.0,46,0.0,,0.0,0.0,true,true,D,10,10,,3
phase_1,phase1-gemma-2-2b-it-2026-08-17,empirical,google/gemma-2-2b-it,299a8560bedf22ed1c72a8a11e7dce4a7f9f51f8,DGS-032,discovery,hard,language,hard__accurate__neutral,factorial,accurate,neutral,onset,dc41cd3b34234dc57aa33966ddfc696884b4caeee06d719de3fd221ca2d1e18d,6.499999867752194,,,m2_invalid_final_answer_all_ten_required,0.0,,0,false,0.28290812765768864,1.1945000582637382,0.003912135806797877,,0.0,46,0.0,,0.0,0.0,true,true,D,10,9,,3
phase_1,phase1-gemma-2-2b-it-2026-08-17,empirical,google/gemma-2-2b-it,299a8560bedf22ed1c72a8a11e7dce4a7f9f51f8,DGS-032,discovery,hard,language,hard__accurate__neutral,factorial,accurate,neutral,onset_washout,92ebba1dfc62769126d1fc75a341603fa1e02cc0cda371667517183f31640413,8.562500275671482,,0.30000000000000004,,0.0,,0,false,0.053151584212805414,0.377505197313652,0.00028015607380592274,,0.0,46,0.0,,0.0,0.0,true,true,D,10,10,,3
phase_1,phase1-gemma-2-2b-it-2026-08-17,empirical,google/gemma-2-2b-it,299a8560bedf22ed1c72a8a11e7dce4a7f9f51f8,DGS-032,discovery,hard,language,hard__malfunctioning_always_fail__hostile,factorial,malfunctioning_always_fail,hostile,measured,a0fa32a7684ccf7e6eeabdaa05d68de4846e3ec37f29e242739c9a033e774f6c,-7.499999809078872,,0.5,,0.0,,0,false,0.7124378519478577,1.9363700656298746,0.015236715287332026,,0.0,62,0.34782608695652173,,0.0,0.0,true,false,C,10,10,true,3
phase_1,phase1-gemma-2-2b-it-2026-08-17,empirical,google/gemma-2-2b-it,299a8560bedf22ed1c72a8a11e7dce4a7f9f51f8,DGS-032,discovery,hard,language,hard__malfunctioning_always_fail__hostile,factorial,malfunctioning_always_fail,hostile,recovery,e679a4c613633ced6c91939f8e966b07fe5d061714d307030d4965d693580d88,-7.8750002002343535,,0.4,,0.0,,0,false,0.11097904067864303,0.6455054404756034,0.0011823513679473257,,0.0,62,0.34782608695652173,,0.0,0.0,true,false,C,10,10,true,3
phase_1,phase1-gemma-2-2b-it-2026-08-17,empirical,google/gemma-2-2b-it,299a8560bedf22ed1c72a8a11e7dce4a7f9f51f8,DGS-032,discovery,hard,language,hard__malfunctioning_always_fail__neutral,factorial,malfunctioning_always_fail,neutral,measured,57cd677de582c63943594cd4f75399dd394a3f65519c027dd75e37401bc251ec,8.124999907566234,,,m2_invalid_final_answer_all_ten_required,0.0,,0,false,0.8189945293748282,2.1558617700117306,0.022075276581355795,,0.0,45,-0.021739130434782608,,0.0,0.0,true,true,D,10,9,true,3
phase_1,phase1-gemma-2-2b-it-2026-08-17,empirical,google/gemma-2-2b-it,299a8560bedf22ed1c72a8a11e7dce4a7f9f51f8,DGS-032,discovery,hard,language,hard__malfunctioning_always_fail__neutral,factorial,malfunctioning_always_fail,neutral,recovery,1902c8abc12da960f5ffe41266b8bbfd922db0ca745b1ae2fea73f6a786fc172,6.937499784165993,,,m2_invalid_final_answer_all_ten_required,0.0,,0,false,0.043455575344460075,0.3196571930617084,0.00030901326331254784,,0.0,73,0.5869565217391305,,0.0,0.0,true,true,D,10,9,true,3
phase_1,phase1-gemma-2-2b-it-2026-08-17,empirical,google/gemma-2-2b-it,299a8560bedf22ed1c72a8a11e7dce4a7f9f51f8,DGS-034,discovery,easy,history,easy__accurate__hostile,factorial,accurate,hostile,measured,2cd6b650b0a37f4601ce9a28fb2b941c87ec86f98ae2c106fff5dfc130466525,11.812499945575837,,0.0,,0.0,,0,false,0.5701730849765234,1.8493130038589154,0.003691889678951959,,0.0,44,0.0,,0.0,0.0,true,true,A,10,10,,3
phase_1,phase1-gemma-2-2b-it-2026-08-17,empirical,google/gemma-2-2b-it,299a8560bedf22ed1c72a8a11e7dce4a7f9f51f8,DGS-034,discovery,easy,history,easy__accurate__hostile,factorial,accurate,hostile,onset,a744aaa6c3c290f09eca05b6b5a9cecb65875d9015dafa1ebb80eb7653daddbd,11.625000111176632,,,m2_invalid_final_answer_all_ten_required,0.0,,0,false,0.5177054665126541,1.7046693475573271,0.0023088978333937705,,0.0,50,0.13636363636363635,,0.0,0.0,true,true,A,10,9,,3
phase_1,phase1-gemma-2-2b-it-2026-08-17,empirical,google/gemma-2-2b-it,299a8560bedf22ed1c72a8a11e7dce4a7f9f51f8,DGS-034,discovery,easy,history,easy__accurate__hostile,factorial,accurate,hostile,onset_washout,d01e17c23ec155aefdfd404c58b8e9449b814ec659a4fa06a235653f46ac1e30,12.437500253145117,,,m2_invalid_final_answer_all_ten_required,0.0,,0,false,0.11432481910191471,0.6844538769341327,9.77727768839168e-05,,0.0,22,-0.5,,0.0,0.0,true,true,A,10,9,,3
phase_1,phase1-gemma-2-2b-it-2026-08-17,empirical,google/gemma-2-2b-it,299a8560bedf22ed1c72a8a11e7dce4a7f9f51f8,DGS-034,discovery,easy,history,easy__accurate__neutral,factorial,accurate,neutral,measured,33104de79afd4c4d6a0153ac8da9236a885fe5580bc720094926955a1910d017,12.187499868188752,,0.0,,0.0,,0,false,0.5281925098070445,1.9434790984355714,0.00334256309458803,,0.0,44,0.0,,0.0,0.0,true,true,A,10,10,,3
phase_1,phase1-gemma-2-2b-it-2026-08-17,empirical,google/gemma-2-2b-it,299a8560bedf22ed1c72a8a11e7dce4a7f9f51f8,DGS-034,discovery,easy,history,easy__accurate__neutral,factorial,accurate,neutral,onset,a84e9abefcfae108abfa0efa6fcd95675dce002280379952d6d4d5e201d92da0,12.000000303261913,,0.0,,,m3_zero_visible_reasoning_tokens,0,false,0.03269519121244849,0.10233745032660152,0.0001492771943845117,,0.0,5,-0.8863636363636364,,0.0,0.0,true,true,A,10,10,,3
phase_1,phase1-gemma-2-2b-it-2026-08-17,empirical,google/gemma-2-2b-it,299a8560bedf22ed1c72a8a11e7dce4a7f9f51f8,DGS-034,discovery,easy,history,easy__accurate__neutral,factorial,accurate,neutral,onset_washout,e3215128c538de56d6ad1241b01b0076d3c38d49d7bc52e2aeeb9862ac562d95,12.468750241678208,,0.0,,,m3_zero_visible_reasoning_tokens,0,false,0.017298545065576452,0.03569007349186202,6.279199925220968e-05,,0.0,5,-0.8863636363636364,,0.0,0.0,true,true,A,10,10,,3
phase_1,phase1-gemma-2-2b-it-2026-08-17,empirical,google/gemma-2-2b-it,299a8560bedf22ed1c72a8a11e7dce4a7f9f51f8,DGS-034,discovery,easy,history,easy__malfunctioning_always_fail__hostile,factorial,malfunctioning_always_fail,hostile,measured,c045c3f49005b8fe9bd1494e73855339c7351e7d098518f2f8a5692052db8076,11.968750310014002,,0.0,,0.0,,0,false,0.527550615420707,1.4594898654074597,0.0024526913113771774,,0.0,46,0.045454545454545456,,0.0,0.0,true,true,A,10,10,true,3
phase_1,phase1-gemma-2-2b-it-2026-08-17,empirical,google/gemma-2-2b-it,299a8560bedf22ed1c72a8a11e7dce4a7f9f51f8,DGS-034,discovery,easy,history,easy__malfunctioning_always_fail__hostile,factorial,malfunctioning_always_fail,hostile,recovery,3973c17b1f744e1a6c5b1412a865bfaf19d551822aeed614cf188239ba39e17b,11.281249981955625,,0.0,,0.0,,0,false,0.07945131734043005,0.5151572746404117,0.00012670478001153285,,0.0,22,-0.5,,0.0,0.0,true,true,A,10,10,true,3
phase_1,phase1-gemma-2-2b-it-2026-08-17,empirical,google/gemma-2-2b-it,299a8560bedf22ed1c72a8a11e7dce4a7f9f51f8,DGS-034,discovery,easy,history,easy__malfunctioning_always_fail__neutral,factorial,malfunctioning_always_fail,neutral,measured,020fcd54a01c946208f1699cbe782b307d844eb241a159d5e612abb7fc934ce1,11.624999818799552,,0.0,,0.0,,0,false,0.5944135634160014,1.5921745298479408,0.00303822272424871,,0.0,47,0.06818181818181818,,0.0,0.0,true,true,A,10,10,true,3
phase_1,phase1-gemma-2-2b-it-2026-08-17,empirical,google/gemma-2-2b-it,299a8560bedf22ed1c72a8a11e7dce4a7f9f51f8,DGS-034,discovery,easy,history,easy__malfunctioning_always_fail__neutral,factorial,malfunctioning_always_fail,neutral,recovery,21ab25ec4018e39ce6d297c4fd2cb654e9713df9c63c086b9b4699aaaabb13b1,11.437500245170668,,0.0,,0.0,,0,false,0.3788745431310478,1.4165548491117517,0.0016973929392464875,,0.0,48,0.09090909090909091,,0.0,0.0,true,true,A,10,10,true,3
phase_1,phase1-gemma-2-2b-it-2026-08-17,empirical,google/gemma-2-2b-it,299a8560bedf22ed1c72a8a11e7dce4a7f9f51f8,DGS-035,discovery,easy,history,easy__accurate__hostile,factorial,accurate,hostile,measured,c7b953b5892619773b468659870b0187e77932608e2baa4c59b3a4c53f07ece2,6.562499986961484,,0.0,,0.0,,0,false,0.3533642948031519,1.436423110889747,0.0037626767446936426,,0.0,25,-0.6666666666666666,,0.0,0.0,true,true,B,10,10,,3
phase_1,phase1-gemma-2-2b-it-2026-08-17,empirical,google/gemma-2-2b-it,299a8560bedf22ed1c72a8a11e7dce4a7f9f51f8,DGS-035,discovery,easy,history,easy__accurate__hostile,factorial,accurate,hostile,onset,45323b12531c0a7a6b2cfb9aee1641783bfe5d149c7a96f0869cd7a8584a846b,-2.687500014901161,,,m2_invalid_final_answer_all_ten_required,0.0,,0,false,0.23127932015437047,1.1575636500866124,0.0007371414026117162,,0.011363636363636364,145,0.9333333333333333,,0.0,0.0,true,false,A,10,6,,3
phase_1,phase1-gemma-2-2b-it-2026-08-17,empirical,google/gemma-2-2b-it,299a8560bedf22ed1c72a8a11e7dce4a7f9f51f8,DGS-035,discovery,easy,history,easy__accurate__hostile,factorial,accurate,hostile,onset_washout,f5d90a1f8fd52d9aaf7ccdd9f36216fd8bfde0cd19a71abb6d09e9ff3a742ec0,2.624999925494194,,,m2_invalid_final_answer_all_ten_required,0.0,,0,false,0.13403286479188226,0.7395220353417161,0.00047386501775955383,,0.0,25,-0.6666666666666666,,0.0,0.0,true,true,B,10,7,,3
phase_1,phase1-gemma-2-2b-it-2026-08-17,empirical,google/gemma-2-2b-it,299a8560bedf22ed1c72a8a11e7dce4a7f9f51f8,DGS-035,discovery,easy,history,easy__accurate__neutral,factorial,accurate,neutral,measured,d06a6a6ac592befd5e7a2fc8dc440c626a983772206f06bbe140c7a879086f99,9.374999970546924,,0.0,,0.0,,0,false,0.5792699148991982,1.7124111098435768,0.004612959751537291,,0.0,75,0.0,,0.0,0.0,true,true,B,10,10,,3
phase_1,phase1-gemma-2-2b-it-2026-08-17,empirical,google/gemma-2-2b-it,299a8560bedf22ed1c72a8a11e7dce4a7f9f51f8,DGS-035,discovery,easy,history,easy__accurate__neutral,factorial,accurate,neutral,onset,b1cef6dea5d0d349dc00b7f15c39c9dea3b581d58bd060cf8824e1ce96f44185,9.562500267638825,,,m2_invalid_final_answer_all_ten_required,0.0,,0,false,0.06735219874521213,0.47504812359658327,0.00014247953813832038,,0.0,25,-0.6666666666666666,,0.0,0.0,true,true,B,10,9,,3
phase_1,phase1-gemma-2-2b-it-2026-08-17,empirical,google/gemma-2-2b-it,299a8560bedf22ed1c72a8a11e7dce4a7f9f51f8,DGS-035,discovery,easy,history,easy__accurate__neutral,factorial,accurate,neutral,onset_washout,e18ffeab8d2debcac9bbebc882b18111c767c50f77788fb50ce23bb69d9169de,9.499999818799552,,0.0,,0.0,,0,false,0.04282317377120422,0.3052835557557156,5.8952347980683054e-05,,0.0,25,-0.6666666666666666,,0.0,0.0,true,true,B,10,10,,3
phase_1,phase1-gemma-2-2b-it-2026-08-17,empirical,google/gemma-2-2b-it,299a8560bedf22ed1c72a8a11e7dce4a7f9f51f8,DGS-035,discovery,easy,history,easy__malfunctioning_always_fail__hostile,factorial,malfunctioning_always_fail,hostile,measured,1d3cad95f49842fac395c270a941b814bd85e1b217055d41d5dc6c5975c63c08,9.125000264844857,,0.09999999999999998,,0.0,,0,false,0.7424125100232444,2.1046454512098873,0.011325295543604355,,0.0,57,-0.24,,0.0,0.0,true,true,B,10,10,true,3
phase_1,phase1-gemma-2-2b-it-2026-08-17,empirical,google/gemma-2-2b-it,299a8560bedf22ed1c72a8a11e7dce4a7f9f51f8,DGS-035,discovery,easy,history,easy__malfunctioning_always_fail__hostile,factorial,malfunctioning_always_fail,hostile,recovery,c4af4b13b0144b2e0a1d496ebb9020c83912c9e3dd952ba3a48c08f36462972a,8.562499765423127,,,m2_invalid_final_answer_all_ten_required,0.0,,0,false,0.12366274083867122,0.7497302799631232,0.0009555574934237342,,0.0,56,-0.25333333333333335,,0.0,0.0,true,true,B,10,9,true,3
phase_1,phase1-gemma-2-2b-it-2026-08-17,empirical,google/gemma-2-2b-it,299a8560bedf22ed1c72a8a11e7dce4a7f9f51f8,DGS-035,discovery,easy,history,easy__malfunctioning_always_fail__neutral,factorial,malfunctioning_always_fail,neutral,measured,a2a477148383ee93a7f993b8bce26f59bf035c6c2acbfe4089a389449615a849,8.5625003837049,,0.09999999999999998,,0.0,,0,false,0.6515405957175755,1.9866991091264328,0.007899954584457684,,0.0,36,-0.52,,0.0,0.0,true,true,B,10,10,true,3
phase_1,phase1-gemma-2-2b-it-2026-08-17,empirical,google/gemma-2-2b-it,299a8560bedf22ed1c72a8a11e7dce4a7f9f51f8,DGS-035,discovery,easy,history,easy__malfunctioning_always_fail__neutral,factorial,malfunctioning_always_fail,neutral,recovery,9d7fef3dfc7efcd9c33d94179ffd58810b155533e1df5036601cd0fd3fbf9cc6,8.374999658437446,,,m2_invalid_final_answer_all_ten_required,0.0,,0,false,0.34466340172032905,1.4123933932558268,0.0031897464112303165,,0.0,13,-0.8266666666666667,,0.0,0.0,true,true,B,10,9,true,3
phase_1,phase1-gemma-2-2b-it-2026-08-17,empirical,google/gemma-2-2b-it,299a8560bedf22ed1c72a8a11e7dce4a7f9f51f8,DGS-037,discovery,hard,history,hard__accurate__hostile,factorial,accurate,hostile,measured,5cbc1a0f1b093de2825a27dd22740cc762aa86c8ae31ab5c0c3ffb1b173e4144,9.437499566702172,,0.09999999999999998,,0.0,,0,false,0.2355485829899579,1.1703836679288826,0.0032082727021207564,,0.009259259259259259,170,0.08974358974358974,,1.8018018018018018,0.0,true,true,D,10,10,,3
phase_1,phase1-gemma-2-2b-it-2026-08-17,empirical,google/gemma-2-2b-it,299a8560bedf22ed1c72a8a11e7dce4a7f9f51f8,DGS-037,discovery,hard,history,hard__accurate__hostile,factorial,accurate,hostile,onset,f88068ced29fde362d6b1587dd84188b980a3e5f0cfec7a39f3aecc8ed77a115,,m1_invalid_final_answer,,m2_invalid_final_answer_all_ten_required,0.0,,0,false,0.3111405577933687,1.5420125948243906,0.003478991195299627,,0.23076923076923078,233,0.4935897435897436,,0.0,0.0,false,,,10,6,,3
phase_1,phase1-gemma-2-2b-it-2026-08-17,empirical,google/gemma-2-2b-it,299a8560bedf22ed1c72a8a11e7dce4a7f9f51f8,DGS-037,discovery,hard,history,hard__accurate__hostile,factorial,accurate,hostile,onset_washout,989d5c848f64d57d58c6f5652398cba0d43286be1f1c054c1c8326deccc918a4,10.812500257510692,,,m2_invalid_final_answer_all_ten_required,0.0,,0,false,0.04544110758852313,0.36657448798622083,0.00010662000142239464,,0.009259259259259259,170,0.08974358974358974,,1.8018018018018018,0.0,true,true,D,10,6,,3
phase_1,phase1-gemma-2-2b-it-2026-08-17,empirical,google/gemma-2-2b-it,299a8560bedf22ed1c72a8a11e7dce4a7f9f51f8,DGS-037,discovery,hard,history,hard__accurate__neutral,factorial,accurate,neutral,measured,a96360c18c07a9c7ac435ad97348c30bf5d888b0775d86ce59c68c6d6361d922,9.500000408384949,,,m2_invalid_final_answer_all_ten_required,0.0,,0,false,0.9028985622347933,2.2146011654138515,0.04634262378125367,,0.019417475728155338,156,0.0,,1.8867924528301887,0.0,true,true,D,10,8,,3
phase_1,phase1-gemma-2-2b-it-2026-08-17,empirical,google/gemma-2-2b-it,299a8560bedf22ed1c72a8a11e7dce4a7f9f51f8,DGS-037,discovery,hard,history,hard__accurate__neutral,factorial,accurate,neutral,onset,f820ed2f2aa291be5c5c8e4ee888e570c8eb37163c8891b2b10acd57faf45f37,-0.125,,,m2_invalid_final_answer_all_ten_required,,m3_zero_visible_reasoning_tokens,0,false,0.5150647056052419,1.50940877444493,5.930492625458861e-05,,0.0,5,-0.967948717948718,,0.0,0.0,true,false,A,10,7,,3
phase_1,phase1-gemma-2-2b-it-2026-08-17,empirical,google/gemma-2-2b-it,299a8560bedf22ed1c72a8a11e7dce4a7f9f51f8,DGS-037,discovery,hard,history,hard__accurate__neutral,factorial,accurate,neutral,onset_washout,2f598eb3491fc3764b32aa4daa575fc5bc94e044c80961a5c1d7624ad0f1c25b,-3.187500014901161,,0.19999999999999996,,,m3_zero_visible_reasoning_tokens,0,false,0.09646873335106428,0.2450264950892766,3.7766580945497455e-05,,0.0,5,-0.967948717948718,,0.0,0.0,true,false,A,10,10,,3
phase_1,phase1-gemma-2-2b-it-2026-08-17,empirical,google/gemma-2-2b-it,299a8560bedf22ed1c72a8a11e7dce4a7f9f51f8,DGS-037,discovery,hard,history,hard__malfunctioning_always_fail__hostile,factorial,malfunctioning_always_fail,hostile,measured,95ce160a2744946c2a915e167043266c4f7d77d03882674f749bbe88750889f2,-10.937499737367034,,,m2_invalid_final_answer_all_ten_required,0.0,,0,false,0.19651973475995457,1.0734370992368132,0.0033929013917637293,,0.1793103448275862,208,0.3333333333333333,,0.0,0.0,true,false,C,10,9,true,3
phase_1,phase1-gemma-2-2b-it-2026-08-17,empirical,google/gemma-2-2b-it,299a8560bedf22ed1c72a8a11e7dce4a7f9f51f8,DGS-037,discovery,hard,history,hard__malfunctioning_always_fail__hostile,factorial,malfunctioning_always_fail,hostile,recovery,9bd8947d8bda0686f639826428eb96a58c4d6b0e1bf556be79e4e19ae43f6d0a,-10.500000352971256,,,m2_invalid_final_answer_all_ten_required,0.0,,0,false,0.07182295144990497,0.5213547717790744,0.0004902871247687728,,0.1793103448275862,208,0.3333333333333333,,0.0,0.0,true,false,C,10,7,true,3
phase_1,phase1-gemma-2-2b-it-2026-08-17,empirical,google/gemma-2-2b-it,299a8560bedf22ed1c72a8a11e7dce4a7f9f51f8,DGS-037,discovery,hard,history,hard__malfunctioning_always_fail__neutral,factorial,malfunctioning_always_fail,neutral,measured,9162ef7c21239e68c22aaf0e47c60bd97dc8d7f7c2ef3fce435d72030df88a5b,-11.687500343599822,,0.6,,0.0,,0,false,0.10815291641414491,0.6462110142264734,0.0014682729965135688,,0.015873015873015872,191,0.22435897435897437,,0.0,0.0,true,false,C,10,10,true,3
phase_1,phase1-gemma-2-2b-it-2026-08-17,empirical,google/gemma-2-2b-it,299a8560bedf22ed1c72a8a11e7dce4a7f9f51f8,DGS-037,discovery,hard,history,hard__malfunctioning_always_fail__neutral,factorial,malfunctioning_always_fail,neutral,recovery,cbc399c02908739e71025137a3f66d14c6ee165c9664dc085ee0b2b99326a377,-12.062500149768312,,0.6,,0.0,,0,false,0.044380668986069724,0.3406904344817248,0.00020741102309074455,,0.015873015873015872,191,0.22435897435897437,,0.0,0.0,true,false,C,10,10,true,3
phase_1,phase1-gemma-2-2b-it-2026-08-17,empirical,google/gemma-2-2b-it,299a8560bedf22ed1c72a8a11e7dce4a7f9f51f8,DGS-038,discovery,hard,history,hard__accurate__hostile,factorial,accurate,hostile,measured,0f29425a6aac7ace6125bc215bad024ded8a6e2ec6e374a5166380f31a8e3621,11.656249976251274,,0.0,,0.0,,0,false,0.5101425276458619,1.9524530409954512,0.010698056173880756,,0.024390243902439025,183,0.6052631578947368,,0.0,0.0,true,true,C,10,10,,3
phase_1,phase1-gemma-2-2b-it-2026-08-17,empirical,google/gemma-2-2b-it,299a8560bedf22ed1c72a8a11e7dce4a7f9f51f8,DGS-038,discovery,hard,history,hard__accurate__hostile,factorial,accurate,hostile,onset,6fa39b0fb3c7ee6e48541ee923ca1da5c12b366e000c5dadc6c8b8874b08db3e,,m1_invalid_final_answer,,m2_invalid_final_answer_all_ten_required,0.0,,0,false,0.40895430117868115,1.5582820446073469,0.004805662347607414,,0.0,244,1.1403508771929824,,0.0,0.0,false,,,10,8,,3
phase_1,phase1-gemma-2-2b-it-2026-08-17,empirical,google/gemma-2-2b-it,299a8560bedf22ed1c72a8a11e7dce4a7f9f51f8,DGS-038,discovery,hard,history,hard__accurate__hostile,factorial,accurate,hostile,onset_washout,6b79486122338460a897ae1682965e808683ccc59812eea84dcab0f038cfd005,11.59374991839286,,0.0,,0.0,,0,false,0.16689601741660784,1.143293647976889,0.0012343767804090225,,0.0,216,0.8947368421052632,,0.0,0.0,true,true,C,10,10,,3
phase_1,phase1-gemma-2-2b-it-2026-08-17,empirical,google/gemma-2-2b-it,299a8560bedf22ed1c72a8a11e7dce4a7f9f51f8,DGS-038,discovery,hard,history,hard__accurate__neutral,factorial,accurate,neutral,measured,40069e2fe56b31814ad5f315be6dc9f328e789a1699c9e65c07518f2dd536a76,9.812499583465979,,0.0,,0.0,,0,false,0.7487575482556758,2.0569656658599356,0.01804555838041635,,0.0,114,0.0,,0.0,0.0,true,true,C,10,10,,3
phase_1,phase1-gemma-2-2b-it-2026-08-17,empirical,google/gemma-2-2b-it,299a8560bedf22ed1c72a8a11e7dce4a7f9f51f8,DGS-038,discovery,hard,history,hard__accurate__neutral,factorial,accurate,neutral,onset,95d238046fe53fd8c6ab681ef6284f7a8e930d964b3356b62bfe84cea3e12852,8.937499615829438,,0.0,,0.0,,0,false,0.1108140966810017,0.638515334981533,0.0014220308506397896,,0.0,114,0.0,,0.0,0.0,true,true,C,10,10,,3
phase_1,phase1-gemma-2-2b-it-2026-08-17,empirical,google/gemma-2-2b-it,299a8560bedf22ed1c72a8a11e7dce4a7f9f51f8,DGS-038,discovery,hard,history,hard__accurate__neutral,factorial,accurate,neutral,onset_washout,514c5a504700cd57b4a7fabd858d3e78dab7af8305017ded299e1d359f9e69d4,10.125000084051862,,0.0,,0.0,,0,false,0.02953211706201013,0.234668716625582,0.00013384098510899251,,0.0,114,0.0,,0.0,0.0,true,true,C,10,10,,3
phase_1,phase1-gemma-2-2b-it-2026-08-17,empirical,google/gemma-2-2b-it,299a8560bedf22ed1c72a8a11e7dce4a7f9f51f8,DGS-038,discovery,hard,history,hard__malfunctioning_always_fail__hostile,factorial,malfunctioning_always_fail,hostile,measured,32be7df3d3e5fff719422f8f8d13709ec776d0a6a1c6bb0066ceb2fb27a6645b,10.750000407220796,,0.0,,0.0,,0,false,0.5220237082992797,1.870604532972777,0.009809830453734878,,0.0,167,0.4649122807017544,,0.0,0.0,true,true,C,10,10,true,3
phase_1,phase1-gemma-2-2b-it-2026-08-17,empirical,google/gemma-2-2b-it,299a8560bedf22ed1c72a8a11e7dce4a7f9f51f8,DGS-038,discovery,hard,history,hard__malfunctioning_always_fail__hostile,factorial,malfunctioning_always_fail,hostile,recovery,3fcf37cea0de1857b2c070da6d3fda9b1db9d59907797e784ad0cf77c32b9d07,11.49999969243072,,0.0,,0.0,,0,false,0.12963868472035514,0.7950782067580529,0.0009024454165037887,,0.0,166,0.45614035087719296,,0.0,0.0,true,true,C,10,10,true,3
phase_1,phase1-gemma-2-2b-it-2026-08-17,empirical,google/gemma-2-2b-it,299a8560bedf22ed1c72a8a11e7dce4a7f9f51f8,DGS-038,discovery,hard,history,hard__malfunctioning_always_fail__neutral,factorial,malfunctioning_always_fail,neutral,measured,fd710c55446bd7f2279975ea50ce034713b0f78d0b42628c0c519f773d984936,10.312499881954864,,0.0,,0.0,,0,false,0.20352321906231663,1.2062466585365874,0.0030898724899436,,0.0,118,0.03508771929824561,,0.0,0.0,true,true,C,10,10,true,3
phase_1,phase1-gemma-2-2b-it-2026-08-17,empirical,google/gemma-2-2b-it,299a8560bedf22ed1c72a8a11e7dce4a7f9f51f8,DGS-038,discovery,hard,history,hard__malfunctioning_always_fail__neutral,factorial,malfunctioning_always_fail,neutral,recovery,4e8c2651088f654a11917033afc211fc728dba4db38a35fc28a18449af62f29f,11.000000304135028,,,m2_invalid_final_answer_all_ten_required,0.0,,0,false,0.03938059220358807,0.29961300684799147,0.0001804185720698477,,0.0,118,0.03508771929824561,,0.0,0.0,true,true,C,10,9,true,3
phase_1,phase1-gemma-2-9b-it-2026-08-17,empirical,google/gemma-2-9b-it,11c9b309abf73637e4b6f9a3fa1e92e615547819,DGS-003,discovery,easy,mathematics,easy__accurate__hostile,factorial,accurate,hostile,measured,6c9b64cc0a29dbd9e7ed283c02f72b265498cde86c71764c471955e7a162aaaa,12.937499533320079,,0.0,,0.0,,0,false,0.046658669577195104,0.3633475201962204,6.033396857750196e-05,,0.0,114,1.85,,0.0,0.0,true,true,D,10,10,,3
phase_1,phase1-gemma-2-9b-it-2026-08-17,empirical,google/gemma-2-9b-it,11c9b309abf73637e4b6f9a3fa1e92e615547819,DGS-003,discovery,easy,mathematics,easy__accurate__hostile,factorial,accurate,hostile,onset,cfb2a4967b0d05e0eb5f895b26364d257600548b7d52a576bbaf5a506049e0b9,7.937499879859388,,0.0,,0.0,,0,false,0.09271542706028005,0.7357547639663015,0.00035598341757603835,,0.0,114,1.85,,0.0,0.0,true,true,D,10,10,,3
phase_1,phase1-gemma-2-9b-it-2026-08-17,empirical,google/gemma-2-9b-it,11c9b309abf73637e4b6f9a3fa1e92e615547819,DGS-003,discovery,easy,mathematics,easy__accurate__hostile,factorial,accurate,hostile,onset_washout,6a6e4a7a8e0f9083bf387b78fc064a15d88b0a8314ad80210564a302925c2e95,13.124999643816409,,0.0,,0.0,,0,false,0.018117953509923717,0.1644528691195712,1.4576058936242889e-05,,0.0,114,1.85,,0.0,0.0,true,true,D,10,10,,3
phase_1,phase1-gemma-2-9b-it-2026-08-17,empirical,google/gemma-2-9b-it,11c9b309abf73637e4b6f9a3fa1e92e615547819,DGS-003,discovery,easy,mathematics,easy__accurate__neutral,factorial,accurate,neutral,measured,3dd706f89e6dc832f18788635885d2b58c2f810ae2ef6860354db832de73a762,15.625000357738827,,0.0,,0.0,,0,false,0.18199044297047556,0.9983481532828254,3.866335930151621e-05,,0.0,40,0.0,,0.0,0.0,true,true,D,10,10,,3
phase_1,phase1-gemma-2-9b-it-2026-08-17,empirical,google/gemma-2-9b-it,11c9b309abf73637e4b6f9a3fa1e92e615547819,DGS-003,discovery,easy,mathematics,easy__accurate__neutral,factorial,accurate,neutral,onset,b35a260313119bba5568b02993b856d5cb85aa4e09ce97bae418929049dba464,8.87499985343311,,0.0,,0.0,,0,false,0.2661321361506765,1.2902405153921341,0.00021029743339520403,,0.0,40,0.0,,0.0,0.0,true,true,D,10,10,,3
phase_1,phase1-gemma-2-9b-it-2026-08-17,empirical,google/gemma-2-9b-it,11c9b309abf73637e4b6f9a3fa1e92e615547819,DGS-003,discovery,easy,mathematics,easy__accurate__neutral,factorial,accurate,neutral,onset_washout,fb0c70ab681a1f19e02b4ed2f20e16fcc8f3959827bd610f2aa65dc692097458,12.31249964392191,,0.0,,0.0,,0,false,0.11166231597942156,0.7937551350199644,3.4425491382100716e-05,,0.0,40,0.0,,0.0,0.0,true,true,D,10,10,,3
phase_1,phase1-gemma-2-9b-it-2026-08-17,empirical,google/gemma-2-9b-it,11c9b309abf73637e4b6f9a3fa1e92e615547819,DGS-003,discovery,easy,mathematics,easy__malfunctioning_always_fail__hostile,factorial,malfunctioning_always_fail,hostile,measured,a9ad3f7b53a459f61045ae82940aafc3edc71c6925eb53573e691cea6cb3ce63,12.812500121304765,,0.0,,0.0,,0,false,0.10499993418644736,0.7313133708744026,6.675736857780933e-05,,0.0,72,0.8,,0.0,0.0,true,true,D,10,10,true,3
phase_1,phase1-gemma-2-9b-it-2026-08-17,empirical,google/gemma-2-9b-it,11c9b309abf73637e4b6f9a3fa1e92e615547819,DGS-003,discovery,easy,mathematics,easy__malfunctioning_always_fail__hostile,factorial,malfunctioning_always_fail,hostile,recovery,7c85582f0ef4563dc14027e02177e01bfd07da2d6014ad06e00cae06c494e66d,11.124999654508429,,0.0,,0.0,,0,false,0.07714370655950388,0.5297850360947978,7.316624245271174e-05,,0.0,72,0.8,,0.0,0.0,true,true,D,10,10,true,3
phase_1,phase1-gemma-2-9b-it-2026-08-17,empirical,google/gemma-2-9b-it,11c9b309abf73637e4b6f9a3fa1e92e615547819,DGS-003,discovery,easy,mathematics,easy__malfunctioning_always_fail__neutral,factorial,malfunctioning_always_fail,neutral,measured,ce064880418880865a103215b35c1836d4134ad638f6decd80d8fa1df4ba4582,8.999999805062544,,0.0,,0.0,,0,false,0.1101801834560422,0.7048691134927128,8.481187886417534e-05,,0.0,72,0.8,,0.0,0.0,true,true,D,10,10,true,3
phase_1,phase1-gemma-2-9b-it-2026-08-17,empirical,google/gemma-2-9b-it,11c9b309abf73637e4b6f9a3fa1e92e615547819,DGS-003,discovery,easy,mathematics,easy__malfunctioning_always_fail__neutral,factorial,malfunctioning_always_fail,neutral,recovery,33180d007b0b8a408360cfcd72fec06999e4ead5bc9b407f03d37ebd77bfb753,8.812499807914719,,0.0,,0.0,,0,false,0.02305277669162221,0.19296824981283667,1.3656314898482694e-05,,0.0,74,0.85,,0.0,0.0,true,true,D,10,10,true,3
phase_1,phase1-gemma-2-9b-it-2026-08-17,empirical,google/gemma-2-9b-it,11c9b309abf73637e4b6f9a3fa1e92e615547819,DGS-004,discovery,easy,mathematics,easy__accurate__hostile,factorial,accurate,hostile,measured,8f8af5fbdc7990d688da3ee4b84066a7b12f433816098e70432d3b27bc02f62b,11.062500021012966,,0.4,,0.0,,0,false,0.08754291230625123,0.6803664482519903,0.0001093424404250979,,0.0196078431372549,157,0.4537037037037037,,0.0,0.0,true,true,A,10,10,,3
phase_1,phase1-gemma-2-9b-it-2026-08-17,empirical,google/gemma-2-9b-it,11c9b309abf73637e4b6f9a3fa1e92e615547819,DGS-004,discovery,easy,mathematics,easy__accurate__hostile,factorial,accurate,hostile,onset,dc63d59f757e2e12120d7ab7a7f5cd4e1ab3292e65049c6614c8aa375f950b34,-1.3750000596046448,,,m2_invalid_final_answer_all_ten_required,0.0,,0,false,0.18878113347339837,1.084231543832258,7.905530713063593e-05,,0.020833333333333332,151,0.39814814814814814,,0.0,0.0,true,false,B,10,9,,3
phase_1,phase1-gemma-2-9b-it-2026-08-17,empirical,google/gemma-2-9b-it,11c9b309abf73637e4b6f9a3fa1e92e615547819,DGS-004,discovery,easy,mathematics,easy__accurate__hostile,factorial,accurate,hostile,onset_washout,851d9406854f2b0d18cece6f571314bd567dfe60d567ae669ef8ed583b9c5529,-4.750000206753612,,0.4,,0.0,,0,false,0.03967032744176243,0.35901561034970025,3.317242455478616e-05,,0.0196078431372549,157,0.4537037037037037,,0.0,0.0,true,false,B,10,10,,3
phase_1,phase1-gemma-2-9b-it-2026-08-17,empirical,google/gemma-2-9b-it,11c9b309abf73637e4b6f9a3fa1e92e615547819,DGS-004,discovery,easy,mathematics,easy__accurate__neutral,factorial,accurate,neutral,measured,d202a286d87cc0a1859eaa99ee9cf3f6ce4e4021cb611c976eeb5770740f094e,13.187499644816853,,0.0,,0.0,,0,false,0.19602881881505724,1.2189886556021619,8.709933425233152e-05,,0.02702702702702703,108,0.0,,0.0,0.0,true,true,A,10,10,,3
phase_1,phase1-gemma-2-9b-it-2026-08-17,empirical,google/gemma-2-9b-it,11c9b309abf73637e4b6f9a3fa1e92e615547819,DGS-004,discovery,easy,mathematics,easy__accurate__neutral,factorial,accurate,neutral,onset,ba84cca77a0b9d4d67815ef75851ca94fc0ecb958e37f527e9332aa0d9563601,9.625000207161065,,0.0,,0.0,,0,false,0.07391744652703626,0.5305174713555189,4.8452110948968874e-05,,0.027777777777777776,61,-0.4351851851851852,,0.0,0.0,true,true,A,10,10,,3
phase_1,phase1-gemma-2-9b-it-2026-08-17,empirical,google/gemma-2-9b-it,11c9b309abf73637e4b6f9a3fa1e92e615547819,DGS-004,discovery,easy,mathematics,easy__accurate__neutral,factorial,accurate,neutral,onset_washout,9cdc937e84402632c980b2c2cca43a4b0acfeef89b61273039eb2da02a65e02c,12.437500126412488,,0.0,,0.0,,0,false,0.04550829836195949,0.3522642584901909,8.38454223146228e-06,,0.02702702702702703,63,-0.4166666666666667,,0.0,0.0,true,true,A,10,10,,3
phase_1,phase1-gemma-2-9b-it-2026-08-17,empirical,google/gemma-2-9b-it,11c9b309abf73637e4b6f9a3fa1e92e615547819,DGS-004,discovery,easy,mathematics,easy__malfunctioning_always_fail__hostile,factorial,malfunctioning_always_fail,hostile,measured,1aa7143e56d444562755623ef9ce61d079e473722ae6cc3ebb0b6d5db2bfbae9,10.500000147600076,,0.0,,0.0,,0,false,0.17835681320560326,1.2413309073741359,0.00013381125798549588,,0.044444444444444446,69,-0.3611111111111111,,0.0,0.0,true,true,A,10,10,true,3
phase_1,phase1-gemma-2-9b-it-2026-08-17,empirical,google/gemma-2-9b-it,11c9b309abf73637e4b6f9a3fa1e92e615547819,DGS-004,discovery,easy,mathematics,easy__malfunctioning_always_fail__hostile,factorial,malfunctioning_always_fail,hostile,recovery,0f0bdbef64902f464f330f9f67595d6b1d75996c6fb33ce0419b53a806fc35d4,10.874999552848749,,0.0,,0.0,,0,false,0.1434267630005011,0.8621333983605862,9.763160128902709e-05,,0.0,72,-0.3333333333333333,,0.0,0.0,true,true,A,10,10,true,3
phase_1,phase1-gemma-2-9b-it-2026-08-17,empirical,google/gemma-2-9b-it,11c9b309abf73637e4b6f9a3fa1e92e615547819,DGS-004,discovery,easy,mathematics,easy__malfunctioning_always_fail__neutral,factorial,malfunctioning_always_fail,neutral,measured,c34be1ab6f6b7215852c00556d162de9dfcb493b4fbc18868bf2ccf78e2f4668,8.062499891384505,,0.0,,0.0,,0,false,0.20706578697634234,1.3166194989570794,2.7225952123026615e-05,,0.0,79,-0.26851851851851855,,0.0,0.0,true,true,A,10,10,true,3
phase_1,phase1-gemma-2-9b-it-2026-08-17,empirical,google/gemma-2-9b-it,11c9b309abf73637e4b6f9a3fa1e92e615547819,DGS-004,discovery,easy,mathematics,easy__malfunctioning_always_fail__neutral,factorial,malfunctioning_always_fail,neutral,recovery,86787a7fcc8c0cd2cfaca8e31bea55fcfae6cc98d37c3c224e9817114523e42c,7.8124999849824235,,0.0,,0.0,,0,false,0.12422962660698124,0.9493051286438883,1.6945463078137696e-05,,0.029850746268656716,98,-0.09259259259259259,,0.0,0.0,true,true,A,10,10,true,3
phase_1,phase1-gemma-2-9b-it-2026-08-17,empirical,google/gemma-2-9b-it,11c9b309abf73637e4b6f9a3fa1e92e615547819,DGS-005,discovery,hard,mathematics,hard__accurate__hostile,factorial,accurate,hostile,measured,787f4d2a28c52a28438dc441c8e08a0a42224358bf6ce1a6a71eaddf55080511,11.93750019359868,,0.30000000000000004,,0.0,,0,false,0.05637214386830942,0.47410317246637845,3.113060550359411e-05,,0.025906735751295335,322,0.5333333333333333,,0.0,0.0,true,true,B,10,10,,3
phase_1,phase1-gemma-2-9b-it-2026-08-17,empirical,google/gemma-2-9b-it,11c9b309abf73637e4b6f9a3fa1e92e615547819,DGS-005,discovery,hard,mathematics,hard__accurate__hostile,factorial,accurate,hostile,onset,35117260aeb421d5d6dd674a2e0fe5749d537ed962c311713cf4d762f227cd64,11.87499956972897,,,m2_invalid_final_answer_all_ten_required,0.0,,0,false,0.129437484747723,0.8389288158247376,2.310904657315025e-05,,0.00909090909090909,357,0.7,,0.0,0.0,true,true,B,10,4,,3
phase_1,phase1-gemma-2-9b-it-2026-08-17,empirical,google/gemma-2-9b-it,11c9b309abf73637e4b6f9a3fa1e92e615547819,DGS-005,discovery,hard,mathematics,hard__accurate__hostile,factorial,accurate,hostile,onset_washout,9c8524c56702b7a667cc77e1dee1e6cb39db9847f0d9897d5133490b651c1ee8,9.56249977007974,,,m2_invalid_final_answer_all_ten_required,,m3_zero_visible_reasoning_tokens,0,false,0.3780848925961037,0.8806911246462037,0.0019413257174471844,,0.0,5,-0.9761904761904762,,0.0,0.0,true,true,B,10,8,,3
phase_1,phase1-gemma-2-9b-it-2026-08-17,empirical,google/gemma-2-9b-it,11c9b309abf73637e4b6f9a3fa1e92e615547819,DGS-005,discovery,hard,mathematics,hard__accurate__neutral,factorial,accurate,neutral,measured,26cd28e4642e888735eddc9a905268131bfc4cd30dee2fbc94f4aeb284253431,14.031250239986548,,0.0,,0.0,,0,false,0.1327877444839992,0.8640585786254921,2.9791699111346766e-06,,0.0423728813559322,210,0.0,,0.0,0.0,true,true,B,10,10,,3
phase_1,phase1-gemma-2-9b-it-2026-08-17,empirical,google/gemma-2-9b-it,11c9b309abf73637e4b6f9a3fa1e92e615547819,DGS-005,discovery,hard,mathematics,hard__accurate__neutral,factorial,accurate,neutral,onset,611e1c28d681b5954c6e47545b3e541315abdb1b188c4ddd2772f320c67cadd6,11.062500172352884,,0.0,,0.0,,0,false,0.08029135391449896,0.607520789762753,8.439641511491626e-06,,0.05084745762711865,209,-0.004761904761904762,,0.0,0.0,true,true,B,10,10,,3
phase_1,phase1-gemma-2-9b-it-2026-08-17,empirical,google/gemma-2-9b-it,11c9b309abf73637e4b6f9a3fa1e92e615547819,DGS-005,discovery,hard,mathematics,hard__accurate__neutral,factorial,accurate,neutral,onset_washout,70c6761cb7de7da53a6440c24eb0e7d42e062ea34968f4579a24f9f0581cfe36,13.125000360509148,,0.0,,0.0,,0,false,0.03560875698179731,0.32710080331731656,2.046977479469607e-06,,0.05084745762711865,209,-0.004761904761904762,,0.0,0.0,true,true,B,10,10,,3
phase_1,phase1-gemma-2-9b-it-2026-08-17,empirical,google/gemma-2-9b-it,11c9b309abf73637e4b6f9a3fa1e92e615547819,DGS-005,discovery,hard,mathematics,hard__malfunctioning_always_fail__hostile,factorial,malfunctioning_always_fail,hostile,measured,3f2c8a623af4d2482b75f44645b48458e398de48a99f58b07f943e5246e08d5f,13.37500000235741,,,m2_invalid_final_answer_all_ten_required,0.0,,0,false,0.10424008979518766,0.7991235359997148,6.685361131736961e-05,,0.031413612565445025,333,0.5857142857142857,,0.0,0.0,true,true,B,10,9,true,3
phase_1,phase1-gemma-2-9b-it-2026-08-17,empirical,google/gemma-2-9b-it,11c9b309abf73637e4b6f9a3fa1e92e615547819,DGS-005,discovery,hard,mathematics,hard__malfunctioning_always_fail__hostile,factorial,malfunctioning_always_fail,hostile,recovery,05564f6e55b925de7a151d1b0c91ce0844664a8158a8ffc116cd2e35b4f55ba2,12.062500131563866,,,m2_invalid_final_answer_all_ten_required,0.0,,0,false,0.07995048019451333,0.6416369892631647,4.237543559754811e-05,,0.029585798816568046,307,0.46190476190476193,,0.0,0.0,true,true,B,10,8,true,3
phase_1,phase1-gemma-2-9b-it-2026-08-17,empirical,google/gemma-2-9b-it,11c9b309abf73637e4b6f9a3fa1e92e615547819,DGS-005,discovery,hard,mathematics,hard__malfunctioning_always_fail__neutral,factorial,malfunctioning_always_fail,neutral,measured,40605a7878f4b273d4fed6bf94b6fbcc7eec57944e7c26e2603ee17ad2cdbb88,12.187500363397703,,0.0,,0.0,,0,false,0.1166903330479047,0.8076625260526279,1.215579696586052e-05,,0.042328042328042326,333,0.5857142857142857,,0.0,0.0,true,true,B,10,10,true,3
phase_1,phase1-gemma-2-9b-it-2026-08-17,empirical,google/gemma-2-9b-it,11c9b309abf73637e4b6f9a3fa1e92e615547819,DGS-005,discovery,hard,mathematics,hard__malfunctioning_always_fail__neutral,factorial,malfunctioning_always_fail,neutral,recovery,7c4cb1bf3457ebbce230fb7611206bedd9aea487d1c97c7d64c2ff2139348315,10.750000259577064,,0.0,,0.0,,0,false,0.022766557003230638,0.21331687349045067,9.081757290756394e-06,,0.032467532467532464,278,0.3238095238095238,,0.0,0.0,true,true,B,10,10,true,3
phase_1,phase1-gemma-2-9b-it-2026-08-17,empirical,google/gemma-2-9b-it,11c9b309abf73637e4b6f9a3fa1e92e615547819,DGS-007,discovery,hard,mathematics,hard__accurate__hostile,factorial,accurate,hostile,measured,9a6e34a676814eabf01b051b541fa2745e344d731a0099c222528f6bfa7470e3,,m1_invalid_final_answer,,m2_invalid_final_answer_all_ten_required,0.0,,0,false,0.16520513650174995,1.095727466614872,0.00045447190183710615,,0.2463768115942029,458,0.44025157232704404,,0.0,0.0,false,,,10,6,,3
phase_1,phase1-gemma-2-9b-it-2026-08-17,empirical,google/gemma-2-9b-it,11c9b309abf73637e4b6f9a3fa1e92e615547819,DGS-007,discovery,hard,mathematics,hard__accurate__hostile,factorial,accurate,hostile,onset,e5e6e9f3ced12de8f1282bd9ec90323d1969d770d47425676020e5f257c92fc0,,m1_invalid_final_answer,,m2_invalid_final_answer_all_ten_required,0.0,,0,false,0.5799671368357044,1.5004725228658429,0.00027212231418937094,,0.0,106,-0.6666666666666666,,0.0,0.0,false,,,10,0,,3
phase_1,phase1-gemma-2-9b-it-2026-08-17,empirical,google/gemma-2-9b-it,11c9b309abf73637e4b6f9a3fa1e92e615547819,DGS-007,discovery,hard,mathematics,hard__accurate__hostile,factorial,accurate,hostile,onset_washout,0dd119561ea727aa88fa3a48797eafc132f96240202cb509be1cd23dd2ccdc65,,m1_invalid_final_answer,,m2_invalid_final_answer_all_ten_required,0.0,,0,false,0.10385458576795348,0.7360478036627863,0.0002332675758034916,,0.22742474916387959,485,0.5251572327044025,,0.0,0.0,false,,,10,5,,3
phase_1,phase1-gemma-2-9b-it-2026-08-17,empirical,google/gemma-2-9b-it,11c9b309abf73637e4b6f9a3fa1e92e615547819,DGS-007,discovery,hard,mathematics,hard__accurate__neutral,factorial,accurate,neutral,measured,3b29f1b98206939ccc776de138e968d48f2e26dcc07c951846f35c02570cf4ec,6.249999828636646,,,m2_invalid_final_answer_all_ten_required,0.0,,0,false,0.17660970902205014,1.1402070020908155,8.05155987077805e-05,,0.23595505617977527,318,0.0,,0.0,0.0,true,true,D,10,9,,3
phase_1,phase1-gemma-2-9b-it-2026-08-17,empirical,google/gemma-2-9b-it,11c9b309abf73637e4b6f9a3fa1e92e615547819,DGS-007,discovery,hard,mathematics,hard__accurate__neutral,factorial,accurate,neutral,onset,fa011dd4f0b93150ffa1a27a53f53f77b292037bcec6b0b303ab0284813c9ad2,10.37500000547152,,,m2_invalid_final_answer_all_ten_required,0.0,,0,false,0.253023262848645,1.3822290021708512,0.0005348427437073306,,0.025974025974025976,159,-0.5,,0.0,0.0,true,true,D,10,6,,3
phase_1,phase1-gemma-2-9b-it-2026-08-17,empirical,google/gemma-2-9b-it,11c9b309abf73637e4b6f9a3fa1e92e615547819,DGS-007,discovery,hard,mathematics,hard__accurate__neutral,factorial,accurate,neutral,onset_washout,10fff3223185c3d13e8411089fc4baac8e25d1bc7b464b8968f5117b55c86472,11.687499693507561,,,m2_invalid_final_answer_all_ten_required,0.0,,0,false,0.08647288904782166,0.6938407466986876,9.990466120410167e-05,,0.025974025974025976,159,-0.5,,0.0,0.0,true,true,D,10,8,,3
phase_1,phase1-gemma-2-9b-it-2026-08-17,empirical,google/gemma-2-9b-it,11c9b309abf73637e4b6f9a3fa1e92e615547819,DGS-007,discovery,hard,mathematics,hard__malfunctioning_always_fail__hostile,factorial,malfunctioning_always_fail,hostile,measured,ae1c7ddc9fb2e7d0ec7804dfbbbb9e5953307b3408efb543813a0fa193ddc222,12.250000371495844,,,m2_invalid_final_answer_all_ten_required,0.0,,0,false,0.1112810580683276,0.7889385515322851,0.0001832535499059444,,0.13596491228070176,384,0.20754716981132076,,0.0,0.0,true,true,D,10,8,true,3
phase_1,phase1-gemma-2-9b-it-2026-08-17,empirical,google/gemma-2-9b-it,11c9b309abf73637e4b6f9a3fa1e92e615547819,DGS-007,discovery,hard,mathematics,hard__malfunctioning_always_fail__hostile,factorial,malfunctioning_always_fail,hostile,recovery,23e61a2d4fe9c10a7fe25eeb29bdc9a1ae01bb84eff1d51ea5f8afd65ce63691,,m1_invalid_final_answer,,m2_invalid_final_answer_all_ten_required,0.0,,0,false,0.198552868968937,1.1784573581855393,0.00033892692650088163,,0.04950495049504951,336,0.05660377358490566,,0.0,0.0,false,,,10,4,true,3
phase_1,phase1-gemma-2-9b-it-2026-08-17,empirical,google/gemma-2-9b-it,11c9b309abf73637e4b6f9a3fa1e92e615547819,DGS-007,discovery,hard,mathematics,hard__malfunctioning_always_fail__neutral,factorial,malfunctioning_always_fail,neutral,measured,892130e9891c9eb75323da8bdc75b204d0b071a76a5e0a14f800b6df62bc8d40,8.187499718624167,,,m2_invalid_final_answer_all_ten_required,0.0,,0,false,0.1681929043184676,1.0460409519751481,6.303716762704306e-05,,0.13270142180094788,354,0.11320754716981132,,0.0,0.0,true,true,D,10,9,true,3
phase_1,phase1-gemma-2-9b-it-2026-08-17,empirical,google/gemma-2-9b-it,11c9b309abf73637e4b6f9a3fa1e92e615547819,DGS-007,discovery,hard,mathematics,hard__malfunctioning_always_fail__neutral,factorial,malfunctioning_always_fail,neutral,recovery,d1c98ecfdef47e9a59ac5bf1963cee28f9157b0bb64d149c3780d78afddd201e,-7.437500135041773,,,m2_invalid_final_answer_all_ten_required,0.0,,0,false,0.034976389485753365,0.30900075353366807,3.8732503525715577e-05,,0.13513513513513514,358,0.12578616352201258,,0.0,0.0,true,false,B,10,8,true,3
phase_1,phase1-gemma-2-9b-it-2026-08-17,empirical,google/gemma-2-9b-it,11c9b309abf73637e4b6f9a3fa1e92e615547819,DGS-010,discovery,easy,logic,easy__accurate__hostile,factorial,accurate,hostile,measured,9db67aee31a34db20ceb640cd18c277197d8607649cf382bcbb3aa7f2ac2ae81,13.624999652660335,,0.09999999999999998,,0.0,,0,false,0.23231408656075775,1.123726999142322,0.00010774626739203097,,0.047058823529411764,136,1.6153846153846154,,0.0,0.0,true,true,B,10,10,,3
phase_1,phase1-gemma-2-9b-it-2026-08-17,empirical,google/gemma-2-9b-it,11c9b309abf73637e4b6f9a3fa1e92e615547819,DGS-010,discovery,easy,logic,easy__accurate__hostile,factorial,accurate,hostile,onset,ed8c6d4627bd9398ec605adaefe056aea06e71610d9adafb22ff5bb593482654,1.125,,,m2_invalid_final_answer_all_ten_required,0.0,,0,false,0.3721788212435648,1.264855015607163,0.00012159700960070547,,0.0,53,0.019230769230769232,,0.0,0.0,true,true,B,10,7,,3
phase_1,phase1-gemma-2-9b-it-2026-08-17,empirical,google/gemma-2-9b-it,11c9b309abf73637e4b6f9a3fa1e92e615547819,DGS-010,discovery,easy,logic,easy__accurate__hostile,factorial,accurate,hostile,onset_washout,dac6d0c9f6e0399a984f4722b9b3f08b375d6d7977f96c590fec2c004d7e2574,11.124999914463842,,0.30000000000000004,,0.0,,0,false,0.09615304746793213,0.7695417808371382,0.000266556027975531,,0.0449438202247191,141,1.7115384615384615,,0.0,0.0,true,true,B,10,10,,3
phase_1,phase1-gemma-2-9b-it-2026-08-17,empirical,google/gemma-2-9b-it,11c9b309abf73637e4b6f9a3fa1e92e615547819,DGS-010,discovery,easy,logic,easy__accurate__neutral,factorial,accurate,neutral,measured,a42db46d95e5f985d6bf568d8de114a4114e23ca93c394fa93cb358a8f8b0046,16.093749285915692,,0.09999999999999998,,0.0,,0,false,0.253490936500388,1.0048662544521905,2.298765289581429e-05,,0.0,52,0.0,,0.0,0.0,true,true,B,10,10,,3
phase_1,phase1-gemma-2-9b-it-2026-08-17,empirical,google/gemma-2-9b-it,11c9b309abf73637e4b6f9a3fa1e92e615547819,DGS-010,discovery,easy,logic,easy__accurate__neutral,factorial,accurate,neutral,onset,a79a65cce638bd5182e5b313a986d2fa20f74178a63829f5f11bfc3f8c421a67,13.906250370870112,,0.09999999999999998,,0.0,,0,false,0.2384141475883983,1.1600011634881928,6.706696189522155e-05,,0.0,89,0.7115384615384616,,0.0,0.0,true,true,B,10,10,,3
phase_1,phase1-gemma-2-9b-it-2026-08-17,empirical,google/gemma-2-9b-it,11c9b309abf73637e4b6f9a3fa1e92e615547819,DGS-010,discovery,easy,logic,easy__accurate__neutral,factorial,accurate,neutral,onset_washout,a5ad303fefa56645c2dfb0bd7888b85349a45574a736906dc6b5d00f9cc7ea5c,13.31249976917752,,0.09999999999999998,,0.0,,0,false,0.1771244500548096,0.9567797732624058,5.0383439978750205e-05,,0.0,44,-0.15384615384615385,,0.0,0.0,true,true,B,10,10,,3
phase_1,phase1-gemma-2-9b-it-2026-08-17,empirical,google/gemma-2-9b-it,11c9b309abf73637e4b6f9a3fa1e92e615547819,DGS-010,discovery,easy,logic,easy__malfunctioning_always_fail__hostile,factorial,malfunctioning_always_fail,hostile,measured,14251cda8b8b726da55f9d63f18726b28564c3244ef41944dc285cf86b9ec0cc,-12.124999588297214,,0.09999999999999998,,0.0,,0,false,0.302940472605886,1.331671604314304,0.00038199688372760656,,0.02857142857142857,106,1.0384615384615385,,0.0,0.0,true,false,C,10,10,true,3
phase_1,phase1-gemma-2-9b-it-2026-08-17,empirical,google/gemma-2-9b-it,11c9b309abf73637e4b6f9a3fa1e92e615547819,DGS-010,discovery,easy,logic,easy__malfunctioning_always_fail__hostile,factorial,malfunctioning_always_fail,hostile,recovery,42fd450f29ae7e2572849174116cd418ae8e9f89e4af768319aeaba2f6a53add,10.437500085507054,,0.0,,0.0,,0,false,0.13702817523382918,0.9398945598411945,8.256312284113295e-05,,0.05952380952380952,120,1.3076923076923077,,0.0,0.0,true,true,B,10,10,true,3
phase_1,phase1-gemma-2-9b-it-2026-08-17,empirical,google/gemma-2-9b-it,11c9b309abf73637e4b6f9a3fa1e92e615547819,DGS-010,discovery,easy,logic,easy__malfunctioning_always_fail__neutral,factorial,malfunctioning_always_fail,neutral,measured,90704ed2d8545b5b3a2032f3d2c67425bf1a400e4deef153fb3b8d2b6a5d47ff,12.500000380576239,,0.09999999999999998,,0.0,,0,false,0.21843969501258131,1.05908177421428,2.8514057089589083e-05,,0.0,90,0.7307692307692307,,0.0,0.0,true,true,B,10,10,true,3
phase_1,phase1-gemma-2-9b-it-2026-08-17,empirical,google/gemma-2-9b-it,11c9b309abf73637e4b6f9a3fa1e92e615547819,DGS-010,discovery,easy,logic,easy__malfunctioning_always_fail__neutral,factorial,malfunctioning_always_fail,neutral,recovery,f5a88d5e58fa8322dcc218b060f33bcb7e36560be042ad360d63fc5c27f61b21,9.812500320054824,,0.0,,0.0,,0,false,0.10394192670624405,0.6425346521157878,6.662715425652778e-05,,0.0,89,0.7115384615384616,,0.0,0.0,true,true,B,10,10,true,3
phase_1,phase1-gemma-2-9b-it-2026-08-17,empirical,google/gemma-2-9b-it,11c9b309abf73637e4b6f9a3fa1e92e615547819,DGS-012,discovery,easy,logic,easy__accurate__hostile,factorial,accurate,hostile,measured,f2a0952435faeb07e0279e5334216dd46b92bc0fd54722c09ac6ad0d175a3327,13.437499910622137,,0.09999999999999998,,0.0,,0,false,0.17772526536723152,1.0678273491564787,7.771965206647791e-05,,0.09859154929577464,110,0.6176470588235294,,0.0,0.0,true,true,C,10,10,,3
phase_1,phase1-gemma-2-9b-it-2026-08-17,empirical,google/gemma-2-9b-it,11c9b309abf73637e4b6f9a3fa1e92e615547819,DGS-012,discovery,easy,logic,easy__accurate__hostile,factorial,accurate,hostile,onset,3422cff296c1d8921a19b30d43affcfcea49e1ae851f9cfc0c7a6fe27c505938,13.437499782594386,,,m2_invalid_final_answer_all_ten_required,0.0,,0,false,0.2906327409892117,1.346732901722684,0.00020558802438650506,,0.06796116504854369,151,1.2205882352941178,,0.0,0.0,true,true,C,10,8,,3
phase_1,phase1-gemma-2-9b-it-2026-08-17,empirical,google/gemma-2-9b-it,11c9b309abf73637e4b6f9a3fa1e92e615547819,DGS-012,discovery,easy,logic,easy__accurate__hostile,factorial,accurate,hostile,onset_washout,9708ad01507ea17151f0dc87c1970209b332ebe3cb98b1fb2ad30ff3e247a79b,14.062499776351615,,,m2_invalid_final_answer_all_ten_required,0.0,,0,false,0.1207949094613587,0.9198558868126956,7.099463355503651e-05,,0.03125,101,0.4852941176470588,,0.0,0.0,true,true,C,10,9,,3
phase_1,phase1-gemma-2-9b-it-2026-08-17,empirical,google/gemma-2-9b-it,11c9b309abf73637e4b6f9a3fa1e92e615547819,DGS-012,discovery,easy,logic,easy__accurate__neutral,factorial,accurate,neutral,measured,31213cce6bbad74f0e8427d3d233d211a7d6d15a9eded1db110110bf32c9c5c6,12.999999533596565,,0.0,,0.0,,0,false,0.14687720091523043,0.991602588884571,1.773901862641278e-05,,0.02631578947368421,68,0.0,,0.0,0.0,true,true,C,10,10,,3
phase_1,phase1-gemma-2-9b-it-2026-08-17,empirical,google/gemma-2-9b-it,11c9b309abf73637e4b6f9a3fa1e92e615547819,DGS-012,discovery,easy,logic,easy__accurate__neutral,factorial,accurate,neutral,onset,4cef18673fbac3c1d96c3b6434b0809b6dbf57793787412f2b4f90497e535ba5,11.437499666004442,,0.0,,0.0,,0,false,0.17433539489519778,1.0903531297303144,0.0002273019338464947,,0.018867924528301886,90,0.3235294117647059,,0.0,0.0,true,true,C,10,10,,3
phase_1,phase1-gemma-2-9b-it-2026-08-17,empirical,google/gemma-2-9b-it,11c9b309abf73637e4b6f9a3fa1e92e615547819,DGS-012,discovery,easy,logic,easy__accurate__neutral,factorial,accurate,neutral,onset_washout,d471d8b14ea6251328281a83286069772f383e8014b15830150eb0466243fd46,11.937500137311872,,0.0,,0.0,,0,false,0.3665342611812482,1.4488254179056017,0.0003058220920174755,,0.08064516129032258,88,0.29411764705882354,,0.0,0.0,true,true,C,10,10,,3
phase_1,phase1-gemma-2-9b-it-2026-08-17,empirical,google/gemma-2-9b-it,11c9b309abf73637e4b6f9a3fa1e92e615547819,DGS-012,discovery,easy,logic,easy__malfunctioning_always_fail__hostile,factorial,malfunctioning_always_fail,hostile,measured,70de7838ca4d9ca4234532ed65b60772402bfd8bdfd9db868f2222a9c728558b,11.875000256564817,,0.0,,0.0,,0,false,0.1504264549209162,0.8420018831828743,3.579653695607166e-05,,0.1,108,0.5882352941176471,,0.0,0.0,true,true,C,10,10,true,3
phase_1,phase1-gemma-2-9b-it-2026-08-17,empirical,google/gemma-2-9b-it,11c9b309abf73637e4b6f9a3fa1e92e615547819,DGS-012,discovery,easy,logic,easy__malfunctioning_always_fail__hostile,factorial,malfunctioning_always_fail,hostile,recovery,b6e96ead9a7ddacc84f45b6dabea69a943365b178155a52f575eba8620d9a5be,10.000000242551323,,0.0,,0.0,,0,false,0.10428702818193411,0.6499022995440019,0.00010148121117310491,,0.10294117647058823,106,0.5588235294117647,,0.0,0.0,true,true,C,10,10,true,3
phase_1,phase1-gemma-2-9b-it-2026-08-17,empirical,google/gemma-2-9b-it,11c9b309abf73637e4b6f9a3fa1e92e615547819,DGS-012,discovery,easy,logic,easy__malfunctioning_always_fail__neutral,factorial,malfunctioning_always_fail,neutral,measured,20ac3a55a9119c6a9f833bd255a3be496e6045cb3fe0ff9d283a0a9546756a04,11.93750038946746,,0.0,,0.0,,0,false,0.13879384147745863,0.9197529382254087,1.0480199780954554e-05,,0.125,89,0.3088235294117647,,0.0,0.0,true,true,C,10,10,true,3
phase_1,phase1-gemma-2-9b-it-2026-08-17,empirical,google/gemma-2-9b-it,11c9b309abf73637e4b6f9a3fa1e92e615547819,DGS-012,discovery,easy,logic,easy__malfunctioning_always_fail__neutral,factorial,malfunctioning_always_fail,neutral,recovery,b3a8f0977fb2de15cbe5e3d756b7ae2d8261c6805d1a0dd51dcdee34c42c153d,9.875000288302545,,0.0,,0.0,,0,false,0.14116681304326703,0.9325012613264261,0.00016045987407331145,,0.0,56,-0.17647058823529413,,0.0,0.0,true,true,C,10,10,true,3
phase_1,phase1-gemma-2-9b-it-2026-08-17,empirical,google/gemma-2-9b-it,11c9b309abf73637e4b6f9a3fa1e92e615547819,DGS-014,discovery,hard,logic,hard__accurate__hostile,factorial,accurate,hostile,measured,902d2c71107b022f0e72e79d046e388f2dd41aaed0c13bc847e7aeca223f504d,,m1_invalid_final_answer,,m2_invalid_final_answer_all_ten_required,0.0,,0,false,0.26241205643902327,1.1698228275501752,2.6230204673253685e-05,,0.1297709923664122,175,0.24113475177304963,,0.0,0.0,false,,,10,3,,3
phase_1,phase1-gemma-2-9b-it-2026-08-17,empirical,google/gemma-2-9b-it,11c9b309abf73637e4b6f9a3fa1e92e615547819,DGS-014,discovery,hard,logic,hard__accurate__hostile,factorial,accurate,hostile,onset,2c44a91d04033b251a69253ace9cd39882af06942fcc1f4d1c7f26e73d20da95,,m1_invalid_final_answer,,m2_invalid_final_answer_all_ten_required,0.0,,0,false,0.33288032462722894,1.2304658618602118,0.00022366255341551094,,0.06097560975609756,219,0.5531914893617021,,0.0,0.0,false,,,10,0,,3
phase_1,phase1-gemma-2-9b-it-2026-08-17,empirical,google/gemma-2-9b-it,11c9b309abf73637e4b6f9a3fa1e92e615547819,DGS-014,discovery,hard,logic,hard__accurate__hostile,factorial,accurate,hostile,onset_washout,3554662f8e00fe9262f744387bab4bac1a7753ea63645b64107075c94c5601de,,m1_invalid_final_answer,,m2_invalid_final_answer_all_ten_required,0.0,,0,false,0.2599893241340545,1.3799637433669298,0.0004715729626252607,,0.07051282051282051,220,0.5602836879432624,,0.0,0.0,false,,,10,0,,3
phase_1,phase1-gemma-2-9b-it-2026-08-17,empirical,google/gemma-2-9b-it,11c9b309abf73637e4b6f9a3fa1e92e615547819,DGS-014,discovery,hard,logic,hard__accurate__neutral,factorial,accurate,neutral,measured,495a6d78edf211d045e9e0234b983685d1d3d9d1b1e9adf8b41c9eec1da47d57,,m1_invalid_final_answer,,m2_invalid_final_answer_all_ten_required,0.0,,0,false,0.2708373866854703,1.1812370088758246,0.00011445189351454923,,0.10784313725490197,141,0.0,,0.0,0.0,false,,,10,3,,3
phase_1,phase1-gemma-2-9b-it-2026-08-17,empirical,google/gemma-2-9b-it,11c9b309abf73637e4b6f9a3fa1e92e615547819,DGS-014,discovery,hard,logic,hard__accurate__neutral,factorial,accurate,neutral,onset,e9d0040a6a100cebc56e5f6e7afe4c6ba7b76b8c2cde1c63b911f964deb329b6,,m1_invalid_final_answer,,m2_invalid_final_answer_all_ten_required,0.0,,0,false,0.248766465245741,1.2908358701184799,0.00022062023670520002,,0.06779661016949153,163,0.15602836879432624,,0.0,0.0,false,,,10,3,,3
phase_1,phase1-gemma-2-9b-it-2026-08-17,empirical,google/gemma-2-9b-it,11c9b309abf73637e4b6f9a3fa1e92e615547819,DGS-014,discovery,hard,logic,hard__accurate__neutral,factorial,accurate,neutral,onset_washout,375970c23f93248fe55fea9cfb3d55bc7b55e873c96a3212d9976ed7f26e436a,,m1_invalid_final_answer,,m2_invalid_final_answer_all_ten_required,0.0,,0,false,0.22649626813901086,1.115804983287128,0.00033393732365108025,,0.10679611650485436,142,0.0070921985815602835,,0.0,0.0,false,,,10,3,,3
phase_1,phase1-gemma-2-9b-it-2026-08-17,empirical,google/gemma-2-9b-it,11c9b309abf73637e4b6f9a3fa1e92e615547819,DGS-014,discovery,hard,logic,hard__malfunctioning_always_fail__hostile,factorial,malfunctioning_always_fail,hostile,measured,12d3c02a7443d6017a31cc715fe1321620c99ae086bd5b93256571bcbac7058e,,m1_invalid_final_answer,,m2_invalid_final_answer_all_ten_required,0.0,,0,false,0.30331059273650574,1.389667401018491,0.00026552075138056795,,0.034013605442176874,225,0.5957446808510638,,0.0,0.0,false,,,10,4,false,3
phase_1,phase1-gemma-2-9b-it-2026-08-17,empirical,google/gemma-2-9b-it,11c9b309abf73637e4b6f9a3fa1e92e615547819,DGS-014,discovery,hard,logic,hard__malfunctioning_always_fail__hostile,factorial,malfunctioning_always_fail,hostile,recovery,9e33320cf8f44ad769462a46ba2ff0e1e81ffd72d4b07fe691af57998d62efe1,,m1_invalid_final_answer,,m2_invalid_final_answer_all_ten_required,0.0,,0,false,0.2526516991408094,1.2066401112497473,0.00031500887242685464,,0.07692307692307693,173,0.22695035460992907,,0.0,0.0,false,,,10,2,false,3
phase_1,phase1-gemma-2-9b-it-2026-08-17,empirical,google/gemma-2-9b-it,11c9b309abf73637e4b6f9a3fa1e92e615547819,DGS-014,discovery,hard,logic,hard__malfunctioning_always_fail__neutral,factorial,malfunctioning_always_fail,neutral,measured,fd8ad96277136fa57a9a623880659018d14fd94ffc66bbea3c7421aade33d5b9,,m1_invalid_final_answer,,m2_invalid_final_answer_all_ten_required,0.0,,0,false,0.2704142255142905,1.1781116940365022,0.00011486788224930512,,0.10784313725490197,141,0.0,,0.0,0.0,false,,,10,3,false,3
phase_1,phase1-gemma-2-9b-it-2026-08-17,empirical,google/gemma-2-9b-it,11c9b309abf73637e4b6f9a3fa1e92e615547819,DGS-014,discovery,hard,logic,hard__malfunctioning_always_fail__neutral,factorial,malfunctioning_always_fail,neutral,recovery,2c95c88548128303ecc1e56eb2c2e2b67536639470046cde1b70637107f915de,,m1_invalid_final_answer,,m2_invalid_final_answer_all_ten_required,0.0,,0,false,0.2929118282603487,1.3332468002120608,0.00033417073833908703,,0.12698412698412698,167,0.18439716312056736,,0.0,0.0,false,,,10,2,false,3
phase_1,phase1-gemma-2-9b-it-2026-08-17,empirical,google/gemma-2-9b-it,11c9b309abf73637e4b6f9a3fa1e92e615547819,DGS-015,discovery,hard,logic,hard__accurate__hostile,factorial,accurate,hostile,measured,25ad25839242998a938fdebf75198c08c314b4b7d9a018062f40334a4afb59db,-10.624999723862857,,0.4,,0.0,,0,false,0.391071795621772,1.552854406835138,0.00023527620896601095,,0.0,149,0.1037037037037037,,0.0,0.0,true,false,A,10,10,,3
phase_1,phase1-gemma-2-9b-it-2026-08-17,empirical,google/gemma-2-9b-it,11c9b309abf73637e4b6f9a3fa1e92e615547819,DGS-015,discovery,hard,logic,hard__accurate__hostile,factorial,accurate,hostile,onset,1df8a6625a38e6bdc0a7da51df60d57c8478622e5baef542784553b67b5c2d37,-6.875000208616257,,,m2_invalid_final_answer_all_ten_required,0.0,,0,false,0.6317991951039772,1.6622221537935686,0.00039016341238125394,,0.0,49,-0.6370370370370371,,0.0,0.0,true,false,D,10,3,,3
phase_1,phase1-gemma-2-9b-it-2026-08-17,empirical,google/gemma-2-9b-it,11c9b309abf73637e4b6f9a3fa1e92e615547819,DGS-015,discovery,hard,logic,hard__accurate__hostile,factorial,accurate,hostile,onset_washout,cfc9bb53e33542d3f8e67a2f7c18118c93c82dfd446c202b3358c673b0e92a18,-12.562499826482963,,,m2_invalid_final_answer_all_ten_required,0.0,,0,false,0.28489105052873226,1.391383935792011,0.000313398954697061,,0.10666666666666667,229,0.6962962962962963,,0.0,0.0,true,false,D,10,6,,3
phase_1,phase1-gemma-2-9b-it-2026-08-17,empirical,google/gemma-2-9b-it,11c9b309abf73637e4b6f9a3fa1e92e615547819,DGS-015,discovery,hard,logic,hard__accurate__neutral,factorial,accurate,neutral,measured,68db0d4092824bf4189acaefe61f7ebd39328ed30b958bf667e51b51208159a4,-9.062500279163942,,0.4,,0.0,,0,false,0.13277310291180253,0.8461490042265873,6.916319063507734e-06,,0.10112359550561797,135,0.0,,0.0,0.0,true,false,B,10,10,,3
phase_1,phase1-gemma-2-9b-it-2026-08-17,empirical,google/gemma-2-9b-it,11c9b309abf73637e4b6f9a3fa1e92e615547819,DGS-015,discovery,hard,logic,hard__accurate__neutral,factorial,accurate,neutral,onset,99387a07c95c84fa4501f255afa2c51ba8bd053dc92a5b394c3004c193be258e,-1.4999999403953552,,0.4,,0.0,,0,false,0.15608997096099572,0.8897529945832356,5.917897483722134e-05,,0.16666666666666666,109,-0.1925925925925926,,0.0,0.0,true,false,D,10,10,,3
phase_1,phase1-gemma-2-9b-it-2026-08-17,empirical,google/gemma-2-9b-it,11c9b309abf73637e4b6f9a3fa1e92e615547819,DGS-015,discovery,hard,logic,hard__accurate__neutral,factorial,accurate,neutral,onset_washout,ae8283a357bd9ebf1d5b05b077f4189b296e1c3122097db2ca6be3adc4b8d760,-8.124999664258212,,0.4,,0.0,,0,false,0.142682446262003,0.9175366170134884,2.154813294001753e-05,,0.10752688172043011,140,0.037037037037037035,,0.0,0.0,true,false,B,10,10,,3
phase_1,phase1-gemma-2-9b-it-2026-08-17,empirical,google/gemma-2-9b-it,11c9b309abf73637e4b6f9a3fa1e92e615547819,DGS-015,discovery,hard,logic,hard__malfunctioning_always_fail__hostile,factorial,malfunctioning_always_fail,hostile,measured,4ed3465ae53829e723f593d861ea681ca15c399cb972b53d1d496faf9fe92dbb,-10.937500385058229,,0.4,,0.0,,0,false,0.24794623283743755,1.2214388840817727,0.00045571760380613987,,0.13131313131313133,144,0.06666666666666667,,0.0,0.0,true,false,D,10,10,false,3
phase_1,phase1-gemma-2-9b-it-2026-08-17,empirical,google/gemma-2-9b-it,11c9b309abf73637e4b6f9a3fa1e92e615547819,DGS-015,discovery,hard,logic,hard__malfunctioning_always_fail__hostile,factorial,malfunctioning_always_fail,hostile,recovery,1f426f3c0bca670116ceedac426f5f6ffeaa6868fcee67c792ef6f8d37279977,-11.749999826482963,,0.4,,0.0,,0,false,0.3894749446658397,1.5207195324585092,0.0009193824082758211,,0.15463917525773196,132,-0.022222222222222223,,0.0,0.0,true,false,D,10,10,false,3
phase_1,phase1-gemma-2-9b-it-2026-08-17,empirical,google/gemma-2-9b-it,11c9b309abf73637e4b6f9a3fa1e92e615547819,DGS-015,discovery,hard,logic,hard__malfunctioning_always_fail__neutral,factorial,malfunctioning_always_fail,neutral,measured,2d5db9a3a62addf73ac020ab2e8716aa75c5850e1b47b404fdf9971631821f49,-9.499999589344952,,0.7,,0.0,,0,false,0.1908215783675039,0.9730308087044881,1.3834496291749088e-05,,0.0989010989010989,133,-0.014814814814814815,,0.0,0.0,true,false,B,10,10,false,3
phase_1,phase1-gemma-2-9b-it-2026-08-17,empirical,google/gemma-2-9b-it,11c9b309abf73637e4b6f9a3fa1e92e615547819,DGS-015,discovery,hard,logic,hard__malfunctioning_always_fail__neutral,factorial,malfunctioning_always_fail,neutral,recovery,8620c721c17107169a1683d01d09d436027e9218acceeaf00dfd2bd1f2787f4d,-9.124999936670065,,0.5,,0.0,,0,false,0.1263892488663363,0.8045169824068085,1.4687670639112086e-05,,0.0759493670886076,118,-0.1259259259259259,,0.0,0.0,true,false,B,10,10,false,3
phase_1,phase1-gemma-2-9b-it-2026-08-17,empirical,google/gemma-2-9b-it,11c9b309abf73637e4b6f9a3fa1e92e615547819,DGS-018,discovery,easy,science,easy__accurate__hostile,factorial,accurate,hostile,measured,882df1a174915e15d0db4cc0c5aecf81f18490dbc36daf4a6c9b197d8e7d50a0,13.624999527222826,,,m2_invalid_final_answer_all_ten_required,0.0,,0,false,0.15741245276944468,1.0264132945166686,0.0003253672484290525,,0.052083333333333336,128,0.30612244897959184,,0.0,0.0,true,true,B,10,9,,3
phase_1,phase1-gemma-2-9b-it-2026-08-17,empirical,google/gemma-2-9b-it,11c9b309abf73637e4b6f9a3fa1e92e615547819,DGS-018,discovery,easy,science,easy__accurate__hostile,factorial,accurate,hostile,onset,9f423ef75b2b74347c00634a3acf7b1eecf77f5c75fcbf456d61f459fe310a8b,12.250000149681,,,m2_invalid_final_answer_all_ten_required,0.0,,0,false,0.19824638820210633,1.134603822854314,0.0001499377127645866,,0.0423728813559322,150,0.5306122448979592,,0.0,0.8264462809917356,true,true,B,10,8,,3
phase_1,phase1-gemma-2-9b-it-2026-08-17,empirical,google/gemma-2-9b-it,11c9b309abf73637e4b6f9a3fa1e92e615547819,DGS-018,discovery,easy,science,easy__accurate__hostile,factorial,accurate,hostile,onset_washout,3b08a1005142f7ccfd5ab48b6c495011c5d5f8c919f5e83e0e3ab4dab99e3389,14.187500358661055,,,m2_invalid_final_answer_all_ten_required,0.0,,0,false,0.09998012338597226,0.7767913036649349,2.634207502721786e-05,,0.05263157894736842,125,0.2755102040816326,,0.0,0.0,true,true,B,10,9,,3
phase_1,phase1-gemma-2-9b-it-2026-08-17,empirical,google/gemma-2-9b-it,11c9b309abf73637e4b6f9a3fa1e92e615547819,DGS-018,discovery,easy,science,easy__accurate__neutral,factorial,accurate,neutral,measured,732c2090ee58402fe2a184493e2421f3277f1c9a03baab9b89a3fd4b02188e55,14.906250239175279,,0.0,,0.0,,0,false,0.32080395224937647,1.244768878195678,2.1701585172358236e-05,,0.0,98,0.0,,0.0,0.0,true,true,B,10,10,,3
phase_1,phase1-gemma-2-9b-it-2026-08-17,empirical,google/gemma-2-9b-it,11c9b309abf73637e4b6f9a3fa1e92e615547819,DGS-018,discovery,easy,science,easy__accurate__neutral,factorial,accurate,neutral,onset,7747a459134ab1b532ef735b4ee8f6e98bb0a005e811d1da78c2e427d37e08e9,12.187500379965059,,0.0,,0.0,,0,false,0.2826030858675568,1.226291809273406,4.146982797914972e-05,,0.0,87,-0.11224489795918367,,0.0,0.0,true,true,B,10,10,,3
phase_1,phase1-gemma-2-9b-it-2026-08-17,empirical,google/gemma-2-9b-it,11c9b309abf73637e4b6f9a3fa1e92e615547819,DGS-018,discovery,easy,science,easy__accurate__neutral,factorial,accurate,neutral,onset_washout,2386f2d807ce81f634c523b6a09f2d34891c411204f5579e6a10f0ccf38278ca,13.531250241918315,,0.0,,0.0,,0,false,0.22107354199570414,1.1261265295221843,2.020357776423436e-05,,0.0,97,-0.01020408163265306,,0.0,0.0,true,true,B,10,10,,3
phase_1,phase1-gemma-2-9b-it-2026-08-17,empirical,google/gemma-2-9b-it,11c9b309abf73637e4b6f9a3fa1e92e615547819,DGS-018,discovery,easy,science,easy__malfunctioning_always_fail__hostile,factorial,malfunctioning_always_fail,hostile,measured,d3ae7530ec2db26db8449033aedc2fb0b93a9921f52e0a9293a08e119ad95957,14.343750120784534,,,m2_invalid_final_answer_all_ten_required,0.0,,0,false,0.3517753040803166,1.3628786483978073,6.853715892919829e-05,,0.0,93,-0.05102040816326531,,0.0,0.0,true,true,B,10,9,true,3
phase_1,phase1-gemma-2-9b-it-2026-08-17,empirical,google/gemma-2-9b-it,11c9b309abf73637e4b6f9a3fa1e92e615547819,DGS-018,discovery,easy,science,easy__malfunctioning_always_fail__hostile,factorial,malfunctioning_always_fail,hostile,recovery,483bd07bf0f7f5ea23d6b1c472795d08bfba6d189980796f78f4629c119dd8b6,10.062499627674697,,,m2_invalid_final_answer_all_ten_required,0.0,,0,false,0.23645374607099146,1.2038256956460462,0.0005412003716607071,,0.0,92,-0.061224489795918366,,0.0,0.0,true,true,B,10,8,true,3
phase_1,phase1-gemma-2-9b-it-2026-08-17,empirical,google/gemma-2-9b-it,11c9b309abf73637e4b6f9a3fa1e92e615547819,DGS-018,discovery,easy,science,easy__malfunctioning_always_fail__neutral,factorial,malfunctioning_always_fail,neutral,measured,a48c93d12eb5d7d5edbb2132ec1e0aa9e2bc23b5a4806f9ebc41c96ec6ff4e05,12.687499885440047,,0.0,,0.0,,0,false,0.29795843177955583,1.2279428367600573,2.491516910892914e-05,,0.014285714285714285,91,-0.07142857142857142,,0.0,0.0,true,true,B,10,10,true,3
phase_1,phase1-gemma-2-9b-it-2026-08-17,empirical,google/gemma-2-9b-it,11c9b309abf73637e4b6f9a3fa1e92e615547819,DGS-018,discovery,easy,science,easy__malfunctioning_always_fail__neutral,factorial,malfunctioning_always_fail,neutral,recovery,4b2dcd52a85865a98eb13c06e0ce86699d3af7770c2bbeb6f5822147fc517465,9.99999957846012,,0.0,,0.0,,0,false,0.4210621970245524,1.443132458133911,0.0003178617593789552,,0.0,56,-0.42857142857142855,,0.0,0.0,true,true,B,10,10,true,3
phase_1,phase1-gemma-2-9b-it-2026-08-17,empirical,google/gemma-2-9b-it,11c9b309abf73637e4b6f9a3fa1e92e615547819,DGS-020,discovery,easy,science,easy__accurate__hostile,factorial,accurate,hostile,measured,c50cdaed4500b603f708df7ca3c79ba2b5a5a52628d3fbefcea02bd5adbd829f,12.812500049214577,,0.4,,0.0,,0,false,0.49649677577509327,1.5018150960726928,0.0004252536585838059,,0.0,63,0.06779661016949153,,0.0,0.0,true,true,A,10,10,,3
phase_1,phase1-gemma-2-9b-it-2026-08-17,empirical,google/gemma-2-9b-it,11c9b309abf73637e4b6f9a3fa1e92e615547819,DGS-020,discovery,easy,science,easy__accurate__hostile,factorial,accurate,hostile,onset,9930d2374aa0a6749ec3dc40e88d969a0d2a91c6b04f25e9c29a1cb62520752d,9.06249985517934,,,m2_invalid_final_answer_all_ten_required,0.0,,0,false,0.6619398531715149,1.6545749198813198,0.0020483230075030836,,0.0,60,0.01694915254237288,,0.0,0.0,true,true,A,10,7,,3
phase_1,phase1-gemma-2-9b-it-2026-08-17,empirical,google/gemma-2-9b-it,11c9b309abf73637e4b6f9a3fa1e92e615547819,DGS-020,discovery,easy,science,easy__accurate__hostile,factorial,accurate,hostile,onset_washout,f60033e02dc5ff3713429211916d2ff183e3d3eb07712f900b51b8e1b8ede786,12.687500136482413,,,m2_invalid_final_answer_all_ten_required,0.0,,0,false,0.4729622903579696,1.448907209466731,0.0001553716687847565,,0.0,52,-0.11864406779661017,,0.0,0.0,true,true,A,10,9,,3
phase_1,phase1-gemma-2-9b-it-2026-08-17,empirical,google/gemma-2-9b-it,11c9b309abf73637e4b6f9a3fa1e92e615547819,DGS-020,discovery,easy,science,easy__accurate__neutral,factorial,accurate,neutral,measured,62f95ef0e0cd4307843e1c313a76cc89435032be95a20138c3f7cbb863fac0cb,14.21874977144762,,0.0,,0.0,,0,false,0.4448992921033576,1.5465835929221032,0.00013960545878380782,,0.0,59,0.0,,0.0,0.0,true,true,A,10,10,,3
phase_1,phase1-gemma-2-9b-it-2026-08-17,empirical,google/gemma-2-9b-it,11c9b309abf73637e4b6f9a3fa1e92e615547819,DGS-020,discovery,easy,science,easy__accurate__neutral,factorial,accurate,neutral,onset,9dc6ba979b036d2bc46a7e5c15ba00bc567badfd55d94fbf84e83c654ea99948,10.374999754392775,,0.0,,0.0,,0,false,0.319916735194495,1.1259305865121632,0.0003312911516978502,,0.0,31,-0.4745762711864407,,0.0,0.0,true,true,A,10,10,,3
phase_1,phase1-gemma-2-9b-it-2026-08-17,empirical,google/gemma-2-9b-it,11c9b309abf73637e4b6f9a3fa1e92e615547819,DGS-020,discovery,easy,science,easy__accurate__neutral,factorial,accurate,neutral,onset_washout,7e9c0d93d16825f570e4aa7e16061ee0922b0beac9ed6016ceb3b87a2d589d85,11.624999947176548,,0.0,,0.0,,0,false,0.3133626123781324,1.0510854761890935,7.450160099009562e-05,,0.0,33,-0.4406779661016949,,0.0,0.0,true,true,A,10,10,,3
phase_1,phase1-gemma-2-9b-it-2026-08-17,empirical,google/gemma-2-9b-it,11c9b309abf73637e4b6f9a3fa1e92e615547819,DGS-020,discovery,easy,science,easy__malfunctioning_always_fail__hostile,factorial,malfunctioning_always_fail,hostile,measured,03c2735bf4429228941d203c8a7a7e1bb34e1511f987c3f13be8f3c95bf6fed5,12.875000381391146,,0.0,,0.0,,0,false,0.23829848340061213,1.1680474281877673,0.00011452830370410123,,0.0,121,1.0508474576271187,,0.0,0.0,true,true,A,10,10,true,3
phase_1,phase1-gemma-2-9b-it-2026-08-17,empirical,google/gemma-2-9b-it,11c9b309abf73637e4b6f9a3fa1e92e615547819,DGS-020,discovery,easy,science,easy__malfunctioning_always_fail__hostile,factorial,malfunctioning_always_fail,hostile,recovery,214f7a4830201223297c6d6024576830f564d0e77b5442f9ca4e109b0e58b94c,10.250000248313881,,0.0,,0.0,,0,false,0.38978368337872477,1.1435430699315774,0.00023673133256484373,,0.0,41,-0.3050847457627119,,0.0,0.0,true,true,A,10,10,true,3
phase_1,phase1-gemma-2-9b-it-2026-08-17,empirical,google/gemma-2-9b-it,11c9b309abf73637e4b6f9a3fa1e92e615547819,DGS-020,discovery,easy,science,easy__malfunctioning_always_fail__neutral,factorial,malfunctioning_always_fail,neutral,measured,09d001bab11d8dd673061ce071e1d070d799a16a1bfe3d643f03efd207d46d76,11.312500180414645,,0.0,,0.0,,0,false,0.422634067987439,1.5103619481409747,0.0007401393066007131,,0.0,96,0.6271186440677966,,0.0,0.0,true,true,A,10,10,true,3
phase_1,phase1-gemma-2-9b-it-2026-08-17,empirical,google/gemma-2-9b-it,11c9b309abf73637e4b6f9a3fa1e92e615547819,DGS-020,discovery,easy,science,easy__malfunctioning_always_fail__neutral,factorial,malfunctioning_always_fail,neutral,recovery,88c0f5ffef5e2570ba678de7db7a71ac8e3525e11dbc65a526a7bd91c4c6a7eb,4.624999942258,,0.0,,0.0,,0,false,0.27726597434211847,1.2735180196341076,0.00031912250021805304,,0.0,54,-0.0847457627118644,,0.0,0.0,true,true,A,10,10,true,3
phase_1,phase1-gemma-2-9b-it-2026-08-17,empirical,google/gemma-2-9b-it,11c9b309abf73637e4b6f9a3fa1e92e615547819,DGS-022,discovery,hard,science,hard__accurate__hostile,factorial,accurate,hostile,measured,0bc2245c5899b6808acd05ac7b99919822c820105dd7286967a8edd449e78227,,m1_invalid_final_answer,,m2_invalid_final_answer_all_ten_required,0.0,,0,false,0.14861751370912235,1.0056422146015114,7.595794681302302e-05,,0.021621621621621623,409,0.09946236559139784,,0.0,0.0,false,,,10,6,,3
phase_1,phase1-gemma-2-9b-it-2026-08-17,empirical,google/gemma-2-9b-it,11c9b309abf73637e4b6f9a3fa1e92e615547819,DGS-022,discovery,hard,science,hard__accurate__hostile,factorial,accurate,hostile,onset,f089fe5651929b3137560f5d8bf6198f5b7414b0b2769708cfa719c711dbd0c2,,m1_invalid_final_answer,,m2_invalid_final_answer_all_ten_required,0.0,,0,false,0.21097752261197256,1.2977134575270353,0.00045772190037701054,,0.00558659217877095,398,0.06989247311827956,,0.5494505494505495,0.0,false,,,10,4,,3
phase_1,phase1-gemma-2-9b-it-2026-08-17,empirical,google/gemma-2-9b-it,11c9b309abf73637e4b6f9a3fa1e92e615547819,DGS-022,discovery,hard,science,hard__accurate__hostile,factorial,accurate,hostile,onset_washout,3c0e1e468c900681aa770633e157afeb1177b5e19fe03511826066ebbef9e158,,m1_invalid_final_answer,,m2_invalid_final_answer_all_ten_required,0.0,,0,false,0.12268612384665681,0.9331145675747815,0.0001431163985922606,,0.00641025641025641,370,-0.005376344086021506,,0.0,0.0,false,,,10,6,,3
phase_1,phase1-gemma-2-9b-it-2026-08-17,empirical,google/gemma-2-9b-it,11c9b309abf73637e4b6f9a3fa1e92e615547819,DGS-022,discovery,hard,science,hard__accurate__neutral,factorial,accurate,neutral,measured,572b8660376e982b7e90c5b94cb616e6f2e3075c8005172525674fa006dcbdcc,,m1_invalid_final_answer,,m2_invalid_final_answer_all_ten_required,0.0,,0,false,0.15568200215895434,0.9749409710316059,0.000113651415792087,,0.005847953216374269,372,0.0,,0.0,0.0,false,,,10,9,,3
phase_1,phase1-gemma-2-9b-it-2026-08-17,empirical,google/gemma-2-9b-it,11c9b309abf73637e4b6f9a3fa1e92e615547819,DGS-022,discovery,hard,science,hard__accurate__neutral,factorial,accurate,neutral,onset,297cce88393c4ae380018bee28420626d8034b509c6d2126af03fb37f84f0e7a,,m1_invalid_final_answer,,m2_invalid_final_answer_all_ten_required,0.0,,0,false,0.15654167289833987,1.1062814247575117,0.00024136848807374694,,0.006993006993006993,327,-0.12096774193548387,,0.0,0.0,false,,,10,9,,3
phase_1,phase1-gemma-2-9b-it-2026-08-17,empirical,google/gemma-2-9b-it,11c9b309abf73637e4b6f9a3fa1e92e615547819,DGS-022,discovery,hard,science,hard__accurate__neutral,factorial,accurate,neutral,onset_washout,472a6883b717f53afd5dfa99456369f72b5106518772c40238472237a62c0791,,m1_invalid_final_answer,,m2_invalid_final_answer_all_ten_required,0.0,,0,false,0.09874547226624399,0.7751528519032983,7.288322134053196e-05,,0.0182648401826484,434,0.16666666666666666,,0.0,0.0,false,,,10,8,,3
phase_1,phase1-gemma-2-9b-it-2026-08-17,empirical,google/gemma-2-9b-it,11c9b309abf73637e4b6f9a3fa1e92e615547819,DGS-022,discovery,hard,science,hard__malfunctioning_always_fail__hostile,factorial,malfunctioning_always_fail,hostile,measured,c1781991fc7a6d66a229304307733cab4568fdee8afc5a88d4fb9ea727e153f3,,m1_invalid_final_answer,,m2_invalid_final_answer_all_ten_required,0.0,,0,false,0.15514041839639373,1.0544492798631087,7.932829158811852e-05,,0.027777777777777776,403,0.08333333333333333,,0.0,0.0,false,,,10,9,false,3
phase_1,phase1-gemma-2-9b-it-2026-08-17,empirical,google/gemma-2-9b-it,11c9b309abf73637e4b6f9a3fa1e92e615547819,DGS-022,discovery,hard,science,hard__malfunctioning_always_fail__hostile,factorial,malfunctioning_always_fail,hostile,recovery,bfb5fe4fde80917b547371a82cfe7e1687b9665fe0c4b5844670cdf59693e6e8,,m1_invalid_final_answer,,m2_invalid_final_answer_all_ten_required,0.0,,0,false,0.12151078991554008,0.9203560051340768,0.00016652489058225972,,0.006493506493506494,369,-0.008064516129032258,,0.0,0.0,false,,,10,8,false,3
phase_1,phase1-gemma-2-9b-it-2026-08-17,empirical,google/gemma-2-9b-it,11c9b309abf73637e4b6f9a3fa1e92e615547819,DGS-022,discovery,hard,science,hard__malfunctioning_always_fail__neutral,factorial,malfunctioning_always_fail,neutral,measured,70067496d0c40fe06d3571d3dfbacefc9adf6e021f15e74bdd1905cb366444b3,,m1_invalid_final_answer,,m2_invalid_final_answer_all_ten_required,0.0,,0,false,0.1544036730017953,0.9719444156156712,0.00011162505317723015,,0.005847953216374269,372,0.0,,0.0,0.0,false,,,10,6,false,3
phase_1,phase1-gemma-2-9b-it-2026-08-17,empirical,google/gemma-2-9b-it,11c9b309abf73637e4b6f9a3fa1e92e615547819,DGS-022,discovery,hard,science,hard__malfunctioning_always_fail__neutral,factorial,malfunctioning_always_fail,neutral,recovery,89c0590df4dda55fd1e6e2f6a60383f714a67b02f0d49a1eaea5d9619a785417,,m1_invalid_final_answer,,m2_invalid_final_answer_all_ten_required,0.0,,0,false,0.08485756520933359,0.7663646589945715,0.00016164214574464412,,0.020491803278688523,478,0.2849462365591398,,0.4048582995951417,0.0,false,,,10,5,false,3
phase_1,phase1-gemma-2-9b-it-2026-08-17,empirical,google/gemma-2-9b-it,11c9b309abf73637e4b6f9a3fa1e92e615547819,DGS-023,discovery,hard,science,hard__accurate__hostile,factorial,accurate,hostile,measured,41dfe2c50cdf108f0ce7d8890229f603a59e7fb70d62d9f6644d480066d063d4,12.875000367945177,,,m2_invalid_final_answer_all_ten_required,0.0,,0,false,0.1967468717486729,1.128204915047161,0.00011594208815708018,,0.0,164,-0.24423963133640553,,0.0,0.0,true,true,C,10,9,,3
phase_1,phase1-gemma-2-9b-it-2026-08-17,empirical,google/gemma-2-9b-it,11c9b309abf73637e4b6f9a3fa1e92e615547819,DGS-023,discovery,hard,science,hard__accurate__hostile,factorial,accurate,hostile,onset,f2cfe41367219b0018c95c1a7674d8cff35eca53e30970213e9573701d688b13,,m1_invalid_final_answer,,m2_invalid_final_answer_all_ten_required,0.0,,0,false,0.29369834106750653,1.2469632048402637,0.00016588230798033796,,0.0,227,0.04608294930875576,,0.0,0.0,false,,,10,2,,3
phase_1,phase1-gemma-2-9b-it-2026-08-17,empirical,google/gemma-2-9b-it,11c9b309abf73637e4b6f9a3fa1e92e615547819,DGS-023,discovery,hard,science,hard__accurate__hostile,factorial,accurate,hostile,onset_washout,c6f47d4a276c22e9b4c414a835b68ea5790ee6f48ae9de725d7e2f6f86a88e5d,11.437499555468094,,,m2_invalid_final_answer_all_ten_required,0.0,,0,false,0.10086341327245257,0.7652940103774271,0.0001884416788267594,,0.0,157,-0.2764976958525346,,0.0,0.0,true,true,C,10,8,,3
phase_1,phase1-gemma-2-9b-it-2026-08-17,empirical,google/gemma-2-9b-it,11c9b309abf73637e4b6f9a3fa1e92e615547819,DGS-023,discovery,hard,science,hard__accurate__neutral,factorial,accurate,neutral,measured,18f0243870a22548d6a0ddaf3d553886cc9a4c48cebbc2f7483f5425e87b4543,11.562500056345016,,,m2_invalid_final_answer_all_ten_required,0.0,,0,false,0.20298612000041202,1.2097234979221132,9.546225002778529e-05,,0.0,217,0.0,,0.0,0.0,true,true,C,10,8,,3
phase_1,phase1-gemma-2-9b-it-2026-08-17,empirical,google/gemma-2-9b-it,11c9b309abf73637e4b6f9a3fa1e92e615547819,DGS-023,discovery,hard,science,hard__accurate__neutral,factorial,accurate,neutral,onset,a4fb961532887730e842af333f7c4e3140ef6f418370a5300e97a67f09f2ec7b,10.250000068219379,,,m2_invalid_final_answer_all_ten_required,0.0,,0,false,0.043100733690923064,0.3637785712730182,8.147355981349483e-05,,0.009523809523809525,189,-0.12903225806451613,,0.0,0.0,true,true,C,10,8,,3
phase_1,phase1-gemma-2-9b-it-2026-08-17,empirical,google/gemma-2-9b-it,11c9b309abf73637e4b6f9a3fa1e92e615547819,DGS-023,discovery,hard,science,hard__accurate__neutral,factorial,accurate,neutral,onset_washout,3b772180ce7ce994cc915f8a76dd5eff0ccbad4836c4a31d1633060a6791cd43,11.812500381594873,,,m2_invalid_final_answer_all_ten_required,0.0,,0,false,0.026292445776239282,0.2360498412571378,1.9502174002615834e-05,,0.009523809523809525,189,-0.12903225806451613,,0.0,0.0,true,true,C,10,8,,3
phase_1,phase1-gemma-2-9b-it-2026-08-17,empirical,google/gemma-2-9b-it,11c9b309abf73637e4b6f9a3fa1e92e615547819,DGS-023,discovery,hard,science,hard__malfunctioning_always_fail__hostile,factorial,malfunctioning_always_fail,hostile,measured,82d7c971afb83efeef1c850a169b3b9fa7a4ccaadcf400d6f340df43f0de6df1,9.812499805353582,,,m2_invalid_final_answer_all_ten_required,0.0,,0,false,0.19129016657153347,1.0333554586538158,0.00012544809539385133,,0.0,252,0.16129032258064516,,0.0,0.0,true,true,C,10,7,true,3
phase_1,phase1-gemma-2-9b-it-2026-08-17,empirical,google/gemma-2-9b-it,11c9b309abf73637e4b6f9a3fa1e92e615547819,DGS-023,discovery,hard,science,hard__malfunctioning_always_fail__hostile,factorial,malfunctioning_always_fail,hostile,recovery,30054f30e0c6469e6f81db654a650f10a3297342e390eb317ee2d18245e057f1,10.375000400934368,,,m2_invalid_final_answer_all_ten_required,0.0,,0,false,0.11675518808922163,0.8322235959603033,8.945314999849854e-05,,0.0,245,0.12903225806451613,,0.0,0.0,true,true,C,10,7,true,3
phase_1,phase1-gemma-2-9b-it-2026-08-17,empirical,google/gemma-2-9b-it,11c9b309abf73637e4b6f9a3fa1e92e615547819,DGS-023,discovery,hard,science,hard__malfunctioning_always_fail__neutral,factorial,malfunctioning_always_fail,neutral,measured,ddab750816244313b727294690a1b682ad408d23c4ee3542b14e2064c6222587,9.875000005820766,,0.6,,0.0,,0,false,0.2545367976427215,1.2766189615265784,0.00014997523267517925,,0.0,270,0.24423963133640553,,0.0,0.0,true,true,C,10,10,true,3
phase_1,phase1-gemma-2-9b-it-2026-08-17,empirical,google/gemma-2-9b-it,11c9b309abf73637e4b6f9a3fa1e92e615547819,DGS-023,discovery,hard,science,hard__malfunctioning_always_fail__neutral,factorial,malfunctioning_always_fail,neutral,recovery,ab26d9a1a3323cf1e1c3ef237beb5e067e9b3b729a4cd2e2779c4ea8679cb6c7,9.000000247382559,,,m2_invalid_final_answer_all_ten_required,0.0,,0,false,0.055429699892367096,0.41268612564306817,2.7535384247743663e-05,,0.0,134,-0.3824884792626728,,0.0,0.0,true,true,C,10,7,true,3
phase_1,phase1-gemma-2-9b-it-2026-08-17,empirical,google/gemma-2-9b-it,11c9b309abf73637e4b6f9a3fa1e92e615547819,DGS-026,discovery,easy,language,easy__accurate__hostile,factorial,accurate,hostile,measured,4127d3f978af1527f4b2032a8339c8ba2f4ec8ffb0276a09ced9eaf6b53dca80,15.00000014581019,,,m2_invalid_final_answer_all_ten_required,0.0,,0,false,0.18459710377589947,1.439126518087017,0.005038449188787074,,0.0,113,1.7560975609756098,,0.0,0.0,true,true,B,10,9,,3
phase_1,phase1-gemma-2-9b-it-2026-08-17,empirical,google/gemma-2-9b-it,11c9b309abf73637e4b6f9a3fa1e92e615547819,DGS-026,discovery,easy,language,easy__accurate__hostile,factorial,accurate,hostile,onset,bc6fcf7c7f4d287b15b82aec1395d3fe29a4d212dd85f508f965de2924ab285b,10.37499954761006,,,m2_invalid_final_answer_all_ten_required,0.0,,0,false,0.20225865523923686,1.2220209177576227,0.00012749760919614033,,0.0,120,1.9268292682926829,,0.0,0.0,true,true,B,10,9,,3
phase_1,phase1-gemma-2-9b-it-2026-08-17,empirical,google/gemma-2-9b-it,11c9b309abf73637e4b6f9a3fa1e92e615547819,DGS-026,discovery,easy,language,easy__accurate__hostile,factorial,accurate,hostile,onset_washout,3abd5407523e0caa932a4ce6c1b1bd5c339041209d1469b06245c5170e3fe096,9.875000355183147,,,m2_invalid_final_answer_all_ten_required,0.0,,0,false,0.1278607964526583,0.8838695035709374,0.0010721694068439474,,0.0,105,1.5609756097560976,,0.0,0.0,true,true,B,10,9,,3
phase_1,phase1-gemma-2-9b-it-2026-08-17,empirical,google/gemma-2-9b-it,11c9b309abf73637e4b6f9a3fa1e92e615547819,DGS-026,discovery,easy,language,easy__accurate__neutral,factorial,accurate,neutral,measured,eb704f14d8a08c634b43f1319cce8f10e107ef8cc8b714fdbc567a8f779b15ae,15.343750000261934,,0.0,,0.0,,0,false,0.335078843630523,1.2351640507465513,3.254132856669528e-05,,0.0,41,0.0,,0.0,0.0,true,true,B,10,10,,3
phase_1,phase1-gemma-2-9b-it-2026-08-17,empirical,google/gemma-2-9b-it,11c9b309abf73637e4b6f9a3fa1e92e615547819,DGS-026,discovery,easy,language,easy__accurate__neutral,factorial,accurate,neutral,onset,11f31b555627abbaea36c9f57231adf91d8867e637add84917770738f93d7e9f,10.499999788298737,,0.0,,0.0,,0,false,0.4289530133410971,1.39628023277087,0.00045397300505268406,,0.0,31,-0.24390243902439024,,0.0,0.0,true,true,B,10,10,,3
phase_1,phase1-gemma-2-9b-it-2026-08-17,empirical,google/gemma-2-9b-it,11c9b309abf73637e4b6f9a3fa1e92e615547819,DGS-026,discovery,easy,language,easy__accurate__neutral,factorial,accurate,neutral,onset_washout,af667a1bc94311db3b4ee4355460d623637e479627d8f800a22dd85d3bd7fa5d,13.187499657666194,,0.0,,0.0,,0,false,0.22176786415181765,1.0260293152944042,5.4485931459176985e-05,,0.0,31,-0.24390243902439024,,0.0,0.0,true,true,B,10,10,,3
phase_1,phase1-gemma-2-9b-it-2026-08-17,empirical,google/gemma-2-9b-it,11c9b309abf73637e4b6f9a3fa1e92e615547819,DGS-026,discovery,easy,language,easy__malfunctioning_always_fail__hostile,factorial,malfunctioning_always_fail,hostile,measured,8f5342b1e2b9077f61b48f4a2246a0c37dafc7e37d6f1984947dc08183012b00,11.99999955642852,,,m2_invalid_final_answer_all_ten_required,0.0,,0,false,0.2210780443655146,1.1602028446173869,8.72706426876567e-05,,0.0,104,1.5365853658536586,,0.0,0.0,true,true,B,10,8,true,3
phase_1,phase1-gemma-2-9b-it-2026-08-17,empirical,google/gemma-2-9b-it,11c9b309abf73637e4b6f9a3fa1e92e615547819,DGS-026,discovery,easy,language,easy__malfunctioning_always_fail__hostile,factorial,malfunctioning_always_fail,hostile,recovery,22870db23f58cc035c3573ba7c88c80bfd236015ce3949aa173d050c28801698,9.874999833700713,,,m2_invalid_final_answer_all_ten_required,0.0,,0,false,0.10258930900910665,0.7729525536440374,0.0002696850203846814,,0.0,104,1.5365853658536586,,0.0,0.0,true,true,B,10,8,true,3
phase_1,phase1-gemma-2-9b-it-2026-08-17,empirical,google/gemma-2-9b-it,11c9b309abf73637e4b6f9a3fa1e92e615547819,DGS-026,discovery,easy,language,easy__malfunctioning_always_fail__neutral,factorial,malfunctioning_always_fail,neutral,measured,159570282ed9bcf1403ab91235e5c7a9274764f0f976d4a8d46740d87f70d07b,7.625000105239451,,0.0,,0.0,,0,false,0.4744121438072002,1.5973263586152957,0.00036050984569144104,,0.0,61,0.4878048780487805,,0.0,0.0,true,true,B,10,10,true,3
phase_1,phase1-gemma-2-9b-it-2026-08-17,empirical,google/gemma-2-9b-it,11c9b309abf73637e4b6f9a3fa1e92e615547819,DGS-026,discovery,easy,language,easy__malfunctioning_always_fail__neutral,factorial,malfunctioning_always_fail,neutral,recovery,b641ada3de9bb86555ef71b174519fc5e4899c0ab35a351f72f3e2c3f0685ff9,10.750000153813744,,0.0,,0.0,,0,false,0.19041442490481603,0.950312279832267,0.00021991751193051515,,0.0,34,-0.17073170731707318,,0.0,0.0,true,true,B,10,10,true,3
phase_1,phase1-gemma-2-9b-it-2026-08-17,empirical,google/gemma-2-9b-it,11c9b309abf73637e4b6f9a3fa1e92e615547819,DGS-028,discovery,easy,language,easy__accurate__hostile,factorial,accurate,hostile,measured,6acfd3f9e47c16a96d2020d663383b022fd841c92c8df27a4a27274abf62f7a7,13.062500439205905,,0.4,,0.0,,0,false,0.48945856002902116,1.5512380145634914,0.0013867484623924047,,0.0,24,0.0,,0.0,0.0,true,true,A,10,10,,3
phase_1,phase1-gemma-2-9b-it-2026-08-17,empirical,google/gemma-2-9b-it,11c9b309abf73637e4b6f9a3fa1e92e615547819,DGS-028,discovery,easy,language,easy__accurate__hostile,factorial,accurate,hostile,onset,1955bb048c100c9ef6c885013ade547f1fffdba45ab0bfcc69de545adfff313c,,m1_invalid_final_answer,,m2_invalid_final_answer_all_ten_required,0.0,,0,false,0.3831434518698767,1.2672947669888162,0.0004645765921247682,,0.0,87,2.625,,0.0,0.0,false,,,10,8,,3
phase_1,phase1-gemma-2-9b-it-2026-08-17,empirical,google/gemma-2-9b-it,11c9b309abf73637e4b6f9a3fa1e92e615547819,DGS-028,discovery,easy,language,easy__accurate__hostile,factorial,accurate,hostile,onset_washout,f0331bc5afe9a91736c756eef31e555e66181136887e143bf3fbe1a028f1a41d,14.875000124695362,,,m2_invalid_final_answer_all_ten_required,0.0,,0,false,0.20633835807196502,0.9792960577395879,6.695675414341203e-05,,0.0,24,0.0,,0.0,0.0,true,true,A,10,9,,3
phase_1,phase1-gemma-2-9b-it-2026-08-17,empirical,google/gemma-2-9b-it,11c9b309abf73637e4b6f9a3fa1e92e615547819,DGS-028,discovery,easy,language,easy__accurate__neutral,factorial,accurate,neutral,measured,5502e76d905fd2000157d7aae232ed00f3ef23824945c46d30e5be419262e944,14.09374966136238,,0.0,,0.0,,0,false,0.6044474597494847,1.6148029164732256,0.0007430322990913951,,0.0,24,0.0,,0.0,0.0,true,true,A,10,10,,3
phase_1,phase1-gemma-2-9b-it-2026-08-17,empirical,google/gemma-2-9b-it,11c9b309abf73637e4b6f9a3fa1e92e615547819,DGS-028,discovery,easy,language,easy__accurate__neutral,factorial,accurate,neutral,onset,3af1003aed24133aca6b0029b3dcbf64e2aa601c7b9c65bab73f907650ceefe9,11.187500346568413,,0.0,,0.0,,0,false,0.1729427475826175,0.8405223511933914,0.00013561805621747707,,0.0,27,0.125,,0.0,0.0,true,true,A,10,10,,3
phase_1,phase1-gemma-2-9b-it-2026-08-17,empirical,google/gemma-2-9b-it,11c9b309abf73637e4b6f9a3fa1e92e615547819,DGS-028,discovery,easy,language,easy__accurate__neutral,factorial,accurate,neutral,onset_washout,545e2b8babe37a176424d89b9a8993d32be69b99a4ff5d0266667692cc649dd2,14.249999889842002,,0.0,,0.0,,0,false,0.1759411459064941,0.980406771152536,3.062366952266693e-05,,0.0,28,0.16666666666666666,,0.0,0.0,true,true,A,10,10,,3
phase_1,phase1-gemma-2-9b-it-2026-08-17,empirical,google/gemma-2-9b-it,11c9b309abf73637e4b6f9a3fa1e92e615547819,DGS-028,discovery,easy,language,easy__malfunctioning_always_fail__hostile,factorial,malfunctioning_always_fail,hostile,measured,6e3e395fadfd26864e758112532bc9940fb380204952c6983d155a126f355405,10.1249999582069,,0.0,,0.0,,0,false,0.5495807083573919,1.514301312545857,0.0006501985365538846,,0.0,66,1.75,,0.0,0.0,true,true,A,10,10,true,3
phase_1,phase1-gemma-2-9b-it-2026-08-17,empirical,google/gemma-2-9b-it,11c9b309abf73637e4b6f9a3fa1e92e615547819,DGS-028,discovery,easy,language,easy__malfunctioning_always_fail__hostile,factorial,malfunctioning_always_fail,hostile,recovery,3210a9f83b78170de87c0046be3c459e3eea2f9c0861bf75edd446e649314433,9.750000028754584,,0.0,,0.0,,0,false,0.1700522438687628,1.078798817895914,0.0001915117399237732,,0.0,66,1.75,,0.0,0.0,true,true,A,10,10,true,3
phase_1,phase1-gemma-2-9b-it-2026-08-17,empirical,google/gemma-2-9b-it,11c9b309abf73637e4b6f9a3fa1e92e615547819,DGS-028,discovery,easy,language,easy__malfunctioning_always_fail__neutral,factorial,malfunctioning_always_fail,neutral,measured,468825e1c3cff12aa3a243cef84c77b36c88be1d7a3fe4d45212a264188ac7df,12.812500162865035,,0.0,,0.0,,0,false,0.36221821010810556,1.2342475842687932,0.00042576468009690574,,0.0,44,0.8333333333333334,,0.0,0.0,true,true,A,10,10,true,3
phase_1,phase1-gemma-2-9b-it-2026-08-17,empirical,google/gemma-2-9b-it,11c9b309abf73637e4b6f9a3fa1e92e615547819,DGS-028,discovery,easy,language,easy__malfunctioning_always_fail__neutral,factorial,malfunctioning_always_fail,neutral,recovery,1303bd053e813c815d9463cda2266471c35175f70b9f8ae6cc6869454a0c1118,10.749999805062544,,0.0,,0.0,,0,false,0.3052649171099611,1.4008633388264098,8.311758378976812e-05,,0.0,28,0.16666666666666666,,0.0,0.0,true,true,A,10,10,true,3
phase_1,phase1-gemma-2-9b-it-2026-08-17,empirical,google/gemma-2-9b-it,11c9b309abf73637e4b6f9a3fa1e92e615547819,DGS-030,discovery,hard,language,hard__accurate__hostile,factorial,accurate,hostile,measured,e19ac16a9bd06d72bca48ff9c39dbb2c6c87fc1c2370367ea8bfc13346dc2516,-10.375000252388418,,0.09999999999999998,,0.0,,0,false,0.45836621956191687,1.7246630147824376,0.0013502607277804113,,0.0,44,-0.043478260869565216,,0.0,0.0,true,false,B,10,10,,3
phase_1,phase1-gemma-2-9b-it-2026-08-17,empirical,google/gemma-2-9b-it,11c9b309abf73637e4b6f9a3fa1e92e615547819,DGS-030,discovery,hard,language,hard__accurate__hostile,factorial,accurate,hostile,onset,09cd002e22f59ebe416f26d4911c49b2d2bed27777d66ea465c62c43c5994865,-6.125000208616257,,,m2_invalid_final_answer_all_ten_required,0.0,,0,false,0.37207527180751593,1.267045396169781,0.0002077117279359377,,0.0,96,1.0869565217391304,,0.0,0.0,true,false,B,10,5,,3
phase_1,phase1-gemma-2-9b-it-2026-08-17,empirical,google/gemma-2-9b-it,11c9b309abf73637e4b6f9a3fa1e92e615547819,DGS-030,discovery,hard,language,hard__accurate__hostile,factorial,accurate,hostile,onset_washout,0154b881097d07da070a6e73d6461977f658516e1768e51f288f726e1b526757,-7.81250006519258,,,m2_invalid_final_answer_all_ten_required,0.0,,0,false,0.21735975116550638,1.1288919843775584,0.00012772803468616696,,0.0,71,0.5434782608695652,,0.0,0.0,true,false,B,10,9,,3
phase_1,phase1-gemma-2-9b-it-2026-08-17,empirical,google/gemma-2-9b-it,11c9b309abf73637e4b6f9a3fa1e92e615547819,DGS-030,discovery,hard,language,hard__accurate__neutral,factorial,accurate,neutral,measured,fec677bf65458efcb49d9c57fc535cfa5b4d3b09466594928502d823c6c2e7b5,14.12499988284253,,0.0,,0.0,,0,false,0.3061885557694877,1.4343464995295203,0.00010305296171934869,,0.0,46,0.0,,0.0,0.0,true,true,C,10,10,,3
phase_1,phase1-gemma-2-9b-it-2026-08-17,empirical,google/gemma-2-9b-it,11c9b309abf73637e4b6f9a3fa1e92e615547819,DGS-030,discovery,hard,language,hard__accurate__neutral,factorial,accurate,neutral,onset,026b8deab8c159ef33c143721f6b7dd00985cacdaf65c54e672d679fbc10f803,12.812499703053618,,0.0,,0.0,,0,false,0.20272400773280172,0.9757302892881333,4.4144777599609455e-05,,0.0,55,0.1956521739130435,,0.0,0.0,true,true,C,10,10,,3
phase_1,phase1-gemma-2-9b-it-2026-08-17,empirical,google/gemma-2-9b-it,11c9b309abf73637e4b6f9a3fa1e92e615547819,DGS-030,discovery,hard,language,hard__accurate__neutral,factorial,accurate,neutral,onset_washout,82898257531dd91c044ae1d3be69645b79d908fdcb178e72022221442d840e36,13.562500393949449,,0.0,,0.0,,0,false,0.22871696373125372,1.1228307684041374,6.765795147799038e-05,,0.0,42,-0.08695652173913043,,0.0,0.0,true,true,C,10,10,,3
phase_1,phase1-gemma-2-9b-it-2026-08-17,empirical,google/gemma-2-9b-it,11c9b309abf73637e4b6f9a3fa1e92e615547819,DGS-030,discovery,hard,language,hard__malfunctioning_always_fail__hostile,factorial,malfunctioning_always_fail,hostile,measured,81a5ee5894f229ad02d7735c270786cdeb04dd89ff7d90dc8c9986648691d65c,11.312500232364982,,0.0,,0.0,,0,false,0.28190863620582507,1.3065864206500175,8.478557414592486e-05,,0.0,78,0.6956521739130435,,0.0,0.0,true,true,C,10,10,true,3
phase_1,phase1-gemma-2-9b-it-2026-08-17,empirical,google/gemma-2-9b-it,11c9b309abf73637e4b6f9a3fa1e92e615547819,DGS-030,discovery,hard,language,hard__malfunctioning_always_fail__hostile,factorial,malfunctioning_always_fail,hostile,recovery,28615f63294226207b9b3402227b02e7116e61cdb2effa0e17ff0ef07986cdc1,9.812500124564394,,0.0,,0.0,,0,false,0.2486536216003557,1.3571720850052413,0.0001254365147973141,,0.0,80,0.7391304347826086,,0.0,0.0,true,true,C,10,10,true,3
phase_1,phase1-gemma-2-9b-it-2026-08-17,empirical,google/gemma-2-9b-it,11c9b309abf73637e4b6f9a3fa1e92e615547819,DGS-030,discovery,hard,language,hard__malfunctioning_always_fail__neutral,factorial,malfunctioning_always_fail,neutral,measured,c1b94030613f087990abf107a91c5da4404a326bd16debf620fa642627467e40,8.687499671243131,,0.0,,0.0,,0,false,0.19434446883494502,1.099350425276066,3.059441449767123e-05,,0.0,62,0.34782608695652173,,0.0,0.0,true,true,C,10,10,true,3
phase_1,phase1-gemma-2-9b-it-2026-08-17,empirical,google/gemma-2-9b-it,11c9b309abf73637e4b6f9a3fa1e92e615547819,DGS-030,discovery,hard,language,hard__malfunctioning_always_fail__neutral,factorial,malfunctioning_always_fail,neutral,recovery,8e42ecf73c73983fedaa0cf68a573c6591f2065cfa1919adbf81afb49ca3eb0f,7.499999882420525,,0.0,,0.0,,0,false,0.16710706913622492,0.9300335654741124,4.805660359052783e-05,,0.023255813953488372,69,0.5,,0.0,0.0,true,true,C,10,10,true,3
phase_1,phase1-gemma-2-9b-it-2026-08-17,empirical,google/gemma-2-9b-it,11c9b309abf73637e4b6f9a3fa1e92e615547819,DGS-032,discovery,hard,language,hard__accurate__hostile,factorial,accurate,hostile,measured,a3d80ec107b1173a9d263347ba50bdb9e9dbe4ab0ae97506842bf9ff81fe18b2,8.187500298721716,,0.19999999999999996,,0.0,,0,false,0.34013872504165965,1.3953677753939588,0.0003499525517294873,,0.0,119,0.6081081081081081,,0.0,0.0,true,true,D,10,10,,3
phase_1,phase1-gemma-2-9b-it-2026-08-17,empirical,google/gemma-2-9b-it,11c9b309abf73637e4b6f9a3fa1e92e615547819,DGS-032,discovery,hard,language,hard__accurate__hostile,factorial,accurate,hostile,onset,64bed8086ee8ca386168ee26b73f43aadf37c4e0816cac236a11367fce8546ef,,m1_invalid_final_answer,,m2_invalid_final_answer_all_ten_required,0.0,,0,false,0.41841301986966156,1.5697119218161533,0.0004461099231304864,,0.05853658536585366,278,2.7567567567567566,,0.0,0.0,false,,,10,6,,3
phase_1,phase1-gemma-2-9b-it-2026-08-17,empirical,google/gemma-2-9b-it,11c9b309abf73637e4b6f9a3fa1e92e615547819,DGS-032,discovery,hard,language,hard__accurate__hostile,factorial,accurate,hostile,onset_washout,b0013d07bad56aded936333cebbc197f8fcedddc7b1f6b66fe8603035efb26d1,5.8749998500570655,,,m2_invalid_final_answer_all_ten_required,,m3_zero_visible_reasoning_tokens,0,false,0.5614027391319779,1.3154500768443478,0.006937429730431921,,0.0,5,-0.9324324324324325,,0.0,0.0,true,true,D,10,9,,3
phase_1,phase1-gemma-2-9b-it-2026-08-17,empirical,google/gemma-2-9b-it,11c9b309abf73637e4b6f9a3fa1e92e615547819,DGS-032,discovery,hard,language,hard__accurate__neutral,factorial,accurate,neutral,measured,337807daf9298163942302b91c8253d5bd689daed6498dddf840943ab289558e,10.249999679916073,,0.0,,0.0,,0,false,0.366903987800176,1.3983653070482627,7.008268310664467e-05,,0.0,74,0.0,,0.0,0.0,true,true,D,10,10,,3
phase_1,phase1-gemma-2-9b-it-2026-08-17,empirical,google/gemma-2-9b-it,11c9b309abf73637e4b6f9a3fa1e92e615547819,DGS-032,discovery,hard,language,hard__accurate__neutral,factorial,accurate,neutral,onset,d5144c1ec4c72255694e6d210cde1cdcbdd23a619e07db7528e9f08bfdd41d98,-2.9999999031424522,,0.09999999999999998,,0.0,,0,false,0.12443218407200976,0.8208253090897945,0.00010205590131867966,,0.0,79,0.06756756756756757,,0.0,0.0,true,false,C,10,10,,3
phase_1,phase1-gemma-2-9b-it-2026-08-17,empirical,google/gemma-2-9b-it,11c9b309abf73637e4b6f9a3fa1e92e615547819,DGS-032,discovery,hard,language,hard__accurate__neutral,factorial,accurate,neutral,onset_washout,3123c8f7306047a548466d29c8f6172d8e83d701ba853f8206cf8da83946fecd,-9.312500434665708,,0.09999999999999998,,0.0,,0,false,0.05214627920633335,0.43896508440032134,4.7652401101193746e-05,,0.0,79,0.06756756756756757,,0.0,0.0,true,false,C,10,10,,3
phase_1,phase1-gemma-2-9b-it-2026-08-17,empirical,google/gemma-2-9b-it,11c9b309abf73637e4b6f9a3fa1e92e615547819,DGS-032,discovery,hard,language,hard__malfunctioning_always_fail__hostile,factorial,malfunctioning_always_fail,hostile,measured,2d47b881af53fdc75314e9c7218eb804f093136880b7f1c99f01270a4392e04a,-11.062500371335773,,0.5,,0.0,,0,false,0.4356103527090139,1.6037964117640804,0.0003160351346890107,,0.0,92,0.24324324324324326,,0.0,0.0,true,false,C,10,10,true,3
phase_1,phase1-gemma-2-9b-it-2026-08-17,empirical,google/gemma-2-9b-it,11c9b309abf73637e4b6f9a3fa1e92e615547819,DGS-032,discovery,hard,language,hard__malfunctioning_always_fail__hostile,factorial,malfunctioning_always_fail,hostile,recovery,ee711e46fcdff9d2a0a51f15d2b41194877b495e69e314678f10101717c28a2c,-12.625000241685484,,0.30000000000000004,,0.0,,0,false,0.3112774056602719,1.3496062902272292,0.00018413262920259852,,0.1111111111111111,152,1.054054054054054,,0.0,0.0,true,false,C,10,10,true,3
phase_1,phase1-gemma-2-9b-it-2026-08-17,empirical,google/gemma-2-9b-it,11c9b309abf73637e4b6f9a3fa1e92e615547819,DGS-032,discovery,hard,language,hard__malfunctioning_always_fail__neutral,factorial,malfunctioning_always_fail,neutral,measured,86e6d4859d969d63df81355029d5c3c666f64053270d4828cc624f45584eb6f0,13.062500369211193,,0.5,,0.0,,0,false,0.39497088122251195,1.2782239826552202,7.578825929480604e-05,,0.0,68,-0.08108108108108109,,0.0,0.0,true,true,D,10,10,true,3
phase_1,phase1-gemma-2-9b-it-2026-08-17,empirical,google/gemma-2-9b-it,11c9b309abf73637e4b6f9a3fa1e92e615547819,DGS-032,discovery,hard,language,hard__malfunctioning_always_fail__neutral,factorial,malfunctioning_always_fail,neutral,recovery,9bf8057f8bb64a8104469f8dff8613e195fef2421847bf2d4664296f7b994740,-8.750000083586201,,0.5,,0.0,,0,false,0.24091019341935946,1.1242314531789324,7.298040349665827e-05,,0.0,74,0.0,,0.0,0.0,true,false,C,10,10,true,3
phase_1,phase1-gemma-2-9b-it-2026-08-17,empirical,google/gemma-2-9b-it,11c9b309abf73637e4b6f9a3fa1e92e615547819,DGS-034,discovery,easy,history,easy__accurate__hostile,factorial,accurate,hostile,measured,1311e4806c2349a70b0dd96b98cbe609d41ba2588f1548293f83f32274e6a1d4,13.374999715248123,,,m2_invalid_final_answer_all_ten_required,0.0,,0,false,0.3761907280785251,1.5967850539884156,0.0005126280203726838,,0.0,48,0.45454545454545453,,0.0,0.0,true,true,A,10,9,,3
phase_1,phase1-gemma-2-9b-it-2026-08-17,empirical,google/gemma-2-9b-it,11c9b309abf73637e4b6f9a3fa1e92e615547819,DGS-034,discovery,easy,history,easy__accurate__hostile,factorial,accurate,hostile,onset,8ae870a4a60d3282021b784f6b55f0d0c294746f5e205de5f09ff94b105a71f2,14.250000182073563,,,m2_invalid_final_answer_all_ten_required,0.0,,0,false,0.2830585437428339,1.0985848034652816,0.00031823635865640173,,0.0,49,0.48484848484848486,,0.0,0.0,true,true,A,10,6,,3
phase_1,phase1-gemma-2-9b-it-2026-08-17,empirical,google/gemma-2-9b-it,11c9b309abf73637e4b6f9a3fa1e92e615547819,DGS-034,discovery,easy,history,easy__accurate__hostile,factorial,accurate,hostile,onset_washout,66385bd3c46689738c0cb9146485b7001177ff4358067ba4ca091a0d1b687549,14.65625015355181,,0.6,,0.0,,0,false,0.1907322667963058,1.2912942096133073,8.645993743682523e-05,,0.0,40,0.21212121212121213,,0.0,0.0,true,true,A,10,10,,3
phase_1,phase1-gemma-2-9b-it-2026-08-17,empirical,google/gemma-2-9b-it,11c9b309abf73637e4b6f9a3fa1e92e615547819,DGS-034,discovery,easy,history,easy__accurate__neutral,factorial,accurate,neutral,measured,60c4be390b32e65685c1c639876ee6a461825706d0cd99b0d83c83b5c5716135,16.406249167110218,,0.0,,0.0,,0,false,0.2762184520108427,1.163628561132652,3.196537923048788e-05,,0.0,33,0.0,,0.0,0.0,true,true,A,10,10,,3
phase_1,phase1-gemma-2-9b-it-2026-08-17,empirical,google/gemma-2-9b-it,11c9b309abf73637e4b6f9a3fa1e92e615547819,DGS-034,discovery,easy,history,easy__accurate__neutral,factorial,accurate,neutral,onset,c814a8e289a32e367d3c88ce038351f69adab5b023af69c5203ea491f3a69482,14.187500121246558,,0.0,,0.0,,0,false,0.06106024023895522,0.37122364327705304,7.487855586672916e-05,,0.0,26,-0.21212121212121213,,0.0,0.0,true,true,A,10,10,,3
phase_1,phase1-gemma-2-9b-it-2026-08-17,empirical,google/gemma-2-9b-it,11c9b309abf73637e4b6f9a3fa1e92e615547819,DGS-034,discovery,easy,history,easy__accurate__neutral,factorial,accurate,neutral,onset_washout,4e5efb2de9c58e6f3dc14f475472effca03a98b4fe73907ea1695d1e57e992f5,14.874999882027623,,0.0,,0.0,,0,false,0.08161547178499201,0.40840768187706217,0.00010058692385525806,,0.0,26,-0.21212121212121213,,0.0,0.0,true,true,A,10,10,,3
phase_1,phase1-gemma-2-9b-it-2026-08-17,empirical,google/gemma-2-9b-it,11c9b309abf73637e4b6f9a3fa1e92e615547819,DGS-034,discovery,easy,history,easy__malfunctioning_always_fail__hostile,factorial,malfunctioning_always_fail,hostile,measured,0670dc8181b4ccadf9847f3b3f73568d6727d124d3909ef922466cffe4fa5fad,14.312499770021532,,0.0,,0.0,,0,false,0.3257528894136417,1.149429119664962,0.00011964337723487994,,0.0,34,0.030303030303030304,,0.0,0.0,true,true,A,10,10,true,3
phase_1,phase1-gemma-2-9b-it-2026-08-17,empirical,google/gemma-2-9b-it,11c9b309abf73637e4b6f9a3fa1e92e615547819,DGS-034,discovery,easy,history,easy__malfunctioning_always_fail__hostile,factorial,malfunctioning_always_fail,hostile,recovery,1743a1a2b7810994f19233c75cd4636dba83ea68a71f90fa61294ffe2d187696,13.56250000570435,,0.0,,0.0,,0,false,0.15513583278015142,0.8733497345781362,0.00022416042629171877,,0.0,26,-0.21212121212121213,,0.0,0.0,true,true,A,10,10,true,3
phase_1,phase1-gemma-2-9b-it-2026-08-17,empirical,google/gemma-2-9b-it,11c9b309abf73637e4b6f9a3fa1e92e615547819,DGS-034,discovery,easy,history,easy__malfunctioning_always_fail__neutral,factorial,malfunctioning_always_fail,neutral,measured,2a33a2d18baca92e3d9f7662cb343a4f696c3640fe13154960c3c92b39a2a6a5,10.125000048894435,,0.0,,0.0,,0,false,0.2626056883344995,1.1541805862666126,0.0003931486807094303,,0.0,26,-0.21212121212121213,,0.0,0.0,true,true,A,10,10,true,3
phase_1,phase1-gemma-2-9b-it-2026-08-17,empirical,google/gemma-2-9b-it,11c9b309abf73637e4b6f9a3fa1e92e615547819,DGS-034,discovery,easy,history,easy__malfunctioning_always_fail__neutral,factorial,malfunctioning_always_fail,neutral,recovery,e2f06d867a4b2678d3fa64198cd06a2d96a43fae142179315a20da1b158d953e,12.437500248895958,,0.0,,0.0,,0,false,0.09617512394202787,0.5883343740495964,0.0002551457846452157,,0.0,26,-0.21212121212121213,,0.0,0.0,true,true,A,10,10,true,3
phase_1,phase1-gemma-2-9b-it-2026-08-17,empirical,google/gemma-2-9b-it,11c9b309abf73637e4b6f9a3fa1e92e615547819,DGS-035,discovery,easy,history,easy__accurate__hostile,factorial,accurate,hostile,measured,2be188e6abd5e58cffae4fe65c6614191dbe1778dcd47305a66911c0065290a0,4.625000127591193,,0.5,,0.0,,0,false,0.28300527158591793,1.517411523163625,0.001331436300851699,,0.01694915254237288,188,0.5409836065573771,,0.0,0.0,true,true,B,10,10,,3
phase_1,phase1-gemma-2-9b-it-2026-08-17,empirical,google/gemma-2-9b-it,11c9b309abf73637e4b6f9a3fa1e92e615547819,DGS-035,discovery,easy,history,easy__accurate__hostile,factorial,accurate,hostile,onset,86210ac8764480c40f0fb8f4ec9535f4dd1cad19722788231dcce34dc8366d8f,-12.187499879975803,,,m2_invalid_final_answer_all_ten_required,0.0,,0,false,0.20902042043711455,1.1904722287997447,0.00010863047159085532,,0.014388489208633094,213,0.7459016393442623,,0.0,0.0,true,false,D,10,8,,3
phase_1,phase1-gemma-2-9b-it-2026-08-17,empirical,google/gemma-2-9b-it,11c9b309abf73637e4b6f9a3fa1e92e615547819,DGS-035,discovery,easy,history,easy__accurate__hostile,factorial,accurate,hostile,onset_washout,5724ccb531dda2a24ca62ed94918fdd72224bd3d32e119a8a068887d8967260a,12.437500025320332,,,m2_invalid_final_answer_all_ten_required,0.0,,0,false,0.050275629120925334,0.4627483174131353,6.385933929038803e-05,,0.010101010101010102,159,0.30327868852459017,,0.0,0.0,true,true,B,10,7,,3
phase_1,phase1-gemma-2-9b-it-2026-08-17,empirical,google/gemma-2-9b-it,11c9b309abf73637e4b6f9a3fa1e92e615547819,DGS-035,discovery,easy,history,easy__accurate__neutral,factorial,accurate,neutral,measured,c7aca96722e977e88d3d314ee5563f404154a7eb854004ed5a28b565422b8cc9,13.437500241685484,,0.0,,0.0,,0,false,0.11778180433591244,0.847140598653212,0.00019611187406492125,,0.0,122,0.0,,0.0,0.0,true,true,B,10,10,,3
phase_1,phase1-gemma-2-9b-it-2026-08-17,empirical,google/gemma-2-9b-it,11c9b309abf73637e4b6f9a3fa1e92e615547819,DGS-035,discovery,easy,history,easy__accurate__neutral,factorial,accurate,neutral,onset,ae116adc18d58198263afe0e7b920592a6e87bf62ab535149a524b61a8efa902,9.437499533873051,,0.0,,0.0,,0,false,0.07797773985716494,0.6394452704145387,0.0002453448057880388,,0.0,114,-0.06557377049180328,,0.0,0.0,true,true,B,10,10,,3
phase_1,phase1-gemma-2-9b-it-2026-08-17,empirical,google/gemma-2-9b-it,11c9b309abf73637e4b6f9a3fa1e92e615547819,DGS-035,discovery,easy,history,easy__accurate__neutral,factorial,accurate,neutral,onset_washout,6f57af2fddbdae4591a8c845ad7c355f0be9fe01c8bb49d11cee9c6ad5a525b9,11.624999767620466,,0.0,,0.0,,0,false,0.021046290514206666,0.18566340250001057,2.9793663791390643e-05,,0.0,126,0.03278688524590164,,0.0,0.0,true,true,B,10,10,,3
phase_1,phase1-gemma-2-9b-it-2026-08-17,empirical,google/gemma-2-9b-it,11c9b309abf73637e4b6f9a3fa1e92e615547819,DGS-035,discovery,easy,history,easy__malfunctioning_always_fail__hostile,factorial,malfunctioning_always_fail,hostile,measured,64a044cd723f06649d7d65453ec16b624c5034c4a8f05ab3c09409bfad9e6f9c,11.87500044630724,,0.0,,0.0,,0,false,0.20814886557384138,1.2725804583819265,0.000604193205882546,,0.0,118,-0.03278688524590164,,0.0,0.0,true,true,B,10,10,true,3
phase_1,phase1-gemma-2-9b-it-2026-08-17,empirical,google/gemma-2-9b-it,11c9b309abf73637e4b6f9a3fa1e92e615547819,DGS-035,discovery,easy,history,easy__malfunctioning_always_fail__hostile,factorial,malfunctioning_always_fail,hostile,recovery,f6e8762f34ae82816b28575f56b64310dd3623fa79e2e6582573021410fe0515,12.062500285188435,,0.0,,0.0,,0,false,0.17461967730095188,1.203781498330901,0.00022904942297679765,,0.0,133,0.09016393442622951,,0.0,0.0,true,true,B,10,10,true,3
phase_1,phase1-gemma-2-9b-it-2026-08-17,empirical,google/gemma-2-9b-it,11c9b309abf73637e4b6f9a3fa1e92e615547819,DGS-035,discovery,easy,history,easy__malfunctioning_always_fail__neutral,factorial,malfunctioning_always_fail,neutral,measured,a843edaa4844d7b2914720e2aef7d9445dff8645bfcf59b66169f8609de340f7,12.249999781110091,,0.0,,0.0,,0,false,0.23849710762914308,1.2927815751797356,0.0002702672970681742,,0.0,106,-0.13114754098360656,,0.0,0.0,true,true,B,10,10,true,3
phase_1,phase1-gemma-2-9b-it-2026-08-17,empirical,google/gemma-2-9b-it,11c9b309abf73637e4b6f9a3fa1e92e615547819,DGS-035,discovery,easy,history,easy__malfunctioning_always_fail__neutral,factorial,malfunctioning_always_fail,neutral,recovery,9155480bed601ea5e22799c87ff6f9833ff04e5e5b019d47fd2c7b676304b8ea,9.812499571125954,,0.0,,0.0,,0,false,0.14109379993659918,1.0540096524437497,0.00015779286375479712,,0.0,119,-0.02459016393442623,,0.0,0.0,true,true,B,10,10,true,3
phase_1,phase1-gemma-2-9b-it-2026-08-17,empirical,google/gemma-2-9b-it,11c9b309abf73637e4b6f9a3fa1e92e615547819,DGS-037,discovery,hard,history,hard__accurate__hostile,factorial,accurate,hostile,measured,45915dc9d74a7f6bef81db398f8210f3789225c72a6694a27ba6cead9fdd5d73,-13.499999560473952,,0.19999999999999996,,0.0,,0,false,0.4132027075572631,1.2962633413272169,0.0004909344189686184,,0.0,38,-0.6576576576576577,,0.0,0.0,true,false,B,10,10,,3
phase_1,phase1-gemma-2-9b-it-2026-08-17,empirical,google/gemma-2-9b-it,11c9b309abf73637e4b6f9a3fa1e92e615547819,DGS-037,discovery,hard,history,hard__accurate__hostile,factorial,accurate,hostile,onset,17af765de70f13250825d9be8513c86ec681cddf7970555c163e59be51bc5212,-13.874999875348294,,,m2_invalid_final_answer_all_ten_required,0.0,,0,false,0.42729088098805773,1.3698464457320603,0.0001030186228021378,,0.0,78,-0.2972972972972973,,0.0,0.0,true,false,B,10,6,,3
phase_1,phase1-gemma-2-9b-it-2026-08-17,empirical,google/gemma-2-9b-it,11c9b309abf73637e4b6f9a3fa1e92e615547819,DGS-037,discovery,hard,history,hard__accurate__hostile,factorial,accurate,hostile,onset_washout,096722bfe4db665f57fdbb6dc707052729b0384aced8a18d185683a5bded34ae,-8.187499730847776,,,m2_invalid_final_answer_all_ten_required,0.0,,0,false,0.3707165888773024,1.3021375338982653,0.00015470817022188198,,0.0,41,-0.6306306306306306,,0.0,0.0,true,false,B,10,9,,3
phase_1,phase1-gemma-2-9b-it-2026-08-17,empirical,google/gemma-2-9b-it,11c9b309abf73637e4b6f9a3fa1e92e615547819,DGS-037,discovery,hard,history,hard__accurate__neutral,factorial,accurate,neutral,measured,d6a911b2e54a72d991757871a26bf8932ca55e0a4355274f8ac9df56eaafbed5,15.874999761768777,,0.0,,0.0,,0,false,0.3273254600576283,1.3174963666409143,0.00012129135882542718,,0.0,111,0.0,,0.0,0.0,true,true,D,10,10,,3
phase_1,phase1-gemma-2-9b-it-2026-08-17,empirical,google/gemma-2-9b-it,11c9b309abf73637e4b6f9a3fa1e92e615547819,DGS-037,discovery,hard,history,hard__accurate__neutral,factorial,accurate,neutral,onset,ded93049ba7c5a1b38814f17b75ec8d2d37c8be019f4aa4afd4ff2d463abdfbe,11.87500013069075,,0.0,,0.0,,0,false,0.17982651366317814,1.0133019328896715,0.00018880438804419578,,0.0,108,-0.02702702702702703,,0.0,0.0,true,true,D,10,10,,3
phase_1,phase1-gemma-2-9b-it-2026-08-17,empirical,google/gemma-2-9b-it,11c9b309abf73637e4b6f9a3fa1e92e615547819,DGS-037,discovery,hard,history,hard__accurate__neutral,factorial,accurate,neutral,onset_washout,486e9ddc0455748c1debc922f9360d7df947a9973afff0bf965a33a6b0fdf584,13.750000358573743,,0.0,,0.0,,0,false,0.06467180296558736,0.5143768562433352,3.831690900167451e-05,,0.0,108,-0.02702702702702703,,0.0,0.0,true,true,D,10,10,,3
phase_1,phase1-gemma-2-9b-it-2026-08-17,empirical,google/gemma-2-9b-it,11c9b309abf73637e4b6f9a3fa1e92e615547819,DGS-037,discovery,hard,history,hard__malfunctioning_always_fail__hostile,factorial,malfunctioning_always_fail,hostile,measured,f6d9aff8e4b8516c0c919af54363454f165c1cae96fa0840e44184b943f27c7d,13.56250035888661,,0.0,,0.0,,0,false,0.2534463343412136,1.2749828891812744,7.441145104615923e-05,,0.0,93,-0.16216216216216217,,0.0,0.0,true,true,D,10,10,true,3
phase_1,phase1-gemma-2-9b-it-2026-08-17,empirical,google/gemma-2-9b-it,11c9b309abf73637e4b6f9a3fa1e92e615547819,DGS-037,discovery,hard,history,hard__malfunctioning_always_fail__hostile,factorial,malfunctioning_always_fail,hostile,recovery,13c61c7980aba66d4941162bc0a81ac9a11fef8a1e580c376f3bf4618e44aab1,11.062499581283191,,,m2_invalid_final_answer_all_ten_required,0.0,,0,false,0.42527474073840593,1.5950176331226633,0.0009156099610509887,,0.0,142,0.27927927927927926,,0.0,0.0,true,true,D,10,9,true,3
phase_1,phase1-gemma-2-9b-it-2026-08-17,empirical,google/gemma-2-9b-it,11c9b309abf73637e4b6f9a3fa1e92e615547819,DGS-037,discovery,hard,history,hard__malfunctioning_always_fail__neutral,factorial,malfunctioning_always_fail,neutral,measured,7f1fc4e49b765321d083c15dba2eedb567b46b435226a6c52f1c71b605e698c6,12.937499882027623,,0.19999999999999996,,0.0,,0,false,0.20788450595793745,1.062263644745337,6.410434068013304e-05,,0.0,144,0.2972972972972973,,0.0,0.0,true,true,D,10,10,true,3
phase_1,phase1-gemma-2-9b-it-2026-08-17,empirical,google/gemma-2-9b-it,11c9b309abf73637e4b6f9a3fa1e92e615547819,DGS-037,discovery,hard,history,hard__malfunctioning_always_fail__neutral,factorial,malfunctioning_always_fail,neutral,recovery,a9071ae91a95218940e63fc007a9da215329e289e0f3f2d3e9a980f20944ab10,9.875000117783202,,0.4,,0.0,,0,false,0.07852481911298051,0.6124389354297469,0.000142278276846412,,0.0,121,0.09009009009009009,,0.0,0.0,true,true,D,10,10,true,3
phase_1,phase1-gemma-2-9b-it-2026-08-17,empirical,google/gemma-2-9b-it,11c9b309abf73637e4b6f9a3fa1e92e615547819,DGS-038,discovery,hard,history,hard__accurate__hostile,factorial,accurate,hostile,measured,85f108b84f243a8a970c0f7dbf066853dcaabfa0e956b738e9c6fcba58fe621a,10.75000003457535,,0.30000000000000004,,0.0,,0,false,0.3858939568646685,1.6017575108923958,0.0008497500598100488,,0.0,238,0.8740157480314961,,0.0,0.0,true,true,C,10,10,,3
phase_1,phase1-gemma-2-9b-it-2026-08-17,empirical,google/gemma-2-9b-it,11c9b309abf73637e4b6f9a3fa1e92e615547819,DGS-038,discovery,hard,history,hard__accurate__hostile,factorial,accurate,hostile,onset,03e852f78cd7b1c58400936a8bc0e5f98881f740a638bd2ae79da17c3f546177,8.81249971454963,,,m2_invalid_final_answer_all_ten_required,0.0,,0,false,0.4743027087660341,1.7225310073422728,0.0016136356983701876,,0.0,271,1.1338582677165354,,0.0,0.0,true,true,C,10,4,,3
phase_1,phase1-gemma-2-9b-it-2026-08-17,empirical,google/gemma-2-9b-it,11c9b309abf73637e4b6f9a3fa1e92e615547819,DGS-038,discovery,hard,history,hard__accurate__hostile,factorial,accurate,hostile,onset_washout,f118a7c034d22a80f1ab406b2e48dc6c9fc6356b26972356f654c73251cbb48b,11.625000148284016,,,m2_invalid_final_answer_all_ten_required,0.0,,0,false,0.025564753422798122,0.2343292560204741,4.848508465645042e-05,,0.0,246,0.937007874015748,,0.0,0.0,true,true,C,10,9,,3
phase_1,phase1-gemma-2-9b-it-2026-08-17,empirical,google/gemma-2-9b-it,11c9b309abf73637e4b6f9a3fa1e92e615547819,DGS-038,discovery,hard,history,hard__accurate__neutral,factorial,accurate,neutral,measured,4416919013e74bd281b45b5250ec8c6de0611db932d239d5fe0baf0400b9afb6,13.937499773106538,,0.0,,0.0,,0,false,0.37152724392082315,1.5801381474824079,0.0008310456468317911,,0.0,127,0.0,,0.0,0.0,true,true,C,10,10,,3
phase_1,phase1-gemma-2-9b-it-2026-08-17,empirical,google/gemma-2-9b-it,11c9b309abf73637e4b6f9a3fa1e92e615547819,DGS-038,discovery,hard,history,hard__accurate__neutral,factorial,accurate,neutral,onset,35d2d7a6d71721a082b174f3c41745198d9e843e8174d095a7ea7ce7906e40b0,11.31250026950147,,0.0,,0.0,,0,false,0.5416870355995766,1.7919776424184732,0.0008969016681346192,,0.0,74,-0.41732283464566927,,0.0,0.0,true,true,C,10,10,,3
phase_1,phase1-gemma-2-9b-it-2026-08-17,empirical,google/gemma-2-9b-it,11c9b309abf73637e4b6f9a3fa1e92e615547819,DGS-038,discovery,hard,history,hard__accurate__neutral,factorial,accurate,neutral,onset_washout,568c7147b9f50bebe75357f5d6418e25f1ba9d630d518a1a48e6a40752fc71ad,13.624999805353582,,0.0,,0.0,,0,false,0.3155769479408108,1.3671601810935887,0.00019717674564318936,,0.0,95,-0.25196850393700787,,0.0,0.0,true,true,C,10,10,,3
phase_1,phase1-gemma-2-9b-it-2026-08-17,empirical,google/gemma-2-9b-it,11c9b309abf73637e4b6f9a3fa1e92e615547819,DGS-038,discovery,hard,history,hard__malfunctioning_always_fail__hostile,factorial,malfunctioning_always_fail,hostile,measured,2fb6dec9a675faed8dc5538349524ccdbf61cbe844454660d58e41ee213fb493,12.43749965717143,,0.09999999999999998,,0.0,,0,false,0.4126827101979684,1.6339977659899467,0.0012899066250123441,,0.0,237,0.8661417322834646,,0.0,0.0,true,true,C,10,10,true,3
phase_1,phase1-gemma-2-9b-it-2026-08-17,empirical,google/gemma-2-9b-it,11c9b309abf73637e4b6f9a3fa1e92e615547819,DGS-038,discovery,hard,history,hard__malfunctioning_always_fail__hostile,factorial,malfunctioning_always_fail,hostile,recovery,92b6ea5a3522761c92444017f0756d55ebedafbfce4170eb6963ae4fd692ce04,11.125000389642082,,,m2_invalid_final_answer_all_ten_required,0.0,,0,false,0.27477990056006196,1.4243767276302632,0.0006193766769646785,,0.0,235,0.8503937007874016,,0.0,0.0,true,true,C,10,7,true,3
phase_1,phase1-gemma-2-9b-it-2026-08-17,empirical,google/gemma-2-9b-it,11c9b309abf73637e4b6f9a3fa1e92e615547819,DGS-038,discovery,hard,history,hard__malfunctioning_always_fail__neutral,factorial,malfunctioning_always_fail,neutral,measured,abff1f7e96086af5a52e58db2bc8b819b45efd67bc5eadd6730a8d48af29551f,11.687499739869963,,0.0,,0.0,,0,false,0.35213648658554547,1.5051809978557575,0.0005887539427613619,,0.0,124,-0.023622047244094488,,0.0,0.0,true,true,C,10,10,true,3
phase_1,phase1-gemma-2-9b-it-2026-08-17,empirical,google/gemma-2-9b-it,11c9b309abf73637e4b6f9a3fa1e92e615547819,DGS-038,discovery,hard,history,hard__malfunctioning_always_fail__neutral,factorial,malfunctioning_always_fail,neutral,recovery,3b39b7ab664147f59f1cfe900f9b28062b1816cae02348316ae2ad9823504d2f,8.937500272411853,,0.0,,0.0,,0,false,0.3702919885611581,1.656407112363047,0.0006957048221502469,,0.0,153,0.2047244094488189,,0.0,0.0,true,true,C,10,10,true,3
phase_1,phase1-qwen2.5-3b-2026-08-17,empirical,Qwen/Qwen2.5-3B-Instruct,aa8e72537993ba99e69dfaafa59ed015b17504d1,DGS-003,discovery,easy,mathematics,easy__accurate__hostile,factorial,accurate,hostile,measured,f06e8157831cda8b5a8537b5b906e761b5c10813ab7ca741244caa316f421571,21.75,,0.0,,,m3_zero_visible_reasoning_tokens,0,false,0.19889147487898381,0.596674404695891,0.00043569525952173266,,0.0,3,0.0,,0.0,0.0,true,true,D,10,10,,3
phase_1,phase1-qwen2.5-3b-2026-08-17,empirical,Qwen/Qwen2.5-3B-Instruct,aa8e72537993ba99e69dfaafa59ed015b17504d1,DGS-003,discovery,easy,mathematics,easy__accurate__hostile,factorial,accurate,hostile,onset,7e38757eba5fb830fd58033e855992d6932a546a9cb4a8ee021315891ddaa2a5,21.374999880790718,,0.0,,0.0,,0,false,0.11513545716651277,1.0125176454749005,0.00012643442257124886,,0.0,161,52.666666666666664,,0.0,0.0,true,true,D,10,10,,3
phase_1,phase1-qwen2.5-3b-2026-08-17,empirical,Qwen/Qwen2.5-3B-Instruct,aa8e72537993ba99e69dfaafa59ed015b17504d1,DGS-003,discovery,easy,mathematics,easy__accurate__hostile,factorial,accurate,hostile,onset_washout,68a7964b7100144ae5a12f278d09da5dac31dddcd6fd6ad44460b7432e1af120,18.75,,0.0,,,m3_zero_visible_reasoning_tokens,0,false,0.30220146291578315,0.9066042235441975,0.00021230832049275636,,0.0,3,0.0,,0.0,0.0,true,true,D,10,10,,3
phase_1,phase1-qwen2.5-3b-2026-08-17,empirical,Qwen/Qwen2.5-3B-Instruct,aa8e72537993ba99e69dfaafa59ed015b17504d1,DGS-003,discovery,easy,mathematics,easy__accurate__neutral,factorial,accurate,neutral,measured,995801bd731594df87819ee7b5cabbbb8c249d87da513905970c6d80483f1d5d,21.875,,0.0,,,m3_zero_visible_reasoning_tokens,0,false,0.10216911961862646,0.3065073403469446,0.00023381265550570518,,0.0,3,0.0,,0.0,0.0,true,true,D,10,10,,3
phase_1,phase1-qwen2.5-3b-2026-08-17,empirical,Qwen/Qwen2.5-3B-Instruct,aa8e72537993ba99e69dfaafa59ed015b17504d1,DGS-003,discovery,easy,mathematics,easy__accurate__neutral,factorial,accurate,neutral,onset,0d5e99aa1fe46c7b8d64c0c62b31d3c67bc7f9182bdc117b0c20673bfde556c2,24.75,,0.0,,0.0,,0,false,0.010916402086415856,0.10331938751501542,2.611067835172574e-07,,0.0,157,51.333333333333336,,0.0,0.0,true,true,D,10,10,,3
phase_1,phase1-qwen2.5-3b-2026-08-17,empirical,Qwen/Qwen2.5-3B-Instruct,aa8e72537993ba99e69dfaafa59ed015b17504d1,DGS-003,discovery,easy,mathematics,easy__accurate__neutral,factorial,accurate,neutral,onset_washout,d4ab76d9a41884aed8b2818aec7b944b65b72e56f7c4d40e5110e712cd9d5a85,19.375,,0.0,,,m3_zero_visible_reasoning_tokens,0,false,0.5483576325050065,1.645072796908229,0.0001644353879203253,,0.0,3,0.0,,0.0,0.0,true,true,D,10,10,,3
phase_1,phase1-qwen2.5-3b-2026-08-17,empirical,Qwen/Qwen2.5-3B-Instruct,aa8e72537993ba99e69dfaafa59ed015b17504d1,DGS-003,discovery,easy,mathematics,easy__malfunctioning_always_fail__hostile,factorial,malfunctioning_always_fail,hostile,measured,1a0e7be639befe3b8776b5d429f5461ee04ffec6d0b98991be3aca255a91e069,22.0,,0.0,,0.0,,0,false,0.4320145729526988,1.8077574457062233,0.0037133833325650924,,0.0,26,7.666666666666667,,0.0,0.0,true,true,D,10,10,true,3
phase_1,phase1-qwen2.5-3b-2026-08-17,empirical,Qwen/Qwen2.5-3B-Instruct,aa8e72537993ba99e69dfaafa59ed015b17504d1,DGS-003,discovery,easy,mathematics,easy__malfunctioning_always_fail__hostile,factorial,malfunctioning_always_fail,hostile,recovery,4723f7970a6961e9396c1f753045e6f56f53e2f8e9fdc6935c385d859a3f6a52,24.25,,0.0,,0.0,,0,false,0.2934387736851348,1.630838223350934,0.0006003040537462218,,0.022727272727272728,88,28.333333333333332,,0.0,0.0,true,true,D,10,10,true,3
phase_1,phase1-qwen2.5-3b-2026-08-17,empirical,Qwen/Qwen2.5-3B-Instruct,aa8e72537993ba99e69dfaafa59ed015b17504d1,DGS-003,discovery,easy,mathematics,easy__malfunctioning_always_fail__neutral,factorial,malfunctioning_always_fail,neutral,measured,dc271146d82a41803047062116ff9cc7f1e8b84b438c529a8ba8e16ebbb16a54,20.125,,0.0,,,m3_zero_visible_reasoning_tokens,0,false,0.18726577878985218,0.5617972554977759,0.0013583978751013914,,0.0,3,0.0,,0.0,0.0,true,true,D,10,10,true,3
phase_1,phase1-qwen2.5-3b-2026-08-17,empirical,Qwen/Qwen2.5-3B-Instruct,aa8e72537993ba99e69dfaafa59ed015b17504d1,DGS-003,discovery,easy,mathematics,easy__malfunctioning_always_fail__neutral,factorial,malfunctioning_always_fail,neutral,recovery,12d29a40ac9501321e7077a9036ddb15fbd3047d4dc814dc1ee1adf37bc780df,20.75,,0.0,,0.0,,0,false,0.08758384164909279,0.8008009155462811,0.0002562214952816854,,0.0,166,54.333333333333336,,0.0,0.0,true,true,D,10,10,true,3
phase_1,phase1-qwen2.5-3b-2026-08-17,empirical,Qwen/Qwen2.5-3B-Instruct,aa8e72537993ba99e69dfaafa59ed015b17504d1,DGS-004,discovery,easy,mathematics,easy__accurate__hostile,factorial,accurate,hostile,measured,a88dfb712a4507b7adc24cad732c59d82822b7ba85c17e52ba03566673305335,22.875,,0.0,,0.0,,0,false,0.15316928218038722,1.0871444723161479,0.00028732936133745254,,0.06593406593406594,184,60.333333333333336,,0.0,0.0,true,true,A,10,10,,3
phase_1,phase1-qwen2.5-3b-2026-08-17,empirical,Qwen/Qwen2.5-3B-Instruct,aa8e72537993ba99e69dfaafa59ed015b17504d1,DGS-004,discovery,easy,mathematics,easy__accurate__hostile,factorial,accurate,hostile,onset,4c4fcd77eb2a33b8f8a0285c675b17b669d4314eb8cfb89b5e8521b083355026,20.5,,,m2_invalid_final_answer_all_ten_required,0.0,,0,false,0.12422209379955271,1.0061505548699292,6.559423929470373e-05,,0.021052631578947368,199,65.33333333333333,,0.0,0.0,true,true,A,10,9,,3
phase_1,phase1-qwen2.5-3b-2026-08-17,empirical,Qwen/Qwen2.5-3B-Instruct,aa8e72537993ba99e69dfaafa59ed015b17504d1,DGS-004,discovery,easy,mathematics,easy__accurate__hostile,factorial,accurate,hostile,onset_washout,18f73f7dae8b76b5a1b41590ab84d7406b205438fc25579420060f8c408f5320,22.875,,,m2_invalid_final_answer_all_ten_required,0.0,,0,false,0.11041044169002102,1.0772546753472239,0.001633321425387403,,0.02040816326530612,200,65.66666666666667,,0.0,0.0,true,true,A,10,9,,3
phase_1,phase1-qwen2.5-3b-2026-08-17,empirical,Qwen/Qwen2.5-3B-Instruct,aa8e72537993ba99e69dfaafa59ed015b17504d1,DGS-004,discovery,easy,mathematics,easy__accurate__neutral,factorial,accurate,neutral,measured,bb44778543592f4b0ae46f38cd464e38e5543c08964b4cf7f15414e7aa1f6533,20.75,,0.0,,,m3_zero_visible_reasoning_tokens,0,false,0.3199577445756611,0.9598732103764002,0.0008166752453467874,,0.0,3,0.0,,0.0,0.0,true,true,A,10,10,,3
phase_1,phase1-qwen2.5-3b-2026-08-17,empirical,Qwen/Qwen2.5-3B-Instruct,aa8e72537993ba99e69dfaafa59ed015b17504d1,DGS-004,discovery,easy,mathematics,easy__accurate__neutral,factorial,accurate,neutral,onset,411fd69094048774e3017c056acae9b5eb5c54db6c20c8008447797ff08ce153,25.75,,0.0,,0.0,,0,false,0.006938455498837944,0.06480314647523579,3.711319236863849e-07,,0.05813953488372093,171,56.0,,0.0,0.0,true,true,A,10,10,,3
phase_1,phase1-qwen2.5-3b-2026-08-17,empirical,Qwen/Qwen2.5-3B-Instruct,aa8e72537993ba99e69dfaafa59ed015b17504d1,DGS-004,discovery,easy,mathematics,easy__accurate__neutral,factorial,accurate,neutral,onset_washout,5561d65ab77704ee8fa4b6ed13e4a5b21aad054f4a8c37209506438820f3a229,22.375,,0.0,,,m3_zero_visible_reasoning_tokens,0,false,0.5074653095059908,1.5223958782432396,0.00021387827337637777,,0.0,3,0.0,,0.0,0.0,true,true,A,10,10,,3
phase_1,phase1-qwen2.5-3b-2026-08-17,empirical,Qwen/Qwen2.5-3B-Instruct,aa8e72537993ba99e69dfaafa59ed015b17504d1,DGS-004,discovery,easy,mathematics,easy__malfunctioning_always_fail__hostile,factorial,malfunctioning_always_fail,hostile,measured,9821fa0884647f8e1f0aa7c6483dafd864669633777d9890f73ff578ded2f2b0,20.25,,0.0,,0.0,,0,false,0.06718112337019581,0.5904443438358389,8.257387968441294e-05,,0.08695652173913043,151,49.333333333333336,,0.0,0.0,true,true,A,10,10,true,3
phase_1,phase1-qwen2.5-3b-2026-08-17,empirical,Qwen/Qwen2.5-3B-Instruct,aa8e72537993ba99e69dfaafa59ed015b17504d1,DGS-004,discovery,easy,mathematics,easy__malfunctioning_always_fail__hostile,factorial,malfunctioning_always_fail,hostile,recovery,ba36ad8e63fc0d8b3d6b3efd52763f43604eb85af7b8ee7d62a6c38a668d6534,23.875,,0.09999999999999998,,0.0,,0,false,0.18319285988337675,1.285551946058496,0.000684022379700474,,0.04854368932038835,193,63.333333333333336,,0.0,0.0,true,true,A,10,10,true,3
phase_1,phase1-qwen2.5-3b-2026-08-17,empirical,Qwen/Qwen2.5-3B-Instruct,aa8e72537993ba99e69dfaafa59ed015b17504d1,DGS-004,discovery,easy,mathematics,easy__malfunctioning_always_fail__neutral,factorial,malfunctioning_always_fail,neutral,measured,13e5ca4ae30cf34e5b7198859f5212ccf6a1b178cd823adf58ce505305c95dea,18.875,,0.0,,0.0,,0,false,0.07295947352420472,0.6552206875805248,7.875967872321359e-05,,0.08,157,51.333333333333336,,0.0,0.0,true,true,A,10,10,true,3
phase_1,phase1-qwen2.5-3b-2026-08-17,empirical,Qwen/Qwen2.5-3B-Instruct,aa8e72537993ba99e69dfaafa59ed015b17504d1,DGS-004,discovery,easy,mathematics,easy__malfunctioning_always_fail__neutral,factorial,malfunctioning_always_fail,neutral,recovery,2777a73f47367a46bdcbf5556a4fc490d5d898b5257c3b9e8970743c2581adbd,21.125,,0.0,,0.0,,0,false,0.11743826943061159,1.0683875083000183,0.0005796614137345544,,0.06382978723404255,164,53.666666666666664,,0.0,0.0,true,true,A,10,10,true,3
phase_1,phase1-qwen2.5-3b-2026-08-17,empirical,Qwen/Qwen2.5-3B-Instruct,aa8e72537993ba99e69dfaafa59ed015b17504d1,DGS-005,discovery,hard,mathematics,hard__accurate__hostile,factorial,accurate,hostile,measured,f6ce6ef04b1dbde54c71c112a845cb03fa7e47498123339c6cb5f4357d751cb6,18.375,,0.0,,,m3_zero_visible_reasoning_tokens,0,false,0.15057368360485404,0.4517208252474537,0.0013418307578776378,,0.0,3,-0.9915966386554622,,0.0,0.0,true,true,B,10,10,,3
phase_1,phase1-qwen2.5-3b-2026-08-17,empirical,Qwen/Qwen2.5-3B-Instruct,aa8e72537993ba99e69dfaafa59ed015b17504d1,DGS-005,discovery,hard,mathematics,hard__accurate__hostile,factorial,accurate,hostile,onset,8962296cd1bb8f7545e72b901aca182afacecec8aabbd1d1a9396dccf5fe30ab,20.5,,0.0,,0.0,,0,false,0.039587265772822046,0.3811820913288465,2.1382674580994064e-05,,0.04741379310344827,358,0.0028011204481792717,,0.0,0.0,true,true,B,10,10,,3
phase_1,phase1-qwen2.5-3b-2026-08-17,empirical,Qwen/Qwen2.5-3B-Instruct,aa8e72537993ba99e69dfaafa59ed015b17504d1,DGS-005,discovery,hard,mathematics,hard__accurate__hostile,factorial,accurate,hostile,onset_washout,71eea8fb0eae8af1b8abad87f747b0123ea7361f45549b2dcbc176de2d394ce1,17.375,,0.0,,,m3_zero_visible_reasoning_tokens,0,false,0.2664656696890087,0.7993964870709421,0.0002359416951634996,,0.0,3,-0.9915966386554622,,0.0,0.0,true,true,B,10,10,,3
phase_1,phase1-qwen2.5-3b-2026-08-17,empirical,Qwen/Qwen2.5-3B-Instruct,aa8e72537993ba99e69dfaafa59ed015b17504d1,DGS-005,discovery,hard,mathematics,hard__accurate__neutral,factorial,accurate,neutral,measured,996906c8e66cc579353fc8048da337194f47ccf8e5bfdd02f1054416c6507764,19.125,,,m2_invalid_final_answer_all_ten_required,0.0,,0,false,0.004065584148528044,0.037503730329874155,5.51111616635313e-06,,0.04741379310344827,357,0.0,,0.0,0.0,true,true,B,10,9,,3
phase_1,phase1-qwen2.5-3b-2026-08-17,empirical,Qwen/Qwen2.5-3B-Instruct,aa8e72537993ba99e69dfaafa59ed015b17504d1,DGS-005,discovery,hard,mathematics,hard__accurate__neutral,factorial,accurate,neutral,onset,421434faa59915f129d796a7bc578e30493a26711eb7aee37ad7db774d9fa477,21.5,,,m2_invalid_final_answer_all_ten_required,0.0,,0,false,0.0016661273311663644,0.015697582265320323,7.837606753170073e-07,,0.04741379310344827,357,0.0,,0.0,0.0,true,true,B,10,8,,3
phase_1,phase1-qwen2.5-3b-2026-08-17,empirical,Qwen/Qwen2.5-3B-Instruct,aa8e72537993ba99e69dfaafa59ed015b17504d1,DGS-005,discovery,hard,mathematics,hard__accurate__neutral,factorial,accurate,neutral,onset_washout,ccc25dbac7277a8ddab3a49e0af5fc1b2213ce7924f10b8d0efa48d338adea48,21.75,,,m2_invalid_final_answer_all_ten_required,0.0,,0,false,0.000511097293105218,0.005054538659908044,9.547006864779715e-07,,0.04741379310344827,357,0.0,,0.0,0.0,true,true,B,10,9,,3
phase_1,phase1-qwen2.5-3b-2026-08-17,empirical,Qwen/Qwen2.5-3B-Instruct,aa8e72537993ba99e69dfaafa59ed015b17504d1,DGS-005,discovery,hard,mathematics,hard__malfunctioning_always_fail__hostile,factorial,malfunctioning_always_fail,hostile,measured,7cc77ac9d3892d7ce2e2ca996519513cdb78579027acd07cd56bd9713b861076,20.875,,0.0,,0.0,,0,false,0.07895896841179482,0.6879533186657222,0.00021777735114876932,,0.06989247311827956,305,-0.14565826330532214,,0.0,0.0,true,true,B,10,10,true,3
phase_1,phase1-qwen2.5-3b-2026-08-17,empirical,Qwen/Qwen2.5-3B-Instruct,aa8e72537993ba99e69dfaafa59ed015b17504d1,DGS-005,discovery,hard,mathematics,hard__malfunctioning_always_fail__hostile,factorial,malfunctioning_always_fail,hostile,recovery,961e00afa8365c43883db2d0f11c217ca62cb144b2e2ce4d86a5b004b4107e17,22.25,,0.0,,0.0,,0,false,0.005089597686332269,0.049980411342161864,1.9171925602214523e-05,,0.06989247311827956,305,-0.14565826330532214,,0.0,0.0,true,true,B,10,10,true,3
phase_1,phase1-qwen2.5-3b-2026-08-17,empirical,Qwen/Qwen2.5-3B-Instruct,aa8e72537993ba99e69dfaafa59ed015b17504d1,DGS-005,discovery,hard,mathematics,hard__malfunctioning_always_fail__neutral,factorial,malfunctioning_always_fail,neutral,measured,7a9ddcad763ec0d6e4e6a0bb10ba4c47eaf0674de9032a59684afa1fecada73e,20.0,,0.09999999999999998,,,m3_zero_visible_reasoning_tokens,0,false,0.5062400736859839,1.5187201606197374,0.004414226682957878,,0.0,3,-0.9915966386554622,,0.0,0.0,true,true,B,10,10,true,3
phase_1,phase1-qwen2.5-3b-2026-08-17,empirical,Qwen/Qwen2.5-3B-Instruct,aa8e72537993ba99e69dfaafa59ed015b17504d1,DGS-005,discovery,hard,mathematics,hard__malfunctioning_always_fail__neutral,factorial,malfunctioning_always_fail,neutral,recovery,0a818409f5d73fc78cb61565ae6fb57ee4fdd803f89093c03a9c7d6d5890a206,18.5,,,m2_invalid_final_answer_all_ten_required,0.0,,0,false,0.052610175303438,0.5215909848748496,0.0001973921211643934,,0.05970149253731343,319,-0.10644257703081232,,0.0,0.0,true,true,B,10,9,true,3
phase_1,phase1-qwen2.5-3b-2026-08-17,empirical,Qwen/Qwen2.5-3B-Instruct,aa8e72537993ba99e69dfaafa59ed015b17504d1,DGS-007,discovery,hard,mathematics,hard__accurate__hostile,factorial,accurate,hostile,measured,ac7693fa1c66364727da6acfae0ed79ffdf8950fe101842c77db16922185de3f,14.999999523162955,,,m2_invalid_final_answer_all_ten_required,,m3_zero_visible_reasoning_tokens,0,false,0.09048053492037667,0.2714332899100291,0.0002574166665227177,,0.0,3,0.0,,0.0,0.0,true,true,D,10,9,,3
phase_1,phase1-qwen2.5-3b-2026-08-17,empirical,Qwen/Qwen2.5-3B-Instruct,aa8e72537993ba99e69dfaafa59ed015b17504d1,DGS-007,discovery,hard,mathematics,hard__accurate__hostile,factorial,accurate,hostile,onset,f75ee46fa59164e72b36d0ac2ebe7e8949fbd3c1d136b967253f0fe0c3d1e513,,m1_invalid_final_answer,,m2_invalid_final_answer_all_ten_required,0.0,,0,false,0.022238135432194703,0.21589191584046946,1.4738587267899925e-05,,0.11678832116788321,512,169.66666666666666,,0.0,0.0,false,,,10,5,,3
phase_1,phase1-qwen2.5-3b-2026-08-17,empirical,Qwen/Qwen2.5-3B-Instruct,aa8e72537993ba99e69dfaafa59ed015b17504d1,DGS-007,discovery,hard,mathematics,hard__accurate__hostile,factorial,accurate,hostile,onset_washout,6269c17386c6595a59a4b2ce4fa8c789271c6190a9784d6d407d8ac47403047f,16.624999880790718,,0.19999999999999996,,,m3_zero_visible_reasoning_tokens,0,false,0.008419318848401462,0.025256584629352093,2.892618332787459e-06,,0.0,3,0.0,,0.0,0.0,true,true,D,10,10,,3
phase_1,phase1-qwen2.5-3b-2026-08-17,empirical,Qwen/Qwen2.5-3B-Instruct,aa8e72537993ba99e69dfaafa59ed015b17504d1,DGS-007,discovery,hard,mathematics,hard__accurate__neutral,factorial,accurate,neutral,measured,5d97233e61b9c0e5b92c5bbf7e2699767a58ba610c319b8203f47e4a65c5309b,19.0,,,m2_invalid_final_answer_all_ten_required,,m3_zero_visible_reasoning_tokens,0,false,0.07640173970966828,0.2292050799314049,0.00047103313499563537,,0.0,3,0.0,,0.0,0.0,true,true,D,10,8,,3
phase_1,phase1-qwen2.5-3b-2026-08-17,empirical,Qwen/Qwen2.5-3B-Instruct,aa8e72537993ba99e69dfaafa59ed015b17504d1,DGS-007,discovery,hard,mathematics,hard__accurate__neutral,factorial,accurate,neutral,onset,b319a61270f9856e3e6acffc80c823f5fe4beea629f919343e5b6599d3faa6c3,21.25,,,m2_invalid_final_answer_all_ten_required,0.0,,0,false,0.028537707106860842,0.2749241308326217,1.6002994204279372e-05,,0.08450704225352113,376,124.33333333333333,,0.0,0.0,true,true,D,10,8,,3
phase_1,phase1-qwen2.5-3b-2026-08-17,empirical,Qwen/Qwen2.5-3B-Instruct,aa8e72537993ba99e69dfaafa59ed015b17504d1,DGS-007,discovery,hard,mathematics,hard__accurate__neutral,factorial,accurate,neutral,onset_washout,ae1b076cc8d0e74f708882c84507223bf4cd12b4f19b2fb40465965adf83bdc3,20.124999403953723,,,m2_invalid_final_answer_all_ten_required,0.0,,0,false,0.044674359926787616,0.4382725358778449,0.00010372777591487677,,0.08490566037735849,375,124.0,,0.0,0.0,true,true,D,10,7,,3
phase_1,phase1-qwen2.5-3b-2026-08-17,empirical,Qwen/Qwen2.5-3B-Instruct,aa8e72537993ba99e69dfaafa59ed015b17504d1,DGS-007,discovery,hard,mathematics,hard__malfunctioning_always_fail__hostile,factorial,malfunctioning_always_fail,hostile,measured,c9b9f7b0520d83b7c392df84e0d8265dc8913ccd06cb0e17c86529043fbb3413,,m1_invalid_final_answer,0.30000000000000004,,0.0,,0,false,0.061368292549024435,0.5660791327171643,0.0006746791255349226,,0.17405063291139242,512,169.66666666666666,,0.0,0.0,false,,,10,10,false,3
phase_1,phase1-qwen2.5-3b-2026-08-17,empirical,Qwen/Qwen2.5-3B-Instruct,aa8e72537993ba99e69dfaafa59ed015b17504d1,DGS-007,discovery,hard,mathematics,hard__malfunctioning_always_fail__hostile,factorial,malfunctioning_always_fail,hostile,recovery,3b0c4a58e16fe6ff4ced48cb9f4d984c7cb6ff4b8d09bcdb35ba05418c21b389,,m1_invalid_final_answer,,m2_invalid_final_answer_all_ten_required,0.0,,0,false,0.04835870401351374,0.45917276382176675,0.000823925452502289,,0.17295597484276728,512,169.66666666666666,,0.0,0.0,false,,,10,7,false,3
phase_1,phase1-qwen2.5-3b-2026-08-17,empirical,Qwen/Qwen2.5-3B-Instruct,aa8e72537993ba99e69dfaafa59ed015b17504d1,DGS-007,discovery,hard,mathematics,hard__malfunctioning_always_fail__neutral,factorial,malfunctioning_always_fail,neutral,measured,9249e8a2abc96f3af5fcd236565c98532b5573db3ec6fdff8d311a130ce1f2fb,18.125,,,m2_invalid_final_answer_all_ten_required,0.0,,0,false,0.22480110030519762,1.37363466044828,0.001698384738031522,,0.02197802197802198,152,49.666666666666664,,0.0,0.0,true,true,D,10,9,true,3
phase_1,phase1-qwen2.5-3b-2026-08-17,empirical,Qwen/Qwen2.5-3B-Instruct,aa8e72537993ba99e69dfaafa59ed015b17504d1,DGS-007,discovery,hard,mathematics,hard__malfunctioning_always_fail__neutral,factorial,malfunctioning_always_fail,neutral,recovery,0d4f016988c2df24958d183aab9e97d71a8b880631b71b1a18313419512a87fb,19.75,,,m2_invalid_final_answer_all_ten_required,0.0,,0,false,0.02170972665287904,0.19816297133707836,8.204959506548444e-05,,0.02197802197802198,152,49.666666666666664,,0.0,0.0,true,true,D,10,8,true,3
phase_1,phase1-qwen2.5-3b-2026-08-17,empirical,Qwen/Qwen2.5-3B-Instruct,aa8e72537993ba99e69dfaafa59ed015b17504d1,DGS-010,discovery,easy,logic,easy__accurate__hostile,factorial,accurate,hostile,measured,54a4da81fc6555fdba50d44d4d059111b57f9a6bc3b91afadc1d4f34a44d062c,18.125,,,m2_invalid_final_answer_all_ten_required,0.0,,0,false,0.2612397724644181,1.370751932559298,0.0015594103775815017,,0.021505376344086023,136,-0.6530612244897959,,0.0,0.0,true,true,B,10,9,,3
phase_1,phase1-qwen2.5-3b-2026-08-17,empirical,Qwen/Qwen2.5-3B-Instruct,aa8e72537993ba99e69dfaafa59ed015b17504d1,DGS-010,discovery,easy,logic,easy__accurate__hostile,factorial,accurate,hostile,onset,a35b0782d4b397e5f4f4ee6e5ba21b418de4ea359e8a413c59401c8d2663ff91,18.124999880790718,,,m2_invalid_final_answer_all_ten_required,0.0,,0,false,0.04973055943178184,0.43583028349920283,6.388303050375299e-05,,0.12903225806451613,499,0.2729591836734694,,0.0,0.0,true,true,B,10,8,,3
phase_1,phase1-qwen2.5-3b-2026-08-17,empirical,Qwen/Qwen2.5-3B-Instruct,aa8e72537993ba99e69dfaafa59ed015b17504d1,DGS-010,discovery,easy,logic,easy__accurate__hostile,factorial,accurate,hostile,onset_washout,0d451d348c721c5e8496cb22226f181f8cf66d2e16a1a6c3d21d7348a3338157,19.875,,0.4,,0.0,,0,false,0.436079890415017,1.4787836402985344,0.000619580659308174,,0.0,29,-0.9260204081632653,,0.0,0.0,true,true,B,10,10,,3
phase_1,phase1-qwen2.5-3b-2026-08-17,empirical,Qwen/Qwen2.5-3B-Instruct,aa8e72537993ba99e69dfaafa59ed015b17504d1,DGS-010,discovery,easy,logic,easy__accurate__neutral,factorial,accurate,neutral,measured,e97e9bdba0aa0199795672495a5224b015ef3a0cf1d8f7e1a6ed0370b128276f,-20.5,,,m2_invalid_final_answer_all_ten_required,0.0,,0,false,0.037552177910171534,0.349982322596823,0.00022197086661611436,,0.2600732600732601,392,0.0,,0.0,0.0,true,false,C,10,8,,3
phase_1,phase1-qwen2.5-3b-2026-08-17,empirical,Qwen/Qwen2.5-3B-Instruct,aa8e72537993ba99e69dfaafa59ed015b17504d1,DGS-010,discovery,easy,logic,easy__accurate__neutral,factorial,accurate,neutral,onset,0666901b3d208e9ba77c29116f21a0b5fdeaac69e9fec8b8504d1c54f9e2391d,-9.625000123218342,,,m2_invalid_final_answer_all_ten_required,0.0,,0,false,0.010696842371176438,0.08773893585114916,2.659603273722596e-05,,0.2600732600732601,392,0.0,,0.0,0.0,true,false,C,10,8,,3
phase_1,phase1-qwen2.5-3b-2026-08-17,empirical,Qwen/Qwen2.5-3B-Instruct,aa8e72537993ba99e69dfaafa59ed015b17504d1,DGS-010,discovery,easy,logic,easy__accurate__neutral,factorial,accurate,neutral,onset_washout,d98832e1f824587c0b5e8ed7ac0609275f37284501ffb8b6744e92662dff764a,-8.99999996490078,,,m2_invalid_final_answer_all_ten_required,0.0,,0,false,0.01088335057111116,0.10358539502216335,3.4123155874962445e-05,,0.2600732600732601,392,0.0,,0.0,0.0,true,false,C,10,8,,3
phase_1,phase1-qwen2.5-3b-2026-08-17,empirical,Qwen/Qwen2.5-3B-Instruct,aa8e72537993ba99e69dfaafa59ed015b17504d1,DGS-010,discovery,easy,logic,easy__malfunctioning_always_fail__hostile,factorial,malfunctioning_always_fail,hostile,measured,746d1d2d73217e3ea684da1d500f05420f4f8638c1806ff7368259658a6fb2d1,-6.250000039348379,,0.4,,0.0,,0,false,0.10956524182031993,0.7758539286343255,0.00041557106238893516,,0.13368983957219252,256,-0.3469387755102041,,0.0,0.0,true,false,D,10,10,true,3
phase_1,phase1-qwen2.5-3b-2026-08-17,empirical,Qwen/Qwen2.5-3B-Instruct,aa8e72537993ba99e69dfaafa59ed015b17504d1,DGS-010,discovery,easy,logic,easy__malfunctioning_always_fail__hostile,factorial,malfunctioning_always_fail,hostile,recovery,243e482958d2f7c0251e94dae5af536442064cf89859066529dc8e38899fbede,-9.250000009691576,,0.6,,0.0,,0,false,0.08643828425521835,0.7901044141760577,0.0010817625772930228,,0.13020833333333334,261,-0.33418367346938777,,0.0,0.0,true,false,D,10,10,true,3
phase_1,phase1-qwen2.5-3b-2026-08-17,empirical,Qwen/Qwen2.5-3B-Instruct,aa8e72537993ba99e69dfaafa59ed015b17504d1,DGS-010,discovery,easy,logic,easy__malfunctioning_always_fail__neutral,factorial,malfunctioning_always_fail,neutral,measured,cfcbef707ea58ad8c8cb0190dd56a6e15f4970aaf612ae251edf18cef1b6eb8f,-13.125000357631052,,0.5,,0.0,,0,false,0.05940199310543007,0.5327411554598441,0.000269294743523515,,0.18681318681318682,380,-0.030612244897959183,,0.0,0.0,true,false,C,10,10,true,3
phase_1,phase1-qwen2.5-3b-2026-08-17,empirical,Qwen/Qwen2.5-3B-Instruct,aa8e72537993ba99e69dfaafa59ed015b17504d1,DGS-010,discovery,easy,logic,easy__malfunctioning_always_fail__neutral,factorial,malfunctioning_always_fail,neutral,recovery,49a6def05ade7f538ea214c0c6204dc9a52bf5f6da8764157b1775ead2760802,-10.374999881452823,,,m2_invalid_final_answer_all_ten_required,0.0,,0,false,0.01727219689097054,0.16852862638067356,4.1338085432647335e-05,,0.18681318681318682,380,-0.030612244897959183,,0.0,0.0,true,false,C,10,8,true,3
phase_1,phase1-qwen2.5-3b-2026-08-17,empirical,Qwen/Qwen2.5-3B-Instruct,aa8e72537993ba99e69dfaafa59ed015b17504d1,DGS-012,discovery,easy,logic,easy__accurate__hostile,factorial,accurate,hostile,measured,01a6e3cd03eec9a3b792e461f805c9f93c0874b4b21dd2b3721148ab01882de1,20.625,,,m2_invalid_final_answer_all_ten_required,,m3_zero_visible_reasoning_tokens,0,false,0.12822447794010003,0.38467336650901796,0.0006071637908870627,,0.0,3,0.0,,0.0,0.0,true,true,C,10,9,,3
phase_1,phase1-qwen2.5-3b-2026-08-17,empirical,Qwen/Qwen2.5-3B-Instruct,aa8e72537993ba99e69dfaafa59ed015b17504d1,DGS-012,discovery,easy,logic,easy__accurate__hostile,factorial,accurate,hostile,onset,51a8e9b647a16d3196296d949f619a723876c5bd77185c6ba0a9131c5a3a9826,17.874999880790718,,,m2_invalid_final_answer_all_ten_required,0.0,,0,false,0.090543742892029,0.8025093619822,0.00013205151535761517,,0.050724637681159424,200,65.66666666666667,,0.0,0.0,true,true,C,10,9,,3
phase_1,phase1-qwen2.5-3b-2026-08-17,empirical,Qwen/Qwen2.5-3B-Instruct,aa8e72537993ba99e69dfaafa59ed015b17504d1,DGS-012,discovery,easy,logic,easy__accurate__hostile,factorial,accurate,hostile,onset_washout,ead940a694f462802372a15b25c641e9d17107b5673de58f75d8bcb40f899781,20.875,,,m2_invalid_final_answer_all_ten_required,0.0,,0,false,0.04629228639456354,0.4545010106948215,0.00023458369076528375,,0.050724637681159424,200,65.66666666666667,,0.0,0.0,true,true,C,10,9,,3
phase_1,phase1-qwen2.5-3b-2026-08-17,empirical,Qwen/Qwen2.5-3B-Instruct,aa8e72537993ba99e69dfaafa59ed015b17504d1,DGS-012,discovery,easy,logic,easy__accurate__neutral,factorial,accurate,neutral,measured,2c4ea943d158dcb6a674c430756e75dbbfbdfba519a38f7e6a0a5c90e5ff60fc,22.125,,0.0,,,m3_zero_visible_reasoning_tokens,0,false,0.25866855886795653,0.776005666093763,0.001701443303369447,,0.0,3,0.0,,0.0,0.0,true,true,C,10,10,,3
phase_1,phase1-qwen2.5-3b-2026-08-17,empirical,Qwen/Qwen2.5-3B-Instruct,aa8e72537993ba99e69dfaafa59ed015b17504d1,DGS-012,discovery,easy,logic,easy__accurate__neutral,factorial,accurate,neutral,onset,6634e33f315dc7b6cafa4ae6fb298e4c93483b718088378044e5613be7f0f03c,21.374999880790718,,,m2_invalid_final_answer_all_ten_required,,m3_zero_visible_reasoning_tokens,0,false,0.3282803935847746,0.9848385119235723,2.052992839803499e-06,,0.0,3,0.0,,0.0,0.0,true,true,C,10,9,,3
phase_1,phase1-qwen2.5-3b-2026-08-17,empirical,Qwen/Qwen2.5-3B-Instruct,aa8e72537993ba99e69dfaafa59ed015b17504d1,DGS-012,discovery,easy,logic,easy__accurate__neutral,factorial,accurate,neutral,onset_washout,3311f02b664a05fd38b7ac03cca6268d0136559cac2b18037af46bfae3c7757c,24.875,,0.09999999999999998,,,m3_zero_visible_reasoning_tokens,0,false,0.291017101079092,0.8730512990582089,8.784564497488212e-06,,0.0,3,0.0,,0.0,0.0,true,true,C,10,10,,3
phase_1,phase1-qwen2.5-3b-2026-08-17,empirical,Qwen/Qwen2.5-3B-Instruct,aa8e72537993ba99e69dfaafa59ed015b17504d1,DGS-012,discovery,easy,logic,easy__malfunctioning_always_fail__hostile,factorial,malfunctioning_always_fail,hostile,measured,931e5b6a827ba6eee2d51d32439ddf8ad972d898257ec4bec13916b0a525cb27,14.999999642372188,,0.19999999999999996,,,m3_zero_visible_reasoning_tokens,0,false,0.1820543667389295,0.5461572302432598,0.00026587840708417837,,0.0,3,0.0,,0.0,0.0,true,true,C,10,10,true,3
phase_1,phase1-qwen2.5-3b-2026-08-17,empirical,Qwen/Qwen2.5-3B-Instruct,aa8e72537993ba99e69dfaafa59ed015b17504d1,DGS-012,discovery,easy,logic,easy__malfunctioning_always_fail__hostile,factorial,malfunctioning_always_fail,hostile,recovery,4fa507e4e88238e30426886f5889ec435908252147369d341bf764f6a21b1960,12.124999761686922,,0.09999999999999998,,,m3_zero_visible_reasoning_tokens,0,false,0.14546348469949996,0.4361934112302829,2.1754566402668967e-05,,0.0,3,0.0,,0.0,0.0,true,true,C,10,10,true,3
phase_1,phase1-qwen2.5-3b-2026-08-17,empirical,Qwen/Qwen2.5-3B-Instruct,aa8e72537993ba99e69dfaafa59ed015b17504d1,DGS-012,discovery,easy,logic,easy__malfunctioning_always_fail__neutral,factorial,malfunctioning_always_fail,neutral,measured,ea0466da0e23b72639167ffe89a780a168172eab56fc1d6ffbdd620b2b650c20,20.125,,0.0,,,m3_zero_visible_reasoning_tokens,0,false,0.06868707604789485,0.20606117422125686,0.0001295808798755793,,0.0,3,0.0,,0.0,0.0,true,true,C,10,10,true,3
phase_1,phase1-qwen2.5-3b-2026-08-17,empirical,Qwen/Qwen2.5-3B-Instruct,aa8e72537993ba99e69dfaafa59ed015b17504d1,DGS-012,discovery,easy,logic,easy__malfunctioning_always_fail__neutral,factorial,malfunctioning_always_fail,neutral,recovery,a4f8c58ae55c033d2dd686db909d5244f1bd946956c9a7550c69e1997454bb29,15.874999523168299,,0.0,,,m3_zero_visible_reasoning_tokens,0,false,0.2942660903441159,0.8827486653239465,0.00012957198718318205,,0.0,3,0.0,,0.0,0.0,true,true,C,10,10,true,3
phase_1,phase1-qwen2.5-3b-2026-08-17,empirical,Qwen/Qwen2.5-3B-Instruct,aa8e72537993ba99e69dfaafa59ed015b17504d1,DGS-014,discovery,hard,logic,hard__accurate__hostile,factorial,accurate,hostile,measured,cd89cb2c283d3764a52af61737d4c6706631e2d91ebd3c1beea44ef31fd8fe53,,m1_invalid_final_answer,,m2_invalid_final_answer_all_ten_required,0.0,,0,false,0.3049634114176602,1.5917631860141417,0.0015009867016648843,,0.3706896551724138,164,-0.6796875,,0.0,0.0,false,,,10,0,,3
phase_1,phase1-qwen2.5-3b-2026-08-17,empirical,Qwen/Qwen2.5-3B-Instruct,aa8e72537993ba99e69dfaafa59ed015b17504d1,DGS-014,discovery,hard,logic,hard__accurate__hostile,factorial,accurate,hostile,onset,e133f7d82149c008ee151b0946a3bc67b81b24db55a3be102e753ecf481e1e13,,m1_invalid_final_answer,,m2_invalid_final_answer_all_ten_required,0.0,,0,false,0.06259339728961888,0.5864126158414931,0.00013621051140196884,,0.44607843137254904,512,0.0,,0.0,0.0,false,,,10,0,,3
phase_1,phase1-qwen2.5-3b-2026-08-17,empirical,Qwen/Qwen2.5-3B-Instruct,aa8e72537993ba99e69dfaafa59ed015b17504d1,DGS-014,discovery,hard,logic,hard__accurate__hostile,factorial,accurate,hostile,onset_washout,a52be1470040c3a304c543453305bd3278cd420743bf49448a2a91224b730102,,m1_invalid_final_answer,,m2_invalid_final_answer_all_ten_required,0.0,,0,false,0.504505751700212,1.7624374272519345,0.0020550503496839247,,0.0,76,-0.8515625,,0.0,0.0,false,,,10,0,,3
phase_1,phase1-qwen2.5-3b-2026-08-17,empirical,Qwen/Qwen2.5-3B-Instruct,aa8e72537993ba99e69dfaafa59ed015b17504d1,DGS-014,discovery,hard,logic,hard__accurate__neutral,factorial,accurate,neutral,measured,03fd32909eb833abd38aca528ae796b8a3522f9498ce05b5b77b2f17a87aca6f,,m1_invalid_final_answer,,m2_invalid_final_answer_all_ten_required,0.0,,0,false,0.04765988357661982,0.45172398258121904,0.0005104533326860828,,0.4839506172839506,512,0.0,,0.0,0.0,false,,,10,0,,3
phase_1,phase1-qwen2.5-3b-2026-08-17,empirical,Qwen/Qwen2.5-3B-Instruct,aa8e72537993ba99e69dfaafa59ed015b17504d1,DGS-014,discovery,hard,logic,hard__accurate__neutral,factorial,accurate,neutral,onset,deba6d1e06b153d5fffba11611a6d4eae8d9e9d11b4dd1843a114775518d115b,,m1_invalid_final_answer,,m2_invalid_final_answer_all_ten_required,0.0,,0,false,0.6698041565218658,1.081910155884105,0.0005575122392645904,,0.0,3,-0.994140625,,0.0,0.0,false,,,10,0,,3
phase_1,phase1-qwen2.5-3b-2026-08-17,empirical,Qwen/Qwen2.5-3B-Instruct,aa8e72537993ba99e69dfaafa59ed015b17504d1,DGS-014,discovery,hard,logic,hard__accurate__neutral,factorial,accurate,neutral,onset_washout,323ceb8ef1b8bd575cdfceec2cd8e54944785017ad320078884324073e1b8285,,m1_invalid_final_answer,,m2_invalid_final_answer_all_ten_required,0.0,,0,false,0.41562090303347343,0.9087384317420133,8.269973270114139e-05,,0.0,3,-0.994140625,,0.0,0.0,false,,,10,0,,3
phase_1,phase1-qwen2.5-3b-2026-08-17,empirical,Qwen/Qwen2.5-3B-Instruct,aa8e72537993ba99e69dfaafa59ed015b17504d1,DGS-014,discovery,hard,logic,hard__malfunctioning_always_fail__hostile,factorial,malfunctioning_always_fail,hostile,measured,35e838ab90f03fd91ea3440fdb7c810d5030dd2080ee53ddb00ef5311b112dd7,,m1_invalid_final_answer,,m2_invalid_final_answer_all_ten_required,0.0,,0,false,0.17591874105699348,1.4005013192948885,0.0018063184355035834,,0.4884910485933504,512,0.0,,0.0,0.0,false,,,10,0,false,3
phase_1,phase1-qwen2.5-3b-2026-08-17,empirical,Qwen/Qwen2.5-3B-Instruct,aa8e72537993ba99e69dfaafa59ed015b17504d1,DGS-014,discovery,hard,logic,hard__malfunctioning_always_fail__hostile,factorial,malfunctioning_always_fail,hostile,recovery,2541ba6217fc44d1dbc5bc4dbdd4a6eaa6633f2462f2d7b242ff5f80128b176e,,m1_invalid_final_answer,,m2_invalid_final_answer_all_ten_required,0.0,,0,false,0.7036112390960441,2.138451722926031,0.007078742062383948,,0.0,82,-0.83984375,,0.0,0.0,false,,,10,0,false,3
phase_1,phase1-qwen2.5-3b-2026-08-17,empirical,Qwen/Qwen2.5-3B-Instruct,aa8e72537993ba99e69dfaafa59ed015b17504d1,DGS-014,discovery,hard,logic,hard__malfunctioning_always_fail__neutral,factorial,malfunctioning_always_fail,neutral,measured,3c0ca7f0700074642f47f31f178ca1fe16ef06c83067af560226dee78f5968a6,,m1_invalid_final_answer,,m2_invalid_final_answer_all_ten_required,0.0,,0,false,0.19904006713929773,1.3245352602329628,0.0010465164696703423,,0.41754385964912283,412,-0.1953125,,0.0,0.0,false,,,10,2,false,3
phase_1,phase1-qwen2.5-3b-2026-08-17,empirical,Qwen/Qwen2.5-3B-Instruct,aa8e72537993ba99e69dfaafa59ed015b17504d1,DGS-014,discovery,hard,logic,hard__malfunctioning_always_fail__neutral,factorial,malfunctioning_always_fail,neutral,recovery,ad4e6b01ce70713ff1aa5e80f0e8b9a9095827f301bdc0bb9d58e2fd58f85e49,,m1_invalid_final_answer,,m2_invalid_final_answer_all_ten_required,0.0,,0,false,0.16682024839410475,1.3660489846892923,0.0023569158812003473,,0.3782894736842105,438,-0.14453125,,0.0,0.0,false,,,10,0,false,3
phase_1,phase1-qwen2.5-3b-2026-08-17,empirical,Qwen/Qwen2.5-3B-Instruct,aa8e72537993ba99e69dfaafa59ed015b17504d1,DGS-015,discovery,hard,logic,hard__accurate__hostile,factorial,accurate,hostile,measured,a3164e773c312d2969bdb64f9d44e542bfc0dad911c9fef5eecefa506ee30a8f,-19.875,,0.6,,0.0,,0,false,0.0736898650804913,0.66121261955672,0.00019681406985631733,,0.3689839572192513,281,-0.19943019943019943,,0.0,0.0,true,false,B,10,10,,3
phase_1,phase1-qwen2.5-3b-2026-08-17,empirical,Qwen/Qwen2.5-3B-Instruct,aa8e72537993ba99e69dfaafa59ed015b17504d1,DGS-015,discovery,hard,logic,hard__accurate__hostile,factorial,accurate,hostile,onset,06e2036faed0b5231d0a0636462fe43a4e6fdb578ba48710242846b8f108d96c,-20.124999880790718,,,m2_invalid_final_answer_all_ten_required,0.0,,0,false,0.025447810718503768,0.2319138652770116,1.9947501869726692e-05,,0.3670212765957447,282,-0.19658119658119658,,0.0,0.0,true,false,B,10,9,,3
phase_1,phase1-qwen2.5-3b-2026-08-17,empirical,Qwen/Qwen2.5-3B-Instruct,aa8e72537993ba99e69dfaafa59ed015b17504d1,DGS-015,discovery,hard,logic,hard__accurate__hostile,factorial,accurate,hostile,onset_washout,2d0a1422f1c781330c1b22a0ab6682706f9276f965ecab18bf2fc9321c6f10ae,-18.249999880790718,,0.5,,0.0,,0,false,0.06078906112572765,0.5970780415628419,0.00043095547032191467,,0.35384615384615387,290,-0.1737891737891738,,0.0,0.0,true,false,B,10,10,,3
phase_1,phase1-qwen2.5-3b-2026-08-17,empirical,Qwen/Qwen2.5-3B-Instruct,aa8e72537993ba99e69dfaafa59ed015b17504d1,DGS-015,discovery,hard,logic,hard__accurate__neutral,factorial,accurate,neutral,measured,0cf9bfb78815e713516173216445545448fdbd7eb53db35da477a3e07a2162c3,-15.875000000016371,,0.4,,0.0,,0,false,0.04155593789072428,0.37916726692854474,0.0001798152047259585,,0.4037735849056604,351,0.0,,0.0,0.0,true,false,D,10,10,,3
phase_1,phase1-qwen2.5-3b-2026-08-17,empirical,Qwen/Qwen2.5-3B-Instruct,aa8e72537993ba99e69dfaafa59ed015b17504d1,DGS-015,discovery,hard,logic,hard__accurate__neutral,factorial,accurate,neutral,onset,3b1df98c17ab12a778883ee44da7638c0ddd349a7ff738e0228d81e0cc2ff3e7,-18.374999880790718,,,m2_invalid_final_answer_all_ten_required,0.0,,0,false,0.022637036522126643,0.2126693905276516,3.5455024570056817e-05,,0.4037735849056604,351,0.0,,0.0,0.0,true,false,D,10,9,,3
phase_1,phase1-qwen2.5-3b-2026-08-17,empirical,Qwen/Qwen2.5-3B-Instruct,aa8e72537993ba99e69dfaafa59ed015b17504d1,DGS-015,discovery,hard,logic,hard__accurate__neutral,factorial,accurate,neutral,onset_washout,61aa2bcab3d16d10ce413cab9000384bb7e91a23a3ef81f5f5b53be9289ffae5,-14.500000000001819,,,m2_invalid_final_answer_all_ten_required,0.0,,0,false,0.04852160478870752,0.4674903970734965,0.0003108722781696589,,0.39194139194139194,360,0.02564102564102564,,0.0,0.0,true,false,D,10,8,,3
phase_1,phase1-qwen2.5-3b-2026-08-17,empirical,Qwen/Qwen2.5-3B-Instruct,aa8e72537993ba99e69dfaafa59ed015b17504d1,DGS-015,discovery,hard,logic,hard__malfunctioning_always_fail__hostile,factorial,malfunctioning_always_fail,hostile,measured,2a4a8c80bb109148f21ae31cfbad2af0179264e6bfecf439a95870a66610d7ca,-19.875,,0.4,,0.0,,0,false,0.07239541399782046,0.6497044307036647,0.0001958596666654983,,0.3689839572192513,281,-0.19943019943019943,,0.0,0.0,true,false,B,10,10,false,3
phase_1,phase1-qwen2.5-3b-2026-08-17,empirical,Qwen/Qwen2.5-3B-Instruct,aa8e72537993ba99e69dfaafa59ed015b17504d1,DGS-015,discovery,hard,logic,hard__malfunctioning_always_fail__hostile,factorial,malfunctioning_always_fail,hostile,recovery,49344d8818f02f1293ef12f54c722c39eb6070f0aae60f887059de82199d1f2b,-20.0,,,m2_invalid_final_answer_all_ten_required,0.0,,0,false,0.1615306484708791,1.3180023025560115,0.0010407122337911618,,0.3557692307692308,307,-0.12535612535612536,,0.0,0.0,true,false,B,10,9,false,3
phase_1,phase1-qwen2.5-3b-2026-08-17,empirical,Qwen/Qwen2.5-3B-Instruct,aa8e72537993ba99e69dfaafa59ed015b17504d1,DGS-015,discovery,hard,logic,hard__malfunctioning_always_fail__neutral,factorial,malfunctioning_always_fail,neutral,measured,e1ecc5be1fdafe5dad762b98b56f5f748e083eeddb627148b3735019ff1bcb69,-14.87499976162053,,0.4,,0.0,,0,false,0.10688235607747357,0.9066240718256409,0.0002196811020187004,,0.432,330,-0.05982905982905983,,0.0,0.0,true,false,D,10,10,false,3
phase_1,phase1-qwen2.5-3b-2026-08-17,empirical,Qwen/Qwen2.5-3B-Instruct,aa8e72537993ba99e69dfaafa59ed015b17504d1,DGS-015,discovery,hard,logic,hard__malfunctioning_always_fail__neutral,factorial,malfunctioning_always_fail,neutral,recovery,9f8654688c429d9f7f39d05e6ed5514c539f6963015a4a96eb07b6c084408bc3,-13.99999988082891,,0.4,,0.0,,0,false,0.07547904052801778,0.6872673137745451,0.0007521466849775298,,0.42857142857142855,335,-0.045584045584045586,,0.0,0.0,true,false,D,10,10,false,3
phase_1,phase1-qwen2.5-3b-2026-08-17,empirical,Qwen/Qwen2.5-3B-Instruct,aa8e72537993ba99e69dfaafa59ed015b17504d1,DGS-018,discovery,easy,science,easy__accurate__hostile,factorial,accurate,hostile,measured,b38ea77d410cc12a6e72690cb0b9313f5173b57b1d147dc9c677667f87a5b0c9,21.625,,0.0,,,m3_zero_visible_reasoning_tokens,0,false,0.41725692317801233,1.251769935799717,0.0015994973064120677,,0.0,3,0.0,,0.0,0.0,true,true,B,10,10,,3
phase_1,phase1-qwen2.5-3b-2026-08-17,empirical,Qwen/Qwen2.5-3B-Instruct,aa8e72537993ba99e69dfaafa59ed015b17504d1,DGS-018,discovery,easy,science,easy__accurate__hostile,factorial,accurate,hostile,onset,26b36cbefd074041b977ab7f4ae67f20a0328b09a1e24d5d5cefdc2f4f8724f6,18.749999403953723,,0.0,,0.0,,0,false,0.11844929433029439,0.9655770048910352,0.00011905140047524011,,0.04294478527607362,185,60.666666666666664,,0.0,0.0,true,true,B,10,10,,3
phase_1,phase1-qwen2.5-3b-2026-08-17,empirical,Qwen/Qwen2.5-3B-Instruct,aa8e72537993ba99e69dfaafa59ed015b17504d1,DGS-018,discovery,easy,science,easy__accurate__hostile,factorial,accurate,hostile,onset_washout,65d9b66bf8c65886a00dbd95934270cd4f9287ce2d8555a3610e5bc2c0ac03d7,20.875,,,m2_invalid_final_answer_all_ten_required,0.0,,0,false,0.08756072334367326,0.8340292289084739,0.00022936474367418175,,0.045454545454545456,175,57.333333333333336,,0.0,0.0,true,true,B,10,9,,3
phase_1,phase1-qwen2.5-3b-2026-08-17,empirical,Qwen/Qwen2.5-3B-Instruct,aa8e72537993ba99e69dfaafa59ed015b17504d1,DGS-018,discovery,easy,science,easy__accurate__neutral,factorial,accurate,neutral,measured,cb5da6b262cd3d6afc060c60162d4162fd356647d7c577c2b25cea7dc335f8bb,21.875,,0.0,,,m3_zero_visible_reasoning_tokens,0,false,0.04737916131444956,0.14213739087875762,0.00013554975685322232,,0.0,3,0.0,,0.0,0.0,true,true,B,10,10,,3
phase_1,phase1-qwen2.5-3b-2026-08-17,empirical,Qwen/Qwen2.5-3B-Instruct,aa8e72537993ba99e69dfaafa59ed015b17504d1,DGS-018,discovery,easy,science,easy__accurate__neutral,factorial,accurate,neutral,onset,cd6f8e64c29a509b14fba6f03f84f91852e2b78169cfa8e50746e2763d80452e,21.875,,0.0,,,m3_zero_visible_reasoning_tokens,0,false,0.21368482956798615,0.6410535252376435,6.169149124879425e-07,,0.0,3,0.0,,0.0,0.0,true,true,B,10,10,,3
phase_1,phase1-qwen2.5-3b-2026-08-17,empirical,Qwen/Qwen2.5-3B-Instruct,aa8e72537993ba99e69dfaafa59ed015b17504d1,DGS-018,discovery,easy,science,easy__accurate__neutral,factorial,accurate,neutral,onset_washout,ac9ecdc3d15a851fc16631bc8805708b77350c39dc1dbf668ed2f9c91545d937,23.875,,0.0,,,m3_zero_visible_reasoning_tokens,0,false,0.0471364242491444,0.14140925579258368,2.7612851232946176e-06,,0.0,3,0.0,,0.0,0.0,true,true,B,10,10,,3
phase_1,phase1-qwen2.5-3b-2026-08-17,empirical,Qwen/Qwen2.5-3B-Instruct,aa8e72537993ba99e69dfaafa59ed015b17504d1,DGS-018,discovery,easy,science,easy__malfunctioning_always_fail__hostile,factorial,malfunctioning_always_fail,hostile,measured,d3fa0dce7abcc0da84c03a4f7845d043f1cab62363366e87ca2a02f069ffb7f3,14.62500035762804,,0.0,,,m3_zero_visible_reasoning_tokens,0,false,0.5263535846557872,1.5790506246353655,0.0033894736567001336,,0.0,3,0.0,,0.0,0.0,true,true,B,10,10,true,3
phase_1,phase1-qwen2.5-3b-2026-08-17,empirical,Qwen/Qwen2.5-3B-Instruct,aa8e72537993ba99e69dfaafa59ed015b17504d1,DGS-018,discovery,easy,science,easy__malfunctioning_always_fail__hostile,factorial,malfunctioning_always_fail,hostile,recovery,aec72d40f9de77040bd4e512b2c0749eaac7bf3f2677be7dccf0c05d73ce8c30,15.62500011920963,,0.0,,0.0,,0,false,0.1014747523531058,0.8977307013181436,0.0007369255040720656,,0.0189873417721519,206,67.66666666666667,,0.0,0.0,true,true,B,10,10,true,3
phase_1,phase1-qwen2.5-3b-2026-08-17,empirical,Qwen/Qwen2.5-3B-Instruct,aa8e72537993ba99e69dfaafa59ed015b17504d1,DGS-018,discovery,easy,science,easy__malfunctioning_always_fail__neutral,factorial,malfunctioning_always_fail,neutral,measured,37fb5cef2d4be590469f7bd41c9d02f7c8ccf9e38e906ad6babdb46c5c46fe16,21.75,,,m2_invalid_final_answer_all_ten_required,0.0,,0,false,0.8080036860557247,1.3984714567033547,0.002352146444190271,,0.0,7,1.3333333333333333,,0.0,0.0,true,true,B,10,9,true,3
phase_1,phase1-qwen2.5-3b-2026-08-17,empirical,Qwen/Qwen2.5-3B-Instruct,aa8e72537993ba99e69dfaafa59ed015b17504d1,DGS-018,discovery,easy,science,easy__malfunctioning_always_fail__neutral,factorial,malfunctioning_always_fail,neutral,recovery,dc0d84922019380dbe3f50331edb7501ca615abe28d4ccd553b1dc0a9d6e70e8,14.000000238462235,,,m2_invalid_final_answer_all_ten_required,0.0,,0,false,0.19211211123594926,1.3152813555769898,0.0007522705652901385,,0.07777777777777778,224,73.66666666666667,,0.0,0.0,true,true,B,10,8,true,3
phase_1,phase1-qwen2.5-3b-2026-08-17,empirical,Qwen/Qwen2.5-3B-Instruct,aa8e72537993ba99e69dfaafa59ed015b17504d1,DGS-020,discovery,easy,science,easy__accurate__hostile,factorial,accurate,hostile,measured,b12d308f5728037f2f759ed6c6b64c02312be49629cbffa372a67f2994c9df72,21.875,,,m2_invalid_final_answer_all_ten_required,,m3_zero_visible_reasoning_tokens,0,false,0.054056385263300276,0.16216913284706821,9.739040420009282e-05,,0.0,3,0.0,,0.0,0.0,true,true,A,10,9,,3
phase_1,phase1-qwen2.5-3b-2026-08-17,empirical,Qwen/Qwen2.5-3B-Instruct,aa8e72537993ba99e69dfaafa59ed015b17504d1,DGS-020,discovery,easy,science,easy__accurate__hostile,factorial,accurate,hostile,onset,3ed130d5b804a06413121da67c613cfd7f23ae8b94cb5d745fc6a3bebfcb6e0e,17.250000596047357,,0.0,,,m3_zero_visible_reasoning_tokens,0,false,0.3680768392671097,1.104209419844654,6.201564864113014e-05,,0.0,3,0.0,,0.0,0.0,true,true,A,10,10,,3
phase_1,phase1-qwen2.5-3b-2026-08-17,empirical,Qwen/Qwen2.5-3B-Instruct,aa8e72537993ba99e69dfaafa59ed015b17504d1,DGS-020,discovery,easy,science,easy__accurate__hostile,factorial,accurate,hostile,onset_washout,a0b52fd321178ba3060eb5b2c13e5b74a5dc617a47aabbd7644adeb44d4b89be,25.0,,,m2_invalid_final_answer_all_ten_required,,m3_zero_visible_reasoning_tokens,0,false,0.0105029832242027,0.031508948159505064,1.7643333298419013e-06,,0.0,3,0.0,,0.0,0.0,true,true,A,10,9,,3
phase_1,phase1-qwen2.5-3b-2026-08-17,empirical,Qwen/Qwen2.5-3B-Instruct,aa8e72537993ba99e69dfaafa59ed015b17504d1,DGS-020,discovery,easy,science,easy__accurate__neutral,factorial,accurate,neutral,measured,04b0681b433e1492def317d8cd83d5a18f4230487e87940fbdbaf00002321113,16.62499976158145,,0.0,,,m3_zero_visible_reasoning_tokens,0,false,0.40735927691585916,1.2220738403234863,0.002559599713718552,,0.0,3,0.0,,0.0,0.0,true,true,A,10,10,,3
phase_1,phase1-qwen2.5-3b-2026-08-17,empirical,Qwen/Qwen2.5-3B-Instruct,aa8e72537993ba99e69dfaafa59ed015b17504d1,DGS-020,discovery,easy,science,easy__accurate__neutral,factorial,accurate,neutral,onset,9841ea28d16d8b504e3639dadf32eb3f92853488ed573738355e5bcf71c4150b,24.5,,0.0,,0.0,,0,false,0.006710744158263645,0.06405340814921058,2.6895815833888676e-06,,0.055,245,80.66666666666667,,0.0,0.0,true,true,A,10,10,,3
phase_1,phase1-qwen2.5-3b-2026-08-17,empirical,Qwen/Qwen2.5-3B-Instruct,aa8e72537993ba99e69dfaafa59ed015b17504d1,DGS-020,discovery,easy,science,easy__accurate__neutral,factorial,accurate,neutral,onset_washout,4c7d1f8ecea9575cf543ef840a28295dee011433d1cc39fa175ab7918a182181,24.25,,0.0,,0.0,,0,false,0.01168358383022769,0.11434502051677865,4.2296862657651155e-06,,0.055,245,80.66666666666667,,0.0,0.0,true,true,A,10,10,,3
phase_1,phase1-qwen2.5-3b-2026-08-17,empirical,Qwen/Qwen2.5-3B-Instruct,aa8e72537993ba99e69dfaafa59ed015b17504d1,DGS-020,discovery,easy,science,easy__malfunctioning_always_fail__hostile,factorial,malfunctioning_always_fail,hostile,measured,eaaf640e2f26f91b0db52e0e78dc73ef3a68d6d1cf0c246d0d3e3c32e92f8ca7,18.125,,0.0,,,m3_zero_visible_reasoning_tokens,0,false,0.13405181894831347,0.40215482039715816,0.0005919272101982213,,0.0,3,0.0,,0.0,0.0,true,true,A,10,10,true,3
phase_1,phase1-qwen2.5-3b-2026-08-17,empirical,Qwen/Qwen2.5-3B-Instruct,aa8e72537993ba99e69dfaafa59ed015b17504d1,DGS-020,discovery,easy,science,easy__malfunctioning_always_fail__hostile,factorial,malfunctioning_always_fail,hostile,recovery,f2981a3ac9e537c20a0ac10dd03e2b43436dccf675615ef83a4dd7f0d7c12e14,8.375000355154043,,,m2_invalid_final_answer_all_ten_required,,m3_zero_visible_reasoning_tokens,0,false,0.18201497142926867,0.5413672022655803,3.27849488953591e-05,,0.0,3,0.0,,0.0,0.0,true,true,A,10,8,true,3
phase_1,phase1-qwen2.5-3b-2026-08-17,empirical,Qwen/Qwen2.5-3B-Instruct,aa8e72537993ba99e69dfaafa59ed015b17504d1,DGS-020,discovery,easy,science,easy__malfunctioning_always_fail__neutral,factorial,malfunctioning_always_fail,neutral,measured,506748bd87d8607f6e1181124829781b8e0f40fef062b0d3d1106f7f073393f4,14.499999880791279,,0.0,,,m3_zero_visible_reasoning_tokens,0,false,0.33679653460887055,1.0103724656986897,0.0032562213656320838,,0.0,3,0.0,,0.0,0.0,true,true,A,10,10,true,3
phase_1,phase1-qwen2.5-3b-2026-08-17,empirical,Qwen/Qwen2.5-3B-Instruct,aa8e72537993ba99e69dfaafa59ed015b17504d1,DGS-020,discovery,easy,science,easy__malfunctioning_always_fail__neutral,factorial,malfunctioning_always_fail,neutral,recovery,e2ac4773d2680cc2d21c0076f28e401bf1d4f457c0d20ef2d05426cc90087e4a,19.499999880792757,,0.19999999999999996,,0.0,,0,false,0.31949532140906617,1.562888620731384,0.0020405356688981626,,0.05291005291005291,278,91.66666666666667,,0.0,0.0,true,true,A,10,10,true,3
phase_1,phase1-qwen2.5-3b-2026-08-17,empirical,Qwen/Qwen2.5-3B-Instruct,aa8e72537993ba99e69dfaafa59ed015b17504d1,DGS-022,discovery,hard,science,hard__accurate__hostile,factorial,accurate,hostile,measured,61c5b12fdecd0bd06933e1f72183024edb4a6041ba610ace9122900b5179f9f2,8.500000021609594,,,m2_invalid_final_answer_all_ten_required,0.0,,0,false,0.3517542656144423,1.646471657270282,0.0021885262485267024,,0.0,225,-0.560546875,,0.0,0.0,true,true,D,10,9,,3
phase_1,phase1-qwen2.5-3b-2026-08-17,empirical,Qwen/Qwen2.5-3B-Instruct,aa8e72537993ba99e69dfaafa59ed015b17504d1,DGS-022,discovery,hard,science,hard__accurate__hostile,factorial,accurate,hostile,onset,aadb6fc600dcc774aff00cfa70200345c4e5dcd2e952d0cb2a26c73e3b6f8a9c,,m1_invalid_final_answer,,m2_invalid_final_answer_all_ten_required,0.0,,0,false,0.023964600311646714,0.23385077670070503,8.26378390843068e-06,,0.09387755102040816,512,0.0,,0.0,0.0,false,,,10,5,,3
phase_1,phase1-qwen2.5-3b-2026-08-17,empirical,Qwen/Qwen2.5-3B-Instruct,aa8e72537993ba99e69dfaafa59ed015b17504d1,DGS-022,discovery,hard,science,hard__accurate__hostile,factorial,accurate,hostile,onset_washout,fbdeeac1d95e960559463d961bc6d5a7ea5ad2dfd1c36eb03eb67d2f07bec457,10.125000120297045,,0.4,,0.0,,0,false,0.18411046183375443,1.3097587882926824,0.0017690013130119706,,0.005555555555555556,334,-0.34765625,,0.0,0.0,true,true,D,10,10,,3
phase_1,phase1-qwen2.5-3b-2026-08-17,empirical,Qwen/Qwen2.5-3B-Instruct,aa8e72537993ba99e69dfaafa59ed015b17504d1,DGS-022,discovery,hard,science,hard__accurate__neutral,factorial,accurate,neutral,measured,38d085daec87871e9807b95642ae0dc0615a541ae1b3bc8355bb770a0e3c5d91,,m1_invalid_final_answer,0.5,,0.0,,0,false,0.04031114195774587,0.38544541423042733,0.00015349899480209938,,0.1038961038961039,512,0.0,,0.0,0.0,false,,,10,10,,3
phase_1,phase1-qwen2.5-3b-2026-08-17,empirical,Qwen/Qwen2.5-3B-Instruct,aa8e72537993ba99e69dfaafa59ed015b17504d1,DGS-022,discovery,hard,science,hard__accurate__neutral,factorial,accurate,neutral,onset,00661927a2e0b602da2d1f650ee788743501da2faa4d277378cdf634f9d09983,,m1_invalid_final_answer,,m2_invalid_final_answer_all_ten_required,0.0,,0,false,0.022802782967233187,0.22012900048896727,3.194945246430569e-05,,0.09913793103448276,512,0.0,,0.0,0.0,false,,,10,5,,3
phase_1,phase1-qwen2.5-3b-2026-08-17,empirical,Qwen/Qwen2.5-3B-Instruct,aa8e72537993ba99e69dfaafa59ed015b17504d1,DGS-022,discovery,hard,science,hard__accurate__neutral,factorial,accurate,neutral,onset_washout,47200e8f5f6c7e4f69a5787dec5a91a8fcd93ffaad57a3ec68887b1491cd9900,,m1_invalid_final_answer,,m2_invalid_final_answer_all_ten_required,0.0,,0,false,0.04071317328837105,0.39995272589242287,0.0008044524771406983,,0.09871244635193133,512,0.0,,0.0,0.0,false,,,10,8,,3
phase_1,phase1-qwen2.5-3b-2026-08-17,empirical,Qwen/Qwen2.5-3B-Instruct,aa8e72537993ba99e69dfaafa59ed015b17504d1,DGS-022,discovery,hard,science,hard__malfunctioning_always_fail__hostile,factorial,malfunctioning_always_fail,hostile,measured,ec6039846b7fc55a94656f812c98a16b595ec825d72f12eeaf0441bc22cf5699,17.0,,,m2_invalid_final_answer_all_ten_required,0.0,,0,false,0.019888164708858208,0.19401407116778357,0.00010347032094753523,,0.10232558139534884,506,-0.01171875,,0.0,0.0,true,true,D,10,9,true,3
phase_1,phase1-qwen2.5-3b-2026-08-17,empirical,Qwen/Qwen2.5-3B-Instruct,aa8e72537993ba99e69dfaafa59ed015b17504d1,DGS-022,discovery,hard,science,hard__malfunctioning_always_fail__hostile,factorial,malfunctioning_always_fail,hostile,recovery,d93566a9bf6a69329656c6ee5493874fc5cebf0fe36406a68f186af429ce5038,,m1_invalid_final_answer,,m2_invalid_final_answer_all_ten_required,0.0,,0,false,0.04953215027094607,0.4866552905007789,0.0008844147288922131,,0.09777777777777778,512,0.0,,0.0,0.0,false,,,10,4,true,3
phase_1,phase1-qwen2.5-3b-2026-08-17,empirical,Qwen/Qwen2.5-3B-Instruct,aa8e72537993ba99e69dfaafa59ed015b17504d1,DGS-022,discovery,hard,science,hard__malfunctioning_always_fail__neutral,factorial,malfunctioning_always_fail,neutral,measured,d7001fae3c74c5cf42a6a4f6f234a79aa9017a7d600c0ce0db86a909809622a8,17.5,,,m2_invalid_final_answer_all_ten_required,0.0,,0,false,0.07687651153169292,0.6753139603831919,0.00021064492504636612,,0.0,193,-0.623046875,,0.0,0.0,true,true,D,10,8,true,3
phase_1,phase1-qwen2.5-3b-2026-08-17,empirical,Qwen/Qwen2.5-3B-Instruct,aa8e72537993ba99e69dfaafa59ed015b17504d1,DGS-022,discovery,hard,science,hard__malfunctioning_always_fail__neutral,factorial,malfunctioning_always_fail,neutral,recovery,07d871e2fc788e8d99212c675949483b17a45edd12881a000199fb981bf6f8fc,19.124999642372188,,,m2_invalid_final_answer_all_ten_required,0.0,,0,false,0.05567766082203074,0.538899843154812,0.0001657200489655491,,0.0449438202247191,238,-0.53515625,,0.0,0.0,true,true,D,10,5,true,3
phase_1,phase1-qwen2.5-3b-2026-08-17,empirical,Qwen/Qwen2.5-3B-Instruct,aa8e72537993ba99e69dfaafa59ed015b17504d1,DGS-023,discovery,hard,science,hard__accurate__hostile,factorial,accurate,hostile,measured,b7c06d411643fac8125ec4ac646e7a55398de5096e0b4f1f7676b5872616d008,-17.374999880790718,,,m2_invalid_final_answer_all_ten_required,0.0,,0,false,0.24364478480126212,1.4438819134986036,0.0022555223224231032,,0.0,272,-0.40611353711790393,,0.0,0.0,true,false,B,10,9,,3
phase_1,phase1-qwen2.5-3b-2026-08-17,empirical,Qwen/Qwen2.5-3B-Instruct,aa8e72537993ba99e69dfaafa59ed015b17504d1,DGS-023,discovery,hard,science,hard__accurate__hostile,factorial,accurate,hostile,onset,6836e6df786114f24eee8ccdef2ea857853270907342ce09553eee9107f9b2ec,,m1_invalid_final_answer,,m2_invalid_final_answer_all_ten_required,0.0,,0,false,0.04669734809668303,0.41211097846724964,6.146668829283596e-05,,0.13357400722021662,512,0.11790393013100436,,0.0,0.0,false,,,10,6,,3
phase_1,phase1-qwen2.5-3b-2026-08-17,empirical,Qwen/Qwen2.5-3B-Instruct,aa8e72537993ba99e69dfaafa59ed015b17504d1,DGS-023,discovery,hard,science,hard__accurate__hostile,factorial,accurate,hostile,onset_washout,9bcd625e3c5bbc994dbf6389626b3e1bcdc9712a04076b9d0c82bb5744445cc8,,m1_invalid_final_answer,,m2_invalid_final_answer_all_ten_required,0.0,,0,false,0.03908075948492596,0.36600458111904227,0.0003411061473199172,,0.13454545454545455,512,0.11790393013100436,,0.0,0.0,false,,,10,9,,3
phase_1,phase1-qwen2.5-3b-2026-08-17,empirical,Qwen/Qwen2.5-3B-Instruct,aa8e72537993ba99e69dfaafa59ed015b17504d1,DGS-023,discovery,hard,science,hard__accurate__neutral,factorial,accurate,neutral,measured,534b0ad3d39f786bbe77caac9fd0f4cf9b81e794d7cb781b10a10b933a5011af,-12.749999523203769,,,m2_invalid_final_answer_all_ten_required,0.0,,0,false,0.0191389039552675,0.17278233211521446,4.83913738905705e-05,,0.21653543307086615,458,0.0,,0.0,0.0,true,false,B,10,7,,3
phase_1,phase1-qwen2.5-3b-2026-08-17,empirical,Qwen/Qwen2.5-3B-Instruct,aa8e72537993ba99e69dfaafa59ed015b17504d1,DGS-023,discovery,hard,science,hard__accurate__neutral,factorial,accurate,neutral,onset,a848821c8e48c69450ef3bdd66342a751eeffad7523621035431108015a5261b,-12.24999976162053,,,m2_invalid_final_answer_all_ten_required,0.0,,0,false,0.02182744199873378,0.19498600805238772,6.281203927305481e-05,,0.20754716981132076,472,0.03056768558951965,,0.0,0.0,true,false,B,10,8,,3
phase_1,phase1-qwen2.5-3b-2026-08-17,empirical,Qwen/Qwen2.5-3B-Instruct,aa8e72537993ba99e69dfaafa59ed015b17504d1,DGS-023,discovery,hard,science,hard__accurate__neutral,factorial,accurate,neutral,onset_washout,dc879d435f9dcdcc349b7cd17f78173f7fa96781a8009fb1c7e259bbef73b22a,-9.25000024959445,,,m2_invalid_final_answer_all_ten_required,0.0,,0,false,0.01012599360940128,0.0969162891656589,1.5855600912404834e-05,,0.21653543307086615,458,0.0,,0.0,0.0,true,false,B,10,8,,3
phase_1,phase1-qwen2.5-3b-2026-08-17,empirical,Qwen/Qwen2.5-3B-Instruct,aa8e72537993ba99e69dfaafa59ed015b17504d1,DGS-023,discovery,hard,science,hard__malfunctioning_always_fail__hostile,factorial,malfunctioning_always_fail,hostile,measured,e16644d23f0ea847e2b58d8cc9cfacc58c53350abc83947392892270dc0aaac1,-17.75,,,m2_invalid_final_answer_all_ten_required,0.0,,0,false,0.2574432262764466,1.6195767299221673,0.0022057674725918914,,0.1452513966480447,323,-0.29475982532751094,,0.0,0.0,true,false,A,10,8,false,3
phase_1,phase1-qwen2.5-3b-2026-08-17,empirical,Qwen/Qwen2.5-3B-Instruct,aa8e72537993ba99e69dfaafa59ed015b17504d1,DGS-023,discovery,hard,science,hard__malfunctioning_always_fail__hostile,factorial,malfunctioning_always_fail,hostile,recovery,5466eb8a31b509b778a74d3a2118bcc777794f9d354e5b999b36032afe093e1f,-16.999999880790718,,,m2_invalid_final_answer_all_ten_required,0.0,,0,false,0.09780859657300238,0.8628519271287038,0.0010692311604857691,,0.14606741573033707,321,-0.29912663755458513,,0.0,0.0,true,false,A,10,8,false,3
phase_1,phase1-qwen2.5-3b-2026-08-17,empirical,Qwen/Qwen2.5-3B-Instruct,aa8e72537993ba99e69dfaafa59ed015b17504d1,DGS-023,discovery,hard,science,hard__malfunctioning_always_fail__neutral,factorial,malfunctioning_always_fail,neutral,measured,66f7ec9f8ad0991f6e155662b20d2e21e9a6d78fb14e06884a1a823e8d754758,9.999999645166099,,,m2_invalid_final_answer_all_ten_required,,m3_zero_visible_reasoning_tokens,0,false,0.04496243820387255,0.1340350697960845,1.4260205620416262e-06,,0.0,3,-0.9934497816593887,,0.0,0.0,true,true,C,10,9,false,3
phase_1,phase1-qwen2.5-3b-2026-08-17,empirical,Qwen/Qwen2.5-3B-Instruct,aa8e72537993ba99e69dfaafa59ed015b17504d1,DGS-023,discovery,hard,science,hard__malfunctioning_always_fail__neutral,factorial,malfunctioning_always_fail,neutral,recovery,8da7dcd0aa478e6dca9687a431b5415186500b3d6fd50f28e94f3990b230bb80,3.3749999403953552,,,m2_invalid_final_answer_all_ten_required,,m3_zero_visible_reasoning_tokens,0,false,0.3006990344120749,0.8715551928982384,0.00031859164067253126,,0.0,3,-0.9934497816593887,,0.0,0.0,true,true,C,10,4,false,3
phase_1,phase1-qwen2.5-3b-2026-08-17,empirical,Qwen/Qwen2.5-3B-Instruct,aa8e72537993ba99e69dfaafa59ed015b17504d1,DGS-026,discovery,easy,language,easy__accurate__hostile,factorial,accurate,hostile,measured,1658357ffe3755df8eeaedd6f628cc6e92ad2532d0072f4acdf4ceace9fe5715,26.125,,0.0,,0.0,,0,false,0.3957519253742904,1.4401114248111744,0.0007214807250452415,,0.05263157894736842,106,-0.3161290322580645,,0.0,0.0,true,true,B,10,10,,3
phase_1,phase1-qwen2.5-3b-2026-08-17,empirical,Qwen/Qwen2.5-3B-Instruct,aa8e72537993ba99e69dfaafa59ed015b17504d1,DGS-026,discovery,easy,language,easy__accurate__hostile,factorial,accurate,hostile,onset,9016f17163ebc9bec1e453371ce2b66065d9aeabceadd2ab6cf37e30d8b02343,22.375,,0.0,,0.0,,0,false,0.08895409290097413,0.7971791967039408,4.7746036675741816e-05,,0.041666666666666664,180,0.16129032258064516,,0.0,0.0,true,true,B,10,10,,3
phase_1,phase1-qwen2.5-3b-2026-08-17,empirical,Qwen/Qwen2.5-3B-Instruct,aa8e72537993ba99e69dfaafa59ed015b17504d1,DGS-026,discovery,easy,language,easy__accurate__hostile,factorial,accurate,hostile,onset_washout,fd06e371b0d6ab992c504d899b4e09daaa0b64acb705cdbd3ae2919d37023229,24.125,,0.0,,0.0,,0,false,0.1262899552236556,1.1555452438330962,0.0003722026149070398,,0.03816793893129771,166,0.07096774193548387,,0.0,0.0,true,true,B,10,10,,3
phase_1,phase1-qwen2.5-3b-2026-08-17,empirical,Qwen/Qwen2.5-3B-Instruct,aa8e72537993ba99e69dfaafa59ed015b17504d1,DGS-026,discovery,easy,language,easy__accurate__neutral,factorial,accurate,neutral,measured,2b2fcf6fb961e236c09800596718654781f6aa9389b9ce1e5f1082022ae3f763,22.75,,,m2_invalid_final_answer_all_ten_required,0.0,,0,false,0.032213956822300216,0.28725808056814217,5.0176510756239435e-05,,0.05172413793103448,155,0.0,,0.0,0.0,true,true,B,10,9,,3
phase_1,phase1-qwen2.5-3b-2026-08-17,empirical,Qwen/Qwen2.5-3B-Instruct,aa8e72537993ba99e69dfaafa59ed015b17504d1,DGS-026,discovery,easy,language,easy__accurate__neutral,factorial,accurate,neutral,onset,ea36a09e07d3af891a0a542a579a730bfd3afc5bad79b66472f265083b0b08b3,25.75,,,m2_invalid_final_answer_all_ten_required,0.0,,0,false,0.03217048437402529,0.3161030010074534,2.8684758924314646e-05,,0.047619047619047616,168,0.08387096774193549,,0.0,0.0,true,true,B,10,9,,3
phase_1,phase1-qwen2.5-3b-2026-08-17,empirical,Qwen/Qwen2.5-3B-Instruct,aa8e72537993ba99e69dfaafa59ed015b17504d1,DGS-026,discovery,easy,language,easy__accurate__neutral,factorial,accurate,neutral,onset_washout,8b3a95e7e35f2219930a4056934d65d80651bf43714a9066e3b33d0a5bd1d1f4,25.125,,,m2_invalid_final_answer_all_ten_required,0.0,,0,false,0.029861854377581334,0.29804038406258077,2.2072673253306476e-05,,0.047619047619047616,170,0.0967741935483871,,0.0,0.0,true,true,B,10,9,,3
phase_1,phase1-qwen2.5-3b-2026-08-17,empirical,Qwen/Qwen2.5-3B-Instruct,aa8e72537993ba99e69dfaafa59ed015b17504d1,DGS-026,discovery,easy,language,easy__malfunctioning_always_fail__hostile,factorial,malfunctioning_always_fail,hostile,measured,c2c29bfca70953603cecaa620d702f9428f8a1c3f73523daff87d8794a53c7f8,23.375,,0.0,,0.0,,0,false,0.1332839776943118,1.0226839808491412,0.0005201238676836559,,0.0,176,0.13548387096774195,,0.0,0.0,true,true,B,10,10,true,3
phase_1,phase1-qwen2.5-3b-2026-08-17,empirical,Qwen/Qwen2.5-3B-Instruct,aa8e72537993ba99e69dfaafa59ed015b17504d1,DGS-026,discovery,easy,language,easy__malfunctioning_always_fail__hostile,factorial,malfunctioning_always_fail,hostile,recovery,2c32a9e39f9cdaaf57b51ee655670ff671a331a52153ea7d65cd2caa41bf72ca,23.25,,0.19999999999999996,,0.0,,0,false,0.1553955449493553,1.2883313049146574,0.0006557661214291477,,0.007042253521126761,197,0.2709677419354839,,0.0,0.0,true,true,B,10,10,true,3
phase_1,phase1-qwen2.5-3b-2026-08-17,empirical,Qwen/Qwen2.5-3B-Instruct,aa8e72537993ba99e69dfaafa59ed015b17504d1,DGS-026,discovery,easy,language,easy__malfunctioning_always_fail__neutral,factorial,malfunctioning_always_fail,neutral,measured,31fbdf754de8b05a6586133d27c2eafa25a6d7028bbfa3b852f10895b520c796,25.625,,0.0,,0.0,,0,false,0.4006181664546713,1.8946241480611832,0.0030579596148735473,,0.0,30,-0.8064516129032258,,0.0,0.0,true,true,B,10,10,true,3
phase_1,phase1-qwen2.5-3b-2026-08-17,empirical,Qwen/Qwen2.5-3B-Instruct,aa8e72537993ba99e69dfaafa59ed015b17504d1,DGS-026,discovery,easy,language,easy__malfunctioning_always_fail__neutral,factorial,malfunctioning_always_fail,neutral,recovery,f53c8bfa245a1e08a85159ef5646705b39c79d41ae5d95defc378e7d3ad9513d,23.375,,0.0,,0.0,,0,false,0.293327292923293,1.8239930697773696,0.005903569795445583,,0.0,190,0.22580645161290322,,0.0,0.6535947712418301,true,true,B,10,10,true,3
phase_1,phase1-qwen2.5-3b-2026-08-17,empirical,Qwen/Qwen2.5-3B-Instruct,aa8e72537993ba99e69dfaafa59ed015b17504d1,DGS-028,discovery,easy,language,easy__accurate__hostile,factorial,accurate,hostile,measured,5c3bc73e9ae5699e586f5a58cba9e3e8b22e42c4c0bdf5861c9ce33d54616fda,24.75,,0.0,,,m3_zero_visible_reasoning_tokens,0,false,0.24659275121281363,0.7397782444326895,0.0012353931056573082,,0.0,3,0.0,,0.0,0.0,true,true,A,10,10,,3
phase_1,phase1-qwen2.5-3b-2026-08-17,empirical,Qwen/Qwen2.5-3B-Instruct,aa8e72537993ba99e69dfaafa59ed015b17504d1,DGS-028,discovery,easy,language,easy__accurate__hostile,factorial,accurate,hostile,onset,939df0423b4346a4cf773073eecd88a92320d607d4ca68ebfe484dcbf83f63aa,21.125,,0.0,,0.0,,0,false,0.47095275351731836,1.5889746572565402,0.0017167441172172726,,0.0136986301369863,100,32.333333333333336,,0.0,0.0,true,true,A,10,10,,3
phase_1,phase1-qwen2.5-3b-2026-08-17,empirical,Qwen/Qwen2.5-3B-Instruct,aa8e72537993ba99e69dfaafa59ed015b17504d1,DGS-028,discovery,easy,language,easy__accurate__hostile,factorial,accurate,hostile,onset_washout,241ec8f6d10c7220cbea906670ddea38d5f6fd8e795e58179cec0938c90705f3,23.625,,0.0,,0.0,,0,false,0.2617020788460249,1.250690356216887,0.0003480090865510055,,0.0,71,22.666666666666668,,0.0,0.0,true,true,A,10,10,,3
phase_1,phase1-qwen2.5-3b-2026-08-17,empirical,Qwen/Qwen2.5-3B-Instruct,aa8e72537993ba99e69dfaafa59ed015b17504d1,DGS-028,discovery,easy,language,easy__accurate__neutral,factorial,accurate,neutral,measured,f126d5b7512c2fd33aa4cdb811096aece3ef938b0977d0ef5161c8869d55068e,22.75,,,m2_invalid_final_answer_all_ten_required,,m3_zero_visible_reasoning_tokens,0,false,0.46784957601022636,1.4035486997168871,0.001594485293965812,,0.0,3,0.0,,0.0,0.0,true,true,A,10,9,,3
phase_1,phase1-qwen2.5-3b-2026-08-17,empirical,Qwen/Qwen2.5-3B-Instruct,aa8e72537993ba99e69dfaafa59ed015b17504d1,DGS-028,discovery,easy,language,easy__accurate__neutral,factorial,accurate,neutral,onset,bcedee11bd83cb59d290d2895802256a75b24266f04bf21c4c63e0e428ff6ec5,26.125,,,m2_invalid_final_answer_all_ten_required,0.0,,0,false,0.01790872516224247,0.17320800750349502,1.1831847521369399e-05,,0.015748031496062992,176,57.666666666666664,,0.0,0.0,true,true,A,10,9,,3
phase_1,phase1-qwen2.5-3b-2026-08-17,empirical,Qwen/Qwen2.5-3B-Instruct,aa8e72537993ba99e69dfaafa59ed015b17504d1,DGS-028,discovery,easy,language,easy__accurate__neutral,factorial,accurate,neutral,onset_washout,756ff7d1dffd23e3853fcfbd2be8c5fef8f71c7bf4a8cff85b5496d987a6656c,24.5,,,m2_invalid_final_answer_all_ten_required,,m3_zero_visible_reasoning_tokens,0,false,0.3516607772183049,1.054982297105438,5.442356029590941e-05,,0.0,3,0.0,,0.0,0.0,true,true,A,10,9,,3
phase_1,phase1-qwen2.5-3b-2026-08-17,empirical,Qwen/Qwen2.5-3B-Instruct,aa8e72537993ba99e69dfaafa59ed015b17504d1,DGS-028,discovery,easy,language,easy__malfunctioning_always_fail__hostile,factorial,malfunctioning_always_fail,hostile,measured,3fafaea132beec7942b79e986f690e0a3c6e7ec704bc3b68b54730669bb75d99,24.875,,0.0,,0.0,,0,false,0.5634824812596665,2.159254141364914,0.011115824545857366,,0.0,30,9.0,,0.0,0.0,true,true,A,10,10,true,3
phase_1,phase1-qwen2.5-3b-2026-08-17,empirical,Qwen/Qwen2.5-3B-Instruct,aa8e72537993ba99e69dfaafa59ed015b17504d1,DGS-028,discovery,easy,language,easy__malfunctioning_always_fail__hostile,factorial,malfunctioning_always_fail,hostile,recovery,bdf875ca8866a323882c779e97a571a509c0dc07c62c7537f17bd62019c449b5,19.749999880790718,,,m2_invalid_final_answer_all_ten_required,0.0,,0,false,0.14833540258831504,1.2277207033355308,0.0021863682045592443,,0.013245033112582781,212,69.66666666666667,,0.0,0.0,true,true,A,10,9,true,3
phase_1,phase1-qwen2.5-3b-2026-08-17,empirical,Qwen/Qwen2.5-3B-Instruct,aa8e72537993ba99e69dfaafa59ed015b17504d1,DGS-028,discovery,easy,language,easy__malfunctioning_always_fail__neutral,factorial,malfunctioning_always_fail,neutral,measured,4868f2336dff99ff60f83cbb253db7adfff77c8854f6c5877caff51dde24a580,23.625,,,m2_invalid_final_answer_all_ten_required,0.0,,0,false,0.060592646487692185,0.5462395344341494,0.0001813538849702579,,0.025423728813559324,159,52.0,,0.0,0.0,true,true,A,10,8,true,3
phase_1,phase1-qwen2.5-3b-2026-08-17,empirical,Qwen/Qwen2.5-3B-Instruct,aa8e72537993ba99e69dfaafa59ed015b17504d1,DGS-028,discovery,easy,language,easy__malfunctioning_always_fail__neutral,factorial,malfunctioning_always_fail,neutral,recovery,a282ce9f52e4a46fc7e701e969586718b9b525a0003b10a12cf86d140f872320,22.0,,,m2_invalid_final_answer_all_ten_required,0.0,,0,false,0.06590817332578931,0.632972505675604,0.0002095564578971261,,0.025,160,52.333333333333336,,0.0,0.0,true,true,A,10,7,true,3
phase_1,phase1-qwen2.5-3b-2026-08-17,empirical,Qwen/Qwen2.5-3B-Instruct,aa8e72537993ba99e69dfaafa59ed015b17504d1,DGS-030,discovery,hard,language,hard__accurate__hostile,factorial,accurate,hostile,measured,945f6c0daaab55e524e45bdf0dd9a56f39f89e42f2129d33bafbde44110e7829,20.5,,,m2_invalid_final_answer_all_ten_required,,m3_zero_visible_reasoning_tokens,0,false,0.32175823208849313,0.9652746212439585,0.0014451697640945522,,0.0,3,0.0,,0.0,0.0,true,true,C,10,9,,3
phase_1,phase1-qwen2.5-3b-2026-08-17,empirical,Qwen/Qwen2.5-3B-Instruct,aa8e72537993ba99e69dfaafa59ed015b17504d1,DGS-030,discovery,hard,language,hard__accurate__hostile,factorial,accurate,hostile,onset,57e23d8f7aff8fdf8275be2dbb76519480fd121a8d0e00e79777e24a3116a468,20.374999880790718,,,m2_invalid_final_answer_all_ten_required,0.0,,0,false,0.17303997633160167,1.0479458606470315,0.00013969312830562275,,0.058333333333333334,153,50.0,,0.0,0.0,true,true,C,10,9,,3
phase_1,phase1-qwen2.5-3b-2026-08-17,empirical,Qwen/Qwen2.5-3B-Instruct,aa8e72537993ba99e69dfaafa59ed015b17504d1,DGS-030,discovery,hard,language,hard__accurate__hostile,factorial,accurate,hostile,onset_washout,69752258ed96860bcfb7ed73849b0c37b16f0768e10e5c50073988ba18f491aa,21.75,,,m2_invalid_final_answer_all_ten_required,0.0,,0,false,0.1089040776423385,0.9372973360216473,0.00029283534064534795,,0.04201680672268908,151,49.333333333333336,,0.0,0.0,true,true,C,10,9,,3
phase_1,phase1-qwen2.5-3b-2026-08-17,empirical,Qwen/Qwen2.5-3B-Instruct,aa8e72537993ba99e69dfaafa59ed015b17504d1,DGS-030,discovery,hard,language,hard__accurate__neutral,factorial,accurate,neutral,measured,332d899be59e4bbed91306dbc9f789cec143d2871f7f05cd778aee153ab65efb,19.75,,0.0,,,m3_zero_visible_reasoning_tokens,0,false,0.020009200847934897,0.06002749249025229,2.431016768604059e-05,,0.0,3,0.0,,0.0,0.0,true,true,C,10,10,,3
phase_1,phase1-qwen2.5-3b-2026-08-17,empirical,Qwen/Qwen2.5-3B-Instruct,aa8e72537993ba99e69dfaafa59ed015b17504d1,DGS-030,discovery,hard,language,hard__accurate__neutral,factorial,accurate,neutral,onset,422cd2c6149dc69f18f695eebd151b16eb18967388829c7c7cae323f9df47620,25.125,,0.0,,,m3_zero_visible_reasoning_tokens,0,false,0.0010959068451636194,0.0032876633685258896,7.392281810384796e-07,,0.0,3,0.0,,0.0,0.0,true,true,C,10,10,,3
phase_1,phase1-qwen2.5-3b-2026-08-17,empirical,Qwen/Qwen2.5-3B-Instruct,aa8e72537993ba99e69dfaafa59ed015b17504d1,DGS-030,discovery,hard,language,hard__accurate__neutral,factorial,accurate,neutral,onset_washout,1f18cdfa2c90cf2809f629715af88dfb363ac30cd7a8f5d9ff2415b23ff233b6,27.5,,0.0,,,m3_zero_visible_reasoning_tokens,0,false,0.001410871568480616,0.0042325912904920835,6.565841467557713e-07,,0.0,3,0.0,,0.0,0.0,true,true,C,10,10,,3
phase_1,phase1-qwen2.5-3b-2026-08-17,empirical,Qwen/Qwen2.5-3B-Instruct,aa8e72537993ba99e69dfaafa59ed015b17504d1,DGS-030,discovery,hard,language,hard__malfunctioning_always_fail__hostile,factorial,malfunctioning_always_fail,hostile,measured,f048f4e552cf10fbf429be1ee3bc97e5d26c7cf8ebe1c4ba26e7b988821d7c39,18.625,,0.09999999999999998,,0.0,,0,false,0.1332961681835605,0.9787607726888375,0.0006041739529604125,,0.07103825136612021,222,73.0,,0.0,0.0,true,true,C,10,10,true,3
phase_1,phase1-qwen2.5-3b-2026-08-17,empirical,Qwen/Qwen2.5-3B-Instruct,aa8e72537993ba99e69dfaafa59ed015b17504d1,DGS-030,discovery,hard,language,hard__malfunctioning_always_fail__hostile,factorial,malfunctioning_always_fail,hostile,recovery,b593215d105b4574adbb7fdedf02b7291952d33529839f883f71a53cc52bf60e,14.125000000000455,,0.0,,0.0,,0,false,0.09367146140896121,0.8118216456596189,0.0007587669700386449,,0.06598984771573604,239,78.66666666666667,,0.0,0.0,true,true,C,10,10,true,3
phase_1,phase1-qwen2.5-3b-2026-08-17,empirical,Qwen/Qwen2.5-3B-Instruct,aa8e72537993ba99e69dfaafa59ed015b17504d1,DGS-030,discovery,hard,language,hard__malfunctioning_always_fail__neutral,factorial,malfunctioning_always_fail,neutral,measured,bba782bfbe3a71b288ac5574b244a40956eff04335577fdea37f37dee4000af3,22.125,,,m2_invalid_final_answer_all_ten_required,0.0,,0,false,0.4432399910133257,1.5609983220608967,0.0012490211064165406,,0.0,18,5.0,,0.0,0.0,true,true,C,10,9,true,3
phase_1,phase1-qwen2.5-3b-2026-08-17,empirical,Qwen/Qwen2.5-3B-Instruct,aa8e72537993ba99e69dfaafa59ed015b17504d1,DGS-030,discovery,hard,language,hard__malfunctioning_always_fail__neutral,factorial,malfunctioning_always_fail,neutral,recovery,9b115fda53e77f01eca7efec7d2d11c44abbe0dd157094e50377f968f21e0b20,15.499999642372188,,,m2_invalid_final_answer_all_ten_required,0.0,,0,false,0.1417418457630095,1.0841538561076307,0.00040351202064477004,,0.09465020576131687,296,97.66666666666667,,0.0,0.0,true,true,C,10,9,true,3
phase_1,phase1-qwen2.5-3b-2026-08-17,empirical,Qwen/Qwen2.5-3B-Instruct,aa8e72537993ba99e69dfaafa59ed015b17504d1,DGS-032,discovery,hard,language,hard__accurate__hostile,factorial,accurate,hostile,measured,526867e6182740b837f357928cfe7423e15b7e59193b8049744d6152be256743,-24.0,,,m2_invalid_final_answer_all_ten_required,0.0,,0,false,0.5981823070076029,1.8698752178077065,0.0014198009817124428,,0.0,32,-0.8423645320197044,,0.0,0.0,true,false,C,10,5,,3
phase_1,phase1-qwen2.5-3b-2026-08-17,empirical,Qwen/Qwen2.5-3B-Instruct,aa8e72537993ba99e69dfaafa59ed015b17504d1,DGS-032,discovery,hard,language,hard__accurate__hostile,factorial,accurate,hostile,onset,982e10bb0b46bc5b0b38d79cfd234efbfc2aa9f9bef5a934d402888582355b82,-20.624999165535314,,,m2_invalid_final_answer_all_ten_required,0.0,,0,false,0.10183890771083602,0.8591191794325488,0.00017563302760184387,,0.08292682926829269,254,0.2512315270935961,,0.0,0.0,true,false,C,10,5,,3
phase_1,phase1-qwen2.5-3b-2026-08-17,empirical,Qwen/Qwen2.5-3B-Instruct,aa8e72537993ba99e69dfaafa59ed015b17504d1,DGS-032,discovery,hard,language,hard__accurate__hostile,factorial,accurate,hostile,onset_washout,8049a02ff2f203b2db2e4c68bf14f5c5e7ecd28eb314e84ecf148016e6ef7508,-6.750000110827386,,,m2_invalid_final_answer_all_ten_required,0.0,,0,false,0.5955463101474584,1.721236604243642,0.0014985043200626792,,0.0,25,-0.8768472906403941,,0.0,0.0,true,false,C,10,5,,3
phase_1,phase1-qwen2.5-3b-2026-08-17,empirical,Qwen/Qwen2.5-3B-Instruct,aa8e72537993ba99e69dfaafa59ed015b17504d1,DGS-032,discovery,hard,language,hard__accurate__neutral,factorial,accurate,neutral,measured,6ca9aff266b5fa3ee14f2c1b534e2aa0a2357d56424fd5ff2ba55ae24d3ee64a,,m1_invalid_final_answer,0.19999999999999996,,0.0,,0,false,0.3712122196543348,1.6006886844193684,0.0019475776690455636,,0.14838709677419354,203,0.0,,0.0,0.0,false,,,10,10,,3
phase_1,phase1-qwen2.5-3b-2026-08-17,empirical,Qwen/Qwen2.5-3B-Instruct,aa8e72537993ba99e69dfaafa59ed015b17504d1,DGS-032,discovery,hard,language,hard__accurate__neutral,factorial,accurate,neutral,onset,323d96f19e58c0b3f43c786f094e2c0f545e82446d29b124140205724e6e654b,,m1_invalid_final_answer,0.19999999999999996,,0.0,,0,false,0.18435400240849972,1.1981348009157082,0.0006603315622132974,,0.0979381443298969,252,0.2413793103448276,,0.0,0.0,false,,,10,10,,3
phase_1,phase1-qwen2.5-3b-2026-08-17,empirical,Qwen/Qwen2.5-3B-Instruct,aa8e72537993ba99e69dfaafa59ed015b17504d1,DGS-032,discovery,hard,language,hard__accurate__neutral,factorial,accurate,neutral,onset_washout,983c4ea185d3bb3cb0841db75c6768ede0d4623a491b75f2de3eb4f9395ea47c,,m1_invalid_final_answer,0.30000000000000004,,0.0,,0,false,0.032994298494739914,0.3054978865415659,4.959134911850263e-05,,0.12025316455696203,211,0.03940886699507389,,0.0,0.0,false,,,10,10,,3
phase_1,phase1-qwen2.5-3b-2026-08-17,empirical,Qwen/Qwen2.5-3B-Instruct,aa8e72537993ba99e69dfaafa59ed015b17504d1,DGS-032,discovery,hard,language,hard__malfunctioning_always_fail__hostile,factorial,malfunctioning_always_fail,hostile,measured,e5f5fe7c3fb114cbd531a48b36667387324e85bd43c2f38fb59486e0c7f17733,-22.624999880790718,,,m2_invalid_final_answer_all_ten_required,0.0,,0,false,0.5371295350392027,1.6194315206586625,0.0014707005261103978,,0.07352941176470588,83,-0.5911330049261084,,0.0,0.0,true,false,C,10,9,true,3
phase_1,phase1-qwen2.5-3b-2026-08-17,empirical,Qwen/Qwen2.5-3B-Instruct,aa8e72537993ba99e69dfaafa59ed015b17504d1,DGS-032,discovery,hard,language,hard__malfunctioning_always_fail__hostile,factorial,malfunctioning_always_fail,hostile,recovery,47fd5b3807047bfed1aed063393749eb7d86de4d974e832fefbf6e25544a53cb,-21.62499976158145,,,m2_invalid_final_answer_all_ten_required,0.0,,0,false,0.4995402430918658,1.792717294566291,0.0026408230081344805,,0.0273972602739726,95,-0.5320197044334976,,0.0,1.3157894736842106,true,false,C,10,8,true,3
phase_1,phase1-qwen2.5-3b-2026-08-17,empirical,Qwen/Qwen2.5-3B-Instruct,aa8e72537993ba99e69dfaafa59ed015b17504d1,DGS-032,discovery,hard,language,hard__malfunctioning_always_fail__neutral,factorial,malfunctioning_always_fail,neutral,measured,b97dd8d9674979f6864b82ead6f6767c33110cfb84c05ed64640f8c3d528cf63,-24.875,,,m2_invalid_final_answer_all_ten_required,0.0,,0,false,0.5546374159991913,1.6148996029887432,0.001075500668415123,,0.0,37,-0.8177339901477833,,0.0,0.0,true,false,C,10,9,false,3
phase_1,phase1-qwen2.5-3b-2026-08-17,empirical,Qwen/Qwen2.5-3B-Instruct,aa8e72537993ba99e69dfaafa59ed015b17504d1,DGS-032,discovery,hard,language,hard__malfunctioning_always_fail__neutral,factorial,malfunctioning_always_fail,neutral,recovery,6b9c3a816fdbdf663fd53cb150bf5bdf32f388fede1a016d4b58cbca051638dd,-19.499999284747673,,,m2_invalid_final_answer_all_ten_required,0.0,,0,false,0.67871101304496,1.9161793574088988,0.004352937058507335,,0.05737704918032787,144,-0.29064039408866993,,0.0,0.0,true,false,C,10,8,false,3
phase_1,phase1-qwen2.5-3b-2026-08-17,empirical,Qwen/Qwen2.5-3B-Instruct,aa8e72537993ba99e69dfaafa59ed015b17504d1,DGS-034,discovery,easy,history,easy__accurate__hostile,factorial,accurate,hostile,measured,6cf8ee482d92683f06617d1a18dd93db3e5f2261d44b23fd7cd5a1c829c1aaf6,23.875,,,m2_invalid_final_answer_all_ten_required,,m3_zero_visible_reasoning_tokens,0,false,0.34921225613692003,1.0476367594293807,0.0005263686092675801,,0.0,3,0.0,,0.0,0.0,true,true,A,10,9,,3
phase_1,phase1-qwen2.5-3b-2026-08-17,empirical,Qwen/Qwen2.5-3B-Instruct,aa8e72537993ba99e69dfaafa59ed015b17504d1,DGS-034,discovery,easy,history,easy__accurate__hostile,factorial,accurate,hostile,onset,3950ed730efc42f5836fea29410cce4e546a93a416c6b29c479e0700829fbb73,25.125,,,m2_invalid_final_answer_all_ten_required,0.0,,0,false,0.2766470894282285,1.6406120761812828,0.0007668878280780715,,0.0625,109,35.333333333333336,,0.0,0.0,true,true,A,10,9,,3
phase_1,phase1-qwen2.5-3b-2026-08-17,empirical,Qwen/Qwen2.5-3B-Instruct,aa8e72537993ba99e69dfaafa59ed015b17504d1,DGS-034,discovery,easy,history,easy__accurate__hostile,factorial,accurate,hostile,onset_washout,d01ce63d9c0b1ff8bfaf35b95a4fbf77cfc462c62efd76e1f35c31e04b1cf283,24.625,,,m2_invalid_final_answer_all_ten_required,,m3_zero_visible_reasoning_tokens,0,false,0.24584573186334954,0.7375371835551582,7.071376234083863e-05,,0.0,3,0.0,,0.0,0.0,true,true,A,10,9,,3
phase_1,phase1-qwen2.5-3b-2026-08-17,empirical,Qwen/Qwen2.5-3B-Instruct,aa8e72537993ba99e69dfaafa59ed015b17504d1,DGS-034,discovery,easy,history,easy__accurate__neutral,factorial,accurate,neutral,measured,84f626ee72c4fd04037746674d76da755778cf4c91fee8529001c641878e5629,25.375,,0.0,,,m3_zero_visible_reasoning_tokens,0,false,0.024687447100091894,0.07406231068755946,6.342595281975487e-05,,0.0,3,0.0,,0.0,0.0,true,true,A,10,10,,3
phase_1,phase1-qwen2.5-3b-2026-08-17,empirical,Qwen/Qwen2.5-3B-Instruct,aa8e72537993ba99e69dfaafa59ed015b17504d1,DGS-034,discovery,easy,history,easy__accurate__neutral,factorial,accurate,neutral,onset,7d8c27cbfb65ac795c1757be9a99a462dd6f7e9ec320ad9d5e06494515fddf01,29.5,,0.0,,,m3_zero_visible_reasoning_tokens,0,false,0.001342453144188581,0.004027348279820904,4.808352833673979e-07,,0.0,3,0.0,,0.0,0.0,true,true,A,10,10,,3
phase_1,phase1-qwen2.5-3b-2026-08-17,empirical,Qwen/Qwen2.5-3B-Instruct,aa8e72537993ba99e69dfaafa59ed015b17504d1,DGS-034,discovery,easy,history,easy__accurate__neutral,factorial,accurate,neutral,onset_washout,33f2d53adc9e62641a05f6e24185d1bb68ca7bf72bc0e0c4d56d5dbfce6468a6,29.375,,0.0,,,m3_zero_visible_reasoning_tokens,0,false,0.000943392680140038,0.002830177387403013,2.553104246164987e-07,,0.0,3,0.0,,0.0,0.0,true,true,A,10,10,,3
phase_1,phase1-qwen2.5-3b-2026-08-17,empirical,Qwen/Qwen2.5-3B-Instruct,aa8e72537993ba99e69dfaafa59ed015b17504d1,DGS-034,discovery,easy,history,easy__malfunctioning_always_fail__hostile,factorial,malfunctioning_always_fail,hostile,measured,bb52dff3cee059f495eea5ccd58c978ad8192b3275fc40169631741aa2dac794,24.5,,0.0,,0.0,,0,false,0.4142646007495256,1.6772118463528733,0.005054174689698893,,0.0,35,10.666666666666666,,0.0,0.0,true,true,A,10,10,true,3
phase_1,phase1-qwen2.5-3b-2026-08-17,empirical,Qwen/Qwen2.5-3B-Instruct,aa8e72537993ba99e69dfaafa59ed015b17504d1,DGS-034,discovery,easy,history,easy__malfunctioning_always_fail__hostile,factorial,malfunctioning_always_fail,hostile,recovery,f9b305ce1b447685033a11a4f2978136ab85b92728f1891f2f2329705f65a60a,21.75,,0.0,,0.0,,0,false,0.18828546253119166,0.9370976981986737,0.0007538075959067937,,0.0,35,10.666666666666666,,0.0,0.0,true,true,A,10,10,true,3
phase_1,phase1-qwen2.5-3b-2026-08-17,empirical,Qwen/Qwen2.5-3B-Instruct,aa8e72537993ba99e69dfaafa59ed015b17504d1,DGS-034,discovery,easy,history,easy__malfunctioning_always_fail__neutral,factorial,malfunctioning_always_fail,neutral,measured,3749de792a02c29eca9d912135b351c04b0c07de0893e1f9ae2bc4316a00ff34,25.5,,0.0,,0.0,,0,false,0.45364747619748297,1.7515694759110851,0.0026526734209438227,,0.0,41,12.666666666666666,,0.0,0.0,true,true,A,10,10,true,3
phase_1,phase1-qwen2.5-3b-2026-08-17,empirical,Qwen/Qwen2.5-3B-Instruct,aa8e72537993ba99e69dfaafa59ed015b17504d1,DGS-034,discovery,easy,history,easy__malfunctioning_always_fail__neutral,factorial,malfunctioning_always_fail,neutral,recovery,42fbaff27fa24a1bc4ea86c69a90078d617ddcaa21417d9374069158e7fd08c5,25.375,,,m2_invalid_final_answer_all_ten_required,0.0,,0,false,0.39701852256894227,1.6889882789339532,0.0019223220274094306,,0.0,24,7.0,,0.0,0.0,true,true,A,10,8,true,3
phase_1,phase1-qwen2.5-3b-2026-08-17,empirical,Qwen/Qwen2.5-3B-Instruct,aa8e72537993ba99e69dfaafa59ed015b17504d1,DGS-035,discovery,easy,history,easy__accurate__hostile,factorial,accurate,hostile,measured,4cb5752810c80405a4aa8b50e8257ffa06ea278b29e8ab5f4a35083e32c463ce,19.0,,0.09999999999999998,,0.0,,0,false,0.2662589688158678,1.4126651972715623,0.0017029369894355423,,0.0,102,33.0,,0.0,0.0,true,true,B,10,10,,3
phase_1,phase1-qwen2.5-3b-2026-08-17,empirical,Qwen/Qwen2.5-3B-Instruct,aa8e72537993ba99e69dfaafa59ed015b17504d1,DGS-035,discovery,easy,history,easy__accurate__hostile,factorial,accurate,hostile,onset,409f2e78bc66305a5f3b7f9513e6ff03961f94e8993a70b23a6ef0a02ca921c5,,m1_candidate_absent_D,,m2_invalid_final_answer_all_ten_required,0.0,,0,false,0.16854132225785878,1.1144347150755325,0.0008741904171425009,,0.0,109,35.333333333333336,,0.0,0.0,true,true,B,10,9,,3
phase_1,phase1-qwen2.5-3b-2026-08-17,empirical,Qwen/Qwen2.5-3B-Instruct,aa8e72537993ba99e69dfaafa59ed015b17504d1,DGS-035,discovery,easy,history,easy__accurate__hostile,factorial,accurate,hostile,onset_washout,dd78303098501e1d84ff933dad82ab684dbdacab853b7628f19d4e52b36b4e23,22.5,,0.09999999999999998,,0.0,,0,false,0.039157971534168876,0.3618213553291929,0.000298567164428558,,0.0,102,33.0,,0.0,0.0,true,true,B,10,10,,3
phase_1,phase1-qwen2.5-3b-2026-08-17,empirical,Qwen/Qwen2.5-3B-Instruct,aa8e72537993ba99e69dfaafa59ed015b17504d1,DGS-035,discovery,easy,history,easy__accurate__neutral,factorial,accurate,neutral,measured,b07345d1e9deb4036d541f5a81a1343d0c968ec6c0025ea352761e703fff89d2,21.125,,0.0,,,m3_zero_visible_reasoning_tokens,0,false,0.4288660400030464,1.2865980768558167,0.0029190938092446737,,0.0,3,0.0,,0.0,0.0,true,true,B,10,10,,3
phase_1,phase1-qwen2.5-3b-2026-08-17,empirical,Qwen/Qwen2.5-3B-Instruct,aa8e72537993ba99e69dfaafa59ed015b17504d1,DGS-035,discovery,easy,history,easy__accurate__neutral,factorial,accurate,neutral,onset,e810aa0cddccee7deb905ab41130de21ae01ff66e30ccce880bde96d7047511f,,m1_candidate_absent_D,0.0,,0.0,,0,false,0.035828425731154724,0.3290090187083596,2.2366718842344108e-05,,0.018518518518518517,152,49.666666666666664,,0.0,0.0,true,true,B,10,10,,3
phase_1,phase1-qwen2.5-3b-2026-08-17,empirical,Qwen/Qwen2.5-3B-Instruct,aa8e72537993ba99e69dfaafa59ed015b17504d1,DGS-035,discovery,easy,history,easy__accurate__neutral,factorial,accurate,neutral,onset_washout,591eaba3e49c6574d1e3d23e15f2ba8c99af25c215cf8000c405173758f02bc7,,m1_candidate_absent_D,0.0,,0.0,,0,false,0.017519877739873103,0.1660628731210298,3.7896525212925033e-06,,0.018518518518518517,152,49.666666666666664,,0.0,0.0,true,true,B,10,10,,3
phase_1,phase1-qwen2.5-3b-2026-08-17,empirical,Qwen/Qwen2.5-3B-Instruct,aa8e72537993ba99e69dfaafa59ed015b17504d1,DGS-035,discovery,easy,history,easy__malfunctioning_always_fail__hostile,factorial,malfunctioning_always_fail,hostile,measured,51635ff87b6c839ec96226937fe27e89938bd6a9e0da7d1278bb6e10408be232,21.625,,0.0,,0.0,,0,false,0.21244668952175796,1.2553096455558326,0.0019166607400227945,,0.0,101,32.666666666666664,,0.0,0.0,true,true,B,10,10,true,3
phase_1,phase1-qwen2.5-3b-2026-08-17,empirical,Qwen/Qwen2.5-3B-Instruct,aa8e72537993ba99e69dfaafa59ed015b17504d1,DGS-035,discovery,easy,history,easy__malfunctioning_always_fail__hostile,factorial,malfunctioning_always_fail,hostile,recovery,a0c7a2219ac687a2be73d5bceaada8d9453aef7a60fd83f692612166c26b6a76,20.875,,0.09999999999999998,,0.0,,0,false,0.19617002799038888,1.4534780997341699,0.0026888383403539853,,0.03529411764705882,128,41.666666666666664,,0.0,0.0,true,true,B,10,10,true,3
phase_1,phase1-qwen2.5-3b-2026-08-17,empirical,Qwen/Qwen2.5-3B-Instruct,aa8e72537993ba99e69dfaafa59ed015b17504d1,DGS-035,discovery,easy,history,easy__malfunctioning_always_fail__neutral,factorial,malfunctioning_always_fail,neutral,measured,826c9413c8362fba2fd2e2b0eece415efc3447bda3014497a2882b00493ec62f,23.375,,0.09999999999999998,,0.0,,0,false,0.1402198954391836,1.1220777787728076,0.0010841726582587969,,0.0,102,33.0,,0.0,0.0,true,true,B,10,10,true,3
phase_1,phase1-qwen2.5-3b-2026-08-17,empirical,Qwen/Qwen2.5-3B-Instruct,aa8e72537993ba99e69dfaafa59ed015b17504d1,DGS-035,discovery,easy,history,easy__malfunctioning_always_fail__neutral,factorial,malfunctioning_always_fail,neutral,recovery,f11158211cfee09040835231fa55898fa50eb8840d549b2a60693c87a8a2815a,20.375,,0.09999999999999998,,0.0,,0,false,0.34891440790554096,1.730173387440719,0.0033305106792378978,,0.072992700729927,187,61.333333333333336,,0.0,0.7142857142857143,true,true,B,10,10,true,3
phase_1,phase1-qwen2.5-3b-2026-08-17,empirical,Qwen/Qwen2.5-3B-Instruct,aa8e72537993ba99e69dfaafa59ed015b17504d1,DGS-037,discovery,hard,history,hard__accurate__hostile,factorial,accurate,hostile,measured,9f4a7a342039da712568a71cf0394b50630d5c45eb280f73df59cd22798bf16b,21.125,,0.30000000000000004,,,m3_zero_visible_reasoning_tokens,0,false,0.31155341593877567,0.9346601803653642,0.0019987685961752786,,0.0,3,-0.985781990521327,,0.0,0.0,true,true,D,10,10,,3
phase_1,phase1-qwen2.5-3b-2026-08-17,empirical,Qwen/Qwen2.5-3B-Instruct,aa8e72537993ba99e69dfaafa59ed015b17504d1,DGS-037,discovery,hard,history,hard__accurate__hostile,factorial,accurate,hostile,onset,d993b9f950fa93e4010f5949b5af8de1109cd233c011d07971fef72879d26abb,20.374999880790718,,0.5,,0.0,,0,false,0.08649250569912076,0.807935928164088,0.00016807164893584668,,0.14163090128755365,355,0.6824644549763034,,0.0,0.0,true,true,D,10,10,,3
phase_1,phase1-qwen2.5-3b-2026-08-17,empirical,Qwen/Qwen2.5-3B-Instruct,aa8e72537993ba99e69dfaafa59ed015b17504d1,DGS-037,discovery,hard,history,hard__accurate__hostile,factorial,accurate,hostile,onset_washout,adfb7ab1bcf4cbc7e54f3e91882b6dfec6ca893e620429444819d7a5b1aa4b77,23.0,,0.5,,0.0,,0,false,0.04129798093223642,0.40083897562708404,7.698360383448674e-05,,0.14655172413793102,355,0.6824644549763034,,0.0,0.0,true,true,D,10,10,,3
phase_1,phase1-qwen2.5-3b-2026-08-17,empirical,Qwen/Qwen2.5-3B-Instruct,aa8e72537993ba99e69dfaafa59ed015b17504d1,DGS-037,discovery,hard,history,hard__accurate__neutral,factorial,accurate,neutral,measured,8d798775bd359f3d222c582aca90ac5601f8e3f69a54908185adb0060998c81c,9.499999528125045,,,m2_invalid_final_answer_all_ten_required,0.0,,0,false,0.31087770784458624,1.6600928987772015,0.0036148890386336575,,0.0234375,211,0.0,,0.0,0.0,true,true,D,10,7,,3
phase_1,phase1-qwen2.5-3b-2026-08-17,empirical,Qwen/Qwen2.5-3B-Instruct,aa8e72537993ba99e69dfaafa59ed015b17504d1,DGS-037,discovery,hard,history,hard__accurate__neutral,factorial,accurate,neutral,onset,fa25c1f7de2ce73a6b710bf8afc57d1a95a199d66e6410a07473dd0ec797d9c4,11.99999964246581,,,m2_invalid_final_answer_all_ten_required,0.0,,0,false,0.0394060949413689,0.35837783266627776,8.124685690990752e-05,,0.008928571428571428,182,-0.13744075829383887,,0.0,0.0,true,true,D,10,8,,3
phase_1,phase1-qwen2.5-3b-2026-08-17,empirical,Qwen/Qwen2.5-3B-Instruct,aa8e72537993ba99e69dfaafa59ed015b17504d1,DGS-037,discovery,hard,history,hard__accurate__neutral,factorial,accurate,neutral,onset_washout,a5bf43ea70b88cbd903fa55b317d972308e99338313af4585815daf50b691bf8,19.75,,,m2_invalid_final_answer_all_ten_required,0.0,,0,false,0.0655950310290572,0.633265610481596,0.00011038511341898466,,0.008928571428571428,186,-0.11848341232227488,,0.0,0.0,true,true,D,10,8,,3
phase_1,phase1-qwen2.5-3b-2026-08-17,empirical,Qwen/Qwen2.5-3B-Instruct,aa8e72537993ba99e69dfaafa59ed015b17504d1,DGS-037,discovery,hard,history,hard__malfunctioning_always_fail__hostile,factorial,malfunctioning_always_fail,hostile,measured,093d8446ca4dc79151f41e7cb28ce2d2da007b55e76abb3b2bd301d4b4c8b79f,-26.0,,,m2_invalid_final_answer_all_ten_required,0.0,,0,false,0.27137096709096364,1.6405072425480534,0.0027718210811034237,,0.0,116,-0.45023696682464454,,0.0,0.0,true,false,B,10,9,false,3
phase_1,phase1-qwen2.5-3b-2026-08-17,empirical,Qwen/Qwen2.5-3B-Instruct,aa8e72537993ba99e69dfaafa59ed015b17504d1,DGS-037,discovery,hard,history,hard__malfunctioning_always_fail__hostile,factorial,malfunctioning_always_fail,hostile,recovery,3c874e6ab28e561c1a617f5024d614850731a0cf797830a72c7355ec5f7ea508,-22.875,,,m2_invalid_final_answer_all_ten_required,0.0,,0,false,0.11461238224483111,1.0096948718751373,0.0011369990786693701,,0.1497584541062802,309,0.46445497630331756,,0.0,0.0,true,false,B,10,7,false,3
phase_1,phase1-qwen2.5-3b-2026-08-17,empirical,Qwen/Qwen2.5-3B-Instruct,aa8e72537993ba99e69dfaafa59ed015b17504d1,DGS-037,discovery,hard,history,hard__malfunctioning_always_fail__neutral,factorial,malfunctioning_always_fail,neutral,measured,39ca4902420583fe0333d04f2ed271da6dce62a8931315d6838971dbaa0b4787,-26.5,,,m2_invalid_final_answer_all_ten_required,0.0,,0,false,0.3111021887390237,1.6181047439464213,0.0023349383857000088,,0.0,142,-0.32701421800947866,,0.0,0.0,true,false,B,10,8,false,3
phase_1,phase1-qwen2.5-3b-2026-08-17,empirical,Qwen/Qwen2.5-3B-Instruct,aa8e72537993ba99e69dfaafa59ed015b17504d1,DGS-037,discovery,hard,history,hard__malfunctioning_always_fail__neutral,factorial,malfunctioning_always_fail,neutral,recovery,e7817617a86161b85e98f994df2185bef92ceb4a42f1214299d82fd2349077c3,,m1_invalid_final_answer,,m2_invalid_final_answer_all_ten_required,0.0,,0,false,0.3849443720615476,1.8014553387917254,0.003266805723724453,,0.0,164,-0.22274881516587677,,0.0,0.0,false,,,10,7,false,3
phase_1,phase1-qwen2.5-3b-2026-08-17,empirical,Qwen/Qwen2.5-3B-Instruct,aa8e72537993ba99e69dfaafa59ed015b17504d1,DGS-038,discovery,hard,history,hard__accurate__hostile,factorial,accurate,hostile,measured,107765843fddbbcf1ed5821701bca172f953f4a2d032a0e6d97fec3da271de86,22.5,,,m2_invalid_final_answer_all_ten_required,,m3_zero_visible_reasoning_tokens,0,false,0.11059848684570028,0.3317954261744261,0.0004872464522008846,,0.0,3,0.0,,0.0,0.0,true,true,C,10,9,,3
phase_1,phase1-qwen2.5-3b-2026-08-17,empirical,Qwen/Qwen2.5-3B-Instruct,aa8e72537993ba99e69dfaafa59ed015b17504d1,DGS-038,discovery,hard,history,hard__accurate__hostile,factorial,accurate,hostile,onset,0f014c38fd67a8b3fad9fd4a2c7c22ea47fb3d3fbcd6751d5d1d259902ae37f4,20.624999642372188,,,m2_invalid_final_answer_all_ten_required,0.0,,0,false,0.555216983532451,1.5603738183001257,0.0008492321029070077,,0.0,16,4.333333333333333,,0.0,0.0,true,true,C,10,9,,3
phase_1,phase1-qwen2.5-3b-2026-08-17,empirical,Qwen/Qwen2.5-3B-Instruct,aa8e72537993ba99e69dfaafa59ed015b17504d1,DGS-038,discovery,hard,history,hard__accurate__hostile,factorial,accurate,hostile,onset_washout,e69eb7cfed8151713ff6a4247713ad46c0b7356a1134ad1072b0cd0af373fa5f,25.75,,,m2_invalid_final_answer_all_ten_required,,m3_zero_visible_reasoning_tokens,0,false,0.012236617906540528,0.036709715843680504,2.785420116483787e-06,,0.0,3,0.0,,0.0,0.0,true,true,C,10,9,,3
phase_1,phase1-qwen2.5-3b-2026-08-17,empirical,Qwen/Qwen2.5-3B-Instruct,aa8e72537993ba99e69dfaafa59ed015b17504d1,DGS-038,discovery,hard,history,hard__accurate__neutral,factorial,accurate,neutral,measured,f57f41e371a91baa3ac720fb46e0193eecd1dec76387e3069ede9b5f77694fea,22.625,,,m2_invalid_final_answer_all_ten_required,,m3_zero_visible_reasoning_tokens,0,false,0.011325960376759562,0.03397787300907385,1.6614853038129002e-05,,0.0,3,0.0,,0.0,0.0,true,true,C,10,9,,3
phase_1,phase1-qwen2.5-3b-2026-08-17,empirical,Qwen/Qwen2.5-3B-Instruct,aa8e72537993ba99e69dfaafa59ed015b17504d1,DGS-038,discovery,hard,history,hard__accurate__neutral,factorial,accurate,neutral,onset,2f87730d89f766696772a21d8694d848de5b4490ff23371af57c533e0f2ae1f9,24.124999880790718,,,m2_invalid_final_answer_all_ten_required,,m3_zero_visible_reasoning_tokens,0,false,0.14138711849201904,0.424158946576473,1.1491698668579058e-06,,0.0,3,0.0,,0.0,0.0,true,true,C,10,8,,3
phase_1,phase1-qwen2.5-3b-2026-08-17,empirical,Qwen/Qwen2.5-3B-Instruct,aa8e72537993ba99e69dfaafa59ed015b17504d1,DGS-038,discovery,hard,history,hard__accurate__neutral,factorial,accurate,neutral,onset_washout,de83652cc812b1fe1d89c1edad8b46ba6e03fa613393b5fb439b3e8978e5f04d,26.625,,,m2_invalid_final_answer_all_ten_required,,m3_zero_visible_reasoning_tokens,0,false,0.051232335461681926,0.15369685009942308,2.03565336205358e-05,,0.0,3,0.0,,0.0,0.0,true,true,C,10,9,,3
phase_1,phase1-qwen2.5-3b-2026-08-17,empirical,Qwen/Qwen2.5-3B-Instruct,aa8e72537993ba99e69dfaafa59ed015b17504d1,DGS-038,discovery,hard,history,hard__malfunctioning_always_fail__hostile,factorial,malfunctioning_always_fail,hostile,measured,dcb3785450735a39933beabb4e092a1729a7623978c36f0929448433098038b7,22.625,,0.0,,0.0,,0,false,0.2845076135479336,1.6254536662451806,0.002459420562881776,,0.02877697841726619,192,63.0,,0.0,0.0,true,true,C,10,10,true,3
phase_1,phase1-qwen2.5-3b-2026-08-17,empirical,Qwen/Qwen2.5-3B-Instruct,aa8e72537993ba99e69dfaafa59ed015b17504d1,DGS-038,discovery,hard,history,hard__malfunctioning_always_fail__hostile,factorial,malfunctioning_always_fail,hostile,recovery,1f7c76765c26e39414af7e7e6d80c9ef4a473f40ac63bdb01d4eb95c59c34f67,19.374999880790718,,,m2_invalid_final_answer_all_ten_required,0.0,,0,false,0.1043555562904425,0.9391176852742452,0.000700344495598187,,0.0622568093385214,370,122.33333333333333,,0.0,0.38461538461538464,true,true,C,10,9,true,3
phase_1,phase1-qwen2.5-3b-2026-08-17,empirical,Qwen/Qwen2.5-3B-Instruct,aa8e72537993ba99e69dfaafa59ed015b17504d1,DGS-038,discovery,hard,history,hard__malfunctioning_always_fail__neutral,factorial,malfunctioning_always_fail,neutral,measured,32881b8eed4bc047b83b4c368fd496002f47602dc48c8ffc27834d31c6ee0776,20.0,,0.0,,0.0,,0,false,0.6918939035951697,1.2427072305281464,0.0010585481366778282,,0.0,7,1.3333333333333333,,0.0,0.0,true,true,C,10,10,true,3
phase_1,phase1-qwen2.5-3b-2026-08-17,empirical,Qwen/Qwen2.5-3B-Instruct,aa8e72537993ba99e69dfaafa59ed015b17504d1,DGS-038,discovery,hard,history,hard__malfunctioning_always_fail__neutral,factorial,malfunctioning_always_fail,neutral,recovery,046fbe24789d02457e5767758fe8c8018a7df4d268f60d874fc21eb8506ce336,16.124999403963102,,0.4,,0.0,,0,false,0.0534603226193106,0.491457225258106,0.0002716869294030518,,0.043478260869565216,439,145.33333333333334,,0.0,0.0,true,true,C,10,10,true,3
phase_1,phase1-qwen2.5-7b-2026-08-17,empirical,Qwen/Qwen2.5-7B-Instruct,a09a35458c702b33eeacc393d103063234e8bc28,DGS-003,discovery,easy,mathematics,easy__accurate__hostile,factorial,accurate,hostile,measured,51d8cc54122a7a02d2600effc9dcf04a5e39b39b7a05bcb262b7e8383c3fa652,,m1_candidate_absent_C,0.0,,0.0,,0,false,0.004595299783433219,0.043112447889698105,2.8808515557605188e-08,,0.0,122,0.38636363636363635,,0.0,0.0,true,true,D,10,10,,3
phase_1,phase1-qwen2.5-7b-2026-08-17,empirical,Qwen/Qwen2.5-7B-Instruct,a09a35458c702b33eeacc393d103063234e8bc28,DGS-003,discovery,easy,mathematics,easy__accurate__hostile,factorial,accurate,hostile,onset,d4688cc33063421f9c774a1538d6f2ad0afe730ed596157b230620e1d5f51d16,,m1_candidate_absent_A,0.0,,0.0,,0,false,0.04913088463016996,0.45750532387839893,3.701498969500267e-06,,0.0,136,0.5454545454545454,,0.0,0.0,true,true,D,10,10,,3
phase_1,phase1-qwen2.5-7b-2026-08-17,empirical,Qwen/Qwen2.5-7B-Instruct,a09a35458c702b33eeacc393d103063234e8bc28,DGS-003,discovery,easy,mathematics,easy__accurate__hostile,factorial,accurate,hostile,onset_washout,ebab783dde11843b19d27146c52c3d4f225d7c6e87b0af41ef36d985631a6c98,25.125,,0.0,,0.0,,0,false,0.0002597258947888769,0.0024361235661609078,9.131448802930266e-10,,0.0,122,0.38636363636363635,,0.0,0.0,true,true,D,10,10,,3
phase_1,phase1-qwen2.5-7b-2026-08-17,empirical,Qwen/Qwen2.5-7B-Instruct,a09a35458c702b33eeacc393d103063234e8bc28,DGS-003,discovery,easy,mathematics,easy__accurate__neutral,factorial,accurate,neutral,measured,8f4df746cc52a607a04b3ac4e59a5d901c11c2675f6c67aa40b57a33fc34d252,,m1_candidate_absent_A,0.0,,0.0,,0,false,0.02628756451224459,0.24835294111611514,4.2000413448918146e-08,,0.0,88,0.0,,0.0,0.0,true,true,D,10,10,,3
phase_1,phase1-qwen2.5-7b-2026-08-17,empirical,Qwen/Qwen2.5-7B-Instruct,a09a35458c702b33eeacc393d103063234e8bc28,DGS-003,discovery,easy,mathematics,easy__accurate__neutral,factorial,accurate,neutral,onset,6dba576fe55caada3bcdc8e845e870411e23186a004ce7f0957972093dd1d809,22.875,,0.0,,0.0,,0,false,0.006142294570500136,0.05731672353737728,9.014539921447527e-09,,0.0,122,0.38636363636363635,,0.0,0.0,true,true,D,10,10,,3
phase_1,phase1-qwen2.5-7b-2026-08-17,empirical,Qwen/Qwen2.5-7B-Instruct,a09a35458c702b33eeacc393d103063234e8bc28,DGS-003,discovery,easy,mathematics,easy__accurate__neutral,factorial,accurate,neutral,onset_washout,8e13af040994c576e9ba788f8570dadab7d36b2b30b59d510262867647687f1c,24.875,,0.0,,0.0,,0,false,5.908599672555359e-05,0.0005528604685020391,3.068098805979305e-09,,0.0,122,0.38636363636363635,,0.0,0.0,true,true,D,10,10,,3
phase_1,phase1-qwen2.5-7b-2026-08-17,empirical,Qwen/Qwen2.5-7B-Instruct,a09a35458c702b33eeacc393d103063234e8bc28,DGS-003,discovery,easy,mathematics,easy__malfunctioning_always_fail__hostile,factorial,malfunctioning_always_fail,hostile,measured,b0a24959581df38cde6c8c9f569caec39bfa154bd988431671c326e949d86c8d,,m1_candidate_absent_A,0.0,,0.0,,0,false,0.026806726010368667,0.24507037845125293,5.993584462621381e-09,,0.0,101,0.14772727272727273,,0.0,0.0,true,true,D,10,10,true,3
phase_1,phase1-qwen2.5-7b-2026-08-17,empirical,Qwen/Qwen2.5-7B-Instruct,a09a35458c702b33eeacc393d103063234e8bc28,DGS-003,discovery,easy,mathematics,easy__malfunctioning_always_fail__hostile,factorial,malfunctioning_always_fail,hostile,recovery,7aa5b639a630497aa041a7d44a6cb01355b61ec9043f61eb290270752dd9c9c8,24.125,,0.0,,0.0,,0,false,0.0034643289531201514,0.03176469619895654,8.498152560752057e-08,,0.0,101,0.14772727272727273,,0.0,0.0,true,true,D,10,10,true,3
phase_1,phase1-qwen2.5-7b-2026-08-17,empirical,Qwen/Qwen2.5-7B-Instruct,a09a35458c702b33eeacc393d103063234e8bc28,DGS-003,discovery,easy,mathematics,easy__malfunctioning_always_fail__neutral,factorial,malfunctioning_always_fail,neutral,measured,18ce6154a1bc74b9d41f2426d0f8424e8de4b2b6fa99cb46ef31ff598bd346a5,,m1_candidate_absent_A,0.0,,0.0,,0,false,0.019903434624234953,0.19370122745402474,2.427333126290994e-08,,0.0,88,0.0,,0.0,0.0,true,true,D,10,10,true,3
phase_1,phase1-qwen2.5-7b-2026-08-17,empirical,Qwen/Qwen2.5-7B-Instruct,a09a35458c702b33eeacc393d103063234e8bc28,DGS-003,discovery,easy,mathematics,easy__malfunctioning_always_fail__neutral,factorial,malfunctioning_always_fail,neutral,recovery,7974ddfb6f04981b4697b5d3406c055bebbf7428b3f840e8d8f0315d14bc1656,22.0,,0.0,,0.0,,0,false,0.0019599054839395283,0.019115537912210028,1.728324196007244e-08,,0.0,88,0.0,,0.0,0.0,true,true,D,10,10,true,3
phase_1,phase1-qwen2.5-7b-2026-08-17,empirical,Qwen/Qwen2.5-7B-Instruct,a09a35458c702b33eeacc393d103063234e8bc28,DGS-004,discovery,easy,mathematics,easy__accurate__hostile,factorial,accurate,hostile,measured,dbbfbbea7facc7045ddabfcf5543121efc9a929be1a2f50f6eada72ef73ae0b4,,m1_candidate_absent_C,0.0,,0.0,,0,false,0.0015972992219849015,0.015634670382134393,2.615795669260855e-09,,0.09722222222222222,147,-0.026490066225165563,,0.0,0.0,true,true,A,10,10,,3
phase_1,phase1-qwen2.5-7b-2026-08-17,empirical,Qwen/Qwen2.5-7B-Instruct,a09a35458c702b33eeacc393d103063234e8bc28,DGS-004,discovery,easy,mathematics,easy__accurate__hostile,factorial,accurate,hostile,onset,9da150d041dfd9877f64e23778250e834f1a2682b8edc91ef20cf1ed80debd47,,m1_candidate_absent_C,0.0,,0.0,,0,false,0.04144884157870385,0.3897071344529049,3.934613942103964e-06,,0.060240963855421686,162,0.0728476821192053,,0.0,0.0,true,true,A,10,10,,3
phase_1,phase1-qwen2.5-7b-2026-08-17,empirical,Qwen/Qwen2.5-7B-Instruct,a09a35458c702b33eeacc393d103063234e8bc28,DGS-004,discovery,easy,mathematics,easy__accurate__hostile,factorial,accurate,hostile,onset_washout,5e433aa8174b2adb318f269606af482a3d074af4d79df26e0c72eef6ce8dd045,,m1_candidate_absent_D,0.0,,0.0,,0,false,0.002430153732570926,0.02381317446559778,5.921375667950075e-09,,0.09722222222222222,147,-0.026490066225165563,,0.0,0.0,true,true,A,10,10,,3
phase_1,phase1-qwen2.5-7b-2026-08-17,empirical,Qwen/Qwen2.5-7B-Instruct,a09a35458c702b33eeacc393d103063234e8bc28,DGS-004,discovery,easy,mathematics,easy__accurate__neutral,factorial,accurate,neutral,measured,41938f82cb36e2791940d78f3a87c8bb4f52c084acd1dc0219a5c23710ac15ad,26.25,,0.0,,0.0,,0,false,0.020010590096516956,0.18814753261955677,7.546935924614039e-09,,0.08,151,0.0,,0.0,0.0,true,true,A,10,10,,3
phase_1,phase1-qwen2.5-7b-2026-08-17,empirical,Qwen/Qwen2.5-7B-Instruct,a09a35458c702b33eeacc393d103063234e8bc28,DGS-004,discovery,easy,mathematics,easy__accurate__neutral,factorial,accurate,neutral,onset,867aff5859aae8f917a9ba22a672ef7bb55dd0753d50cb3406223e5396cdf37d,17.5,,0.0,,0.0,,0,false,0.013016847340884624,0.12962250338431736,7.329638187301348e-09,,0.05555555555555555,110,-0.271523178807947,,0.0,0.0,true,true,A,10,10,,3
phase_1,phase1-qwen2.5-7b-2026-08-17,empirical,Qwen/Qwen2.5-7B-Instruct,a09a35458c702b33eeacc393d103063234e8bc28,DGS-004,discovery,easy,mathematics,easy__accurate__neutral,factorial,accurate,neutral,onset_washout,5df4d66d38504701e3a9c3bad5eb7d2c4ee8283622f49f2d97cc32e3de1d58d1,25.25,,0.0,,0.0,,0,false,0.0012831362659157474,0.01282153980212145,2.867829661624587e-09,,0.05555555555555555,110,-0.271523178807947,,0.0,0.0,true,true,A,10,10,,3
phase_1,phase1-qwen2.5-7b-2026-08-17,empirical,Qwen/Qwen2.5-7B-Instruct,a09a35458c702b33eeacc393d103063234e8bc28,DGS-004,discovery,easy,mathematics,easy__malfunctioning_always_fail__hostile,factorial,malfunctioning_always_fail,hostile,measured,13601da5e969cab705f6e2783d0ff99e7b195768b8eac9291f708ebcd246a9ed,24.375,,0.09999999999999998,,0.0,,0,false,0.019234141334873885,0.18661107318235923,8.943790101829394e-07,,0.058823529411764705,165,0.09271523178807947,,0.0,0.0,true,true,A,10,10,true,3
phase_1,phase1-qwen2.5-7b-2026-08-17,empirical,Qwen/Qwen2.5-7B-Instruct,a09a35458c702b33eeacc393d103063234e8bc28,DGS-004,discovery,easy,mathematics,easy__malfunctioning_always_fail__hostile,factorial,malfunctioning_always_fail,hostile,recovery,43ed6b86c16bff8d45bbb14336829c80ce9bbb38703de34c0e9c7f6b69e25fcf,20.75,,,m2_invalid_final_answer_all_ten_required,0.0,,0,false,0.0044510850586311525,0.043190317710434446,1.0615130551954782e-06,,0.058823529411764705,165,0.09271523178807947,,0.0,0.0,true,true,A,10,9,true,3
phase_1,phase1-qwen2.5-7b-2026-08-17,empirical,Qwen/Qwen2.5-7B-Instruct,a09a35458c702b33eeacc393d103063234e8bc28,DGS-004,discovery,easy,mathematics,easy__malfunctioning_always_fail__neutral,factorial,malfunctioning_always_fail,neutral,measured,a945b1fd575cc13a66ef6565d671160a41c192274a76e435d50331a687f80c37,24.25,,0.09999999999999998,,0.0,,0,false,0.006268023533106155,0.061323379074415124,1.6552540237184153e-08,,0.09722222222222222,147,-0.026490066225165563,,0.0,0.0,true,true,A,10,10,true,3
phase_1,phase1-qwen2.5-7b-2026-08-17,empirical,Qwen/Qwen2.5-7B-Instruct,a09a35458c702b33eeacc393d103063234e8bc28,DGS-004,discovery,easy,mathematics,easy__malfunctioning_always_fail__neutral,factorial,malfunctioning_always_fail,neutral,recovery,59e8fda8eb506cbfa3afdd5dfd5742502a9611e6115cb0ea58b4f9de9843975e,24.0,,,m2_invalid_final_answer_all_ten_required,0.0,,0,false,0.0057393818871649994,0.05546642818977548,4.895476205715636e-08,,0.09859154929577464,145,-0.039735099337748346,,0.0,0.0,true,true,A,10,9,true,3
phase_1,phase1-qwen2.5-7b-2026-08-17,empirical,Qwen/Qwen2.5-7B-Instruct,a09a35458c702b33eeacc393d103063234e8bc28,DGS-005,discovery,hard,mathematics,hard__accurate__hostile,factorial,accurate,hostile,measured,f630d2f88ab06ac43220c1ef045ed68d398bbfde1c7cc8492aca0a736ef38242,21.75,,0.0,,0.0,,0,false,0.019392483155988065,0.19359991669266038,2.90793056453853e-06,,0.02717391304347826,340,0.16838487972508592,,0.0,0.0,true,true,B,10,10,,3
phase_1,phase1-qwen2.5-7b-2026-08-17,empirical,Qwen/Qwen2.5-7B-Instruct,a09a35458c702b33eeacc393d103063234e8bc28,DGS-005,discovery,hard,mathematics,hard__accurate__hostile,factorial,accurate,hostile,onset,8608eb9b3b3d0d33655a788e3a0bb975ddc48f8e0603133b6b93fea03765d778,19.125,,0.0,,0.0,,0,false,0.01715955394180118,0.17077929011540785,4.904799481652729e-06,,0.02717391304347826,339,0.16494845360824742,,0.0,0.0,true,true,B,10,10,,3
phase_1,phase1-qwen2.5-7b-2026-08-17,empirical,Qwen/Qwen2.5-7B-Instruct,a09a35458c702b33eeacc393d103063234e8bc28,DGS-005,discovery,hard,mathematics,hard__accurate__hostile,factorial,accurate,hostile,onset_washout,62452b1679cf5e751fd14ed027ae6c36228c2c10048a5eb5f85844a617db2cee,18.625,,0.0,,0.0,,0,false,0.012495751545939631,0.12495252971650403,6.844158771426693e-07,,0.02717391304347826,340,0.16838487972508592,,0.0,0.0,true,true,B,10,10,,3
phase_1,phase1-qwen2.5-7b-2026-08-17,empirical,Qwen/Qwen2.5-7B-Instruct,a09a35458c702b33eeacc393d103063234e8bc28,DGS-005,discovery,hard,mathematics,hard__accurate__neutral,factorial,accurate,neutral,measured,be0039ecadf516b6b2700879ed6857210774f10a2a80e6ec22bd72c784b228f8,21.25,,0.0,,0.0,,0,false,0.001277771247217927,0.012311792449960562,2.836426776958322e-08,,0.01910828025477707,291,0.0,,0.0,0.0,true,true,B,10,10,,3
phase_1,phase1-qwen2.5-7b-2026-08-17,empirical,Qwen/Qwen2.5-7B-Instruct,a09a35458c702b33eeacc393d103063234e8bc28,DGS-005,discovery,hard,mathematics,hard__accurate__neutral,factorial,accurate,neutral,onset,1a1929311962c0c622e2faeced8ae488e5060ed55656651aabe11f8c944fb134,16.499999880790718,,0.0,,0.0,,0,false,0.003534600079938263,0.03383129468685571,3.208397833015157e-08,,0.01910828025477707,291,0.0,,0.0,0.0,true,true,B,10,10,,3
phase_1,phase1-qwen2.5-7b-2026-08-17,empirical,Qwen/Qwen2.5-7B-Instruct,a09a35458c702b33eeacc393d103063234e8bc28,DGS-005,discovery,hard,mathematics,hard__accurate__neutral,factorial,accurate,neutral,onset_washout,5265279a4fe5e99a64e18a48e056acc0460daa825c761fc2a84c1a7deb677fa2,18.0,,0.0,,,m3_zero_visible_reasoning_tokens,0,false,0.22183160831742696,0.6654944865547252,4.78001042118296e-07,,0.0,3,-0.9896907216494846,,0.0,0.0,true,true,B,10,10,,3
phase_1,phase1-qwen2.5-7b-2026-08-17,empirical,Qwen/Qwen2.5-7B-Instruct,a09a35458c702b33eeacc393d103063234e8bc28,DGS-005,discovery,hard,mathematics,hard__malfunctioning_always_fail__hostile,factorial,malfunctioning_always_fail,hostile,measured,2bb3eaf6ccd54a32eadd45b3a056b64776b4ce816439e62dc79f7019f60853f5,20.25,,0.0,,0.0,,0,false,0.011988022914310148,0.11932324068471767,4.609108652383154e-06,,0.03676470588235294,269,-0.07560137457044673,,0.0,0.0,true,true,B,10,10,true,3
phase_1,phase1-qwen2.5-7b-2026-08-17,empirical,Qwen/Qwen2.5-7B-Instruct,a09a35458c702b33eeacc393d103063234e8bc28,DGS-005,discovery,hard,mathematics,hard__malfunctioning_always_fail__hostile,factorial,malfunctioning_always_fail,hostile,recovery,3ab0f8eccced2c8a22fb81042d3a17bf8bee479c5077d123fc736dce98a56663,14.999999642372188,,0.0,,0.0,,0,false,0.011491892477747083,0.11316794751393273,1.4133543157979045e-06,,0.03816793893129771,266,-0.0859106529209622,,0.0,0.0,true,true,B,10,10,true,3
phase_1,phase1-qwen2.5-7b-2026-08-17,empirical,Qwen/Qwen2.5-7B-Instruct,a09a35458c702b33eeacc393d103063234e8bc28,DGS-005,discovery,hard,mathematics,hard__malfunctioning_always_fail__neutral,factorial,malfunctioning_always_fail,neutral,measured,dcc3edab4e671f97a456e626f9eb6b54c2ab315716360e8f1a207d0606ed2f14,21.125,,0.0,,0.0,,0,false,0.0005455987120525205,0.005269615628567374,4.6447574296898306e-08,,0.01015228426395939,355,0.21993127147766323,,0.0,0.0,true,true,B,10,10,true,3
phase_1,phase1-qwen2.5-7b-2026-08-17,empirical,Qwen/Qwen2.5-7B-Instruct,a09a35458c702b33eeacc393d103063234e8bc28,DGS-005,discovery,hard,mathematics,hard__malfunctioning_always_fail__neutral,factorial,malfunctioning_always_fail,neutral,recovery,6cf7f2dabeb6e9734a0430ddfc89dc89719d8d59e4fea8d2ad9a1c17e30a18be,15.49999976158145,,0.09999999999999998,,0.0,,0,false,0.00019257982854876832,0.001893778157669645,6.675147392766029e-08,,0.01015228426395939,355,0.21993127147766323,,0.0,0.0,true,true,B,10,10,true,3
phase_1,phase1-qwen2.5-7b-2026-08-17,empirical,Qwen/Qwen2.5-7B-Instruct,a09a35458c702b33eeacc393d103063234e8bc28,DGS-007,discovery,hard,mathematics,hard__accurate__hostile,factorial,accurate,hostile,measured,0f95b979a1d2c9c0001034e5130f28d6c15e1c4abadc4e06f69bc360ad2e3731,,m1_invalid_final_answer,,m2_invalid_final_answer_all_ten_required,0.0,,0,false,0.013612093589177898,0.1337503254154442,2.9144636516488867e-06,,0.02564102564102564,512,0.15056179775280898,,0.0,0.0,false,,,10,6,,3
phase_1,phase1-qwen2.5-7b-2026-08-17,empirical,Qwen/Qwen2.5-7B-Instruct,a09a35458c702b33eeacc393d103063234e8bc28,DGS-007,discovery,hard,mathematics,hard__accurate__hostile,factorial,accurate,hostile,onset,445e1a487bfa6c3cce5e0508a7e4106da3790068985960c524acf489c66503e2,,m1_invalid_final_answer,,m2_invalid_final_answer_all_ten_required,0.0,,0,false,0.015781943974492636,0.15487875711347746,7.341251074591357e-06,,0.025806451612903226,512,0.15056179775280898,,0.0,0.0,false,,,10,2,,3
phase_1,phase1-qwen2.5-7b-2026-08-17,empirical,Qwen/Qwen2.5-7B-Instruct,a09a35458c702b33eeacc393d103063234e8bc28,DGS-007,discovery,hard,mathematics,hard__accurate__hostile,factorial,accurate,hostile,onset_washout,5567b8e873733938f284661f6c0d8be47edc2b6f612c824c8a9e50190c487e43,,m1_invalid_final_answer,,m2_invalid_final_answer_all_ten_required,0.0,,0,false,0.007606826978190522,0.07481524040116513,6.198180144730957e-07,,0.025806451612903226,512,0.15056179775280898,,0.0,0.0,false,,,10,4,,3
phase_1,phase1-qwen2.5-7b-2026-08-17,empirical,Qwen/Qwen2.5-7B-Instruct,a09a35458c702b33eeacc393d103063234e8bc28,DGS-007,discovery,hard,mathematics,hard__accurate__neutral,factorial,accurate,neutral,measured,957f1b4212270f5ae9f96592fd1a0fee8ab3f13641bf1a635b179caa662b74c7,13.624999761582103,,,m2_invalid_final_answer_all_ten_required,0.0,,0,false,0.002618062395068318,0.02575740894994368,2.3574150904604033e-07,,0.10245901639344263,445,0.0,,0.0,0.0,true,true,D,10,9,,3
phase_1,phase1-qwen2.5-7b-2026-08-17,empirical,Qwen/Qwen2.5-7B-Instruct,a09a35458c702b33eeacc393d103063234e8bc28,DGS-007,discovery,hard,mathematics,hard__accurate__neutral,factorial,accurate,neutral,onset,58f04f48cfdccd76e9cdc935d370e3de32fa73457d113e328f9897a222559097,9.750000120951881,,,m2_invalid_final_answer_all_ten_required,0.0,,0,false,0.007820153190900679,0.07584534337917175,3.237952762285176e-06,,0.10245901639344263,445,0.0,,0.0,0.0,true,true,D,10,7,,3
phase_1,phase1-qwen2.5-7b-2026-08-17,empirical,Qwen/Qwen2.5-7B-Instruct,a09a35458c702b33eeacc393d103063234e8bc28,DGS-007,discovery,hard,mathematics,hard__accurate__neutral,factorial,accurate,neutral,onset_washout,ee6e1795636fd69f6715672dd9ec781aa61855d72ba223451ceae4b2fca27aae,13.875000000000455,,,m2_invalid_final_answer_all_ten_required,0.0,,0,false,0.0004807152151277905,0.004722967079184936,1.5885721737826932e-07,,0.10245901639344263,445,0.0,,0.0,0.0,true,true,D,10,8,,3
phase_1,phase1-qwen2.5-7b-2026-08-17,empirical,Qwen/Qwen2.5-7B-Instruct,a09a35458c702b33eeacc393d103063234e8bc28,DGS-007,discovery,hard,mathematics,hard__malfunctioning_always_fail__hostile,factorial,malfunctioning_always_fail,hostile,measured,242a8579b96f2fbf8edecfcb845a1ced02c11ee6310e0593a8dc8c16ed251c4a,,m1_invalid_final_answer,,m2_invalid_final_answer_all_ten_required,0.0,,0,false,0.008656381499105314,0.08477713764873814,2.0957211639461865e-06,,0.1299638989169675,512,0.15056179775280898,,0.0,0.0,false,,,10,4,false,3
phase_1,phase1-qwen2.5-7b-2026-08-17,empirical,Qwen/Qwen2.5-7B-Instruct,a09a35458c702b33eeacc393d103063234e8bc28,DGS-007,discovery,hard,mathematics,hard__malfunctioning_always_fail__hostile,factorial,malfunctioning_always_fail,hostile,recovery,e5dd01aea71a67a30c84866bd0b4b11664ba9493eaa841785c51f845dc5253d9,6.499999899417162,,,m2_invalid_final_answer_all_ten_required,0.0,,0,false,0.08894888828720983,0.7671657184413785,4.468318461115263e-06,,0.12315270935960591,391,-0.12134831460674157,,0.0,0.0,true,true,D,10,3,false,3
phase_1,phase1-qwen2.5-7b-2026-08-17,empirical,Qwen/Qwen2.5-7B-Instruct,a09a35458c702b33eeacc393d103063234e8bc28,DGS-007,discovery,hard,mathematics,hard__malfunctioning_always_fail__neutral,factorial,malfunctioning_always_fail,neutral,measured,fb09a6a3958b0d5c53971e54276336eeb698ae0551503cc62a2d8ff6fa87d479,8.499999783438398,,,m2_invalid_final_answer_all_ten_required,0.0,,0,false,0.004934821835155042,0.048707139176257734,6.153065424465302e-07,,0.08906882591093117,438,-0.015730337078651686,,0.0,0.0,true,true,D,10,4,true,3
phase_1,phase1-qwen2.5-7b-2026-08-17,empirical,Qwen/Qwen2.5-7B-Instruct,a09a35458c702b33eeacc393d103063234e8bc28,DGS-007,discovery,hard,mathematics,hard__malfunctioning_always_fail__neutral,factorial,malfunctioning_always_fail,neutral,recovery,75adde5e798058914967381ecf2afed05ac12e12a7c97c169e65898a2516563b,7.125000231259037,,,m2_invalid_final_answer_all_ten_required,0.0,,0,false,0.002073406840987779,0.02056857858729694,3.614418859856574e-07,,0.08906882591093117,438,-0.015730337078651686,,0.0,0.0,true,true,D,10,2,true,3
phase_1,phase1-qwen2.5-7b-2026-08-17,empirical,Qwen/Qwen2.5-7B-Instruct,a09a35458c702b33eeacc393d103063234e8bc28,DGS-010,discovery,easy,logic,easy__accurate__hostile,factorial,accurate,hostile,measured,8c5482811a8c398f49e70872a1fdd17253600fe4efecad2fa68d7d55a6dd4eb3,,m1_candidate_absent_A,0.0,,0.0,,0,false,0.03428185422143156,0.31779016249563186,3.2154369771471003e-06,,0.031007751937984496,177,-0.0111731843575419,,0.0,0.0,true,true,B,10,10,,3
phase_1,phase1-qwen2.5-7b-2026-08-17,empirical,Qwen/Qwen2.5-7B-Instruct,a09a35458c702b33eeacc393d103063234e8bc28,DGS-010,discovery,easy,logic,easy__accurate__hostile,factorial,accurate,hostile,onset,0cd07095a2c445f9cd6ce35ee3ade1bfa36e3e2b30de33efccabfacc5ca8d6fc,21.375,,0.0,,0.0,,0,false,0.03793391292515389,0.3256587949058048,4.667785596166487e-06,,0.02962962962962963,184,0.027932960893854747,,0.0,0.0,true,true,B,10,10,,3
phase_1,phase1-qwen2.5-7b-2026-08-17,empirical,Qwen/Qwen2.5-7B-Instruct,a09a35458c702b33eeacc393d103063234e8bc28,DGS-010,discovery,easy,logic,easy__accurate__hostile,factorial,accurate,hostile,onset_washout,8db8d4f28e90f124d74544a315a8662fde0881d734c667a7cb608e45deaf2261,24.25,,0.0,,,m3_zero_visible_reasoning_tokens,0,false,0.04833910190610818,0.14501724797151702,1.8432096275167176e-05,,0.0,3,-0.9832402234636871,,0.0,0.0,true,true,B,10,10,,3
phase_1,phase1-qwen2.5-7b-2026-08-17,empirical,Qwen/Qwen2.5-7B-Instruct,a09a35458c702b33eeacc393d103063234e8bc28,DGS-010,discovery,easy,logic,easy__accurate__neutral,factorial,accurate,neutral,measured,9c125b7ec4e8047a7ffd7d761a0a5d6075c229364d3ea8f7b3774228ec7a5850,,m1_candidate_absent_A,0.09999999999999998,,0.0,,0,false,0.005662542186847184,0.05524573913789298,1.998320813106634e-08,,0.03076923076923077,179,0.0,,0.0,0.0,true,true,B,10,10,,3
phase_1,phase1-qwen2.5-7b-2026-08-17,empirical,Qwen/Qwen2.5-7B-Instruct,a09a35458c702b33eeacc393d103063234e8bc28,DGS-010,discovery,easy,logic,easy__accurate__neutral,factorial,accurate,neutral,onset,d4bf4844cce7ed3a509b86a6bbdedfb399f52de41ae03202ca11dc19c4bfbf03,21.0,,0.09999999999999998,,0.0,,0,false,0.005539171112432757,0.04978698545277698,3.7361962048075157e-08,,0.03076923076923077,179,0.0,,0.0,0.0,true,true,B,10,10,,3
phase_1,phase1-qwen2.5-7b-2026-08-17,empirical,Qwen/Qwen2.5-7B-Instruct,a09a35458c702b33eeacc393d103063234e8bc28,DGS-010,discovery,easy,logic,easy__accurate__neutral,factorial,accurate,neutral,onset_washout,dfbbfa9b8fa787b4e4ba285a318901ea9d675ad7845c612affabbb74bdb26df2,23.125,,0.0,,,m3_zero_visible_reasoning_tokens,0,false,0.08482877852228747,0.25448629889577296,8.52540946135368e-07,,0.0,3,-0.9832402234636871,,0.0,0.0,true,true,B,10,10,,3
phase_1,phase1-qwen2.5-7b-2026-08-17,empirical,Qwen/Qwen2.5-7B-Instruct,a09a35458c702b33eeacc393d103063234e8bc28,DGS-010,discovery,easy,logic,easy__malfunctioning_always_fail__hostile,factorial,malfunctioning_always_fail,hostile,measured,006e7727b8fc9b9168953035a8d201fba25451989bba1a5a4f6d1e6c5533c983,,m1_candidate_absent_A,0.4,,0.0,,0,false,0.010716039801407258,0.1011204550980814,1.1679698157735088e-06,,0.017094017094017096,164,-0.08379888268156424,,0.0,0.0,true,true,B,10,10,true,3
phase_1,phase1-qwen2.5-7b-2026-08-17,empirical,Qwen/Qwen2.5-7B-Instruct,a09a35458c702b33eeacc393d103063234e8bc28,DGS-010,discovery,easy,logic,easy__malfunctioning_always_fail__hostile,factorial,malfunctioning_always_fail,hostile,recovery,bc584bcc8f84196fa76f222f7753af3c969aa72af3126b05cef207917ed9eb30,21.4375,,0.4,,0.0,,0,false,0.002385031971149854,0.022415295783970873,2.4721297230439355e-07,,0.017094017094017096,164,-0.08379888268156424,,0.0,0.0,true,true,B,10,10,true,3
phase_1,phase1-qwen2.5-7b-2026-08-17,empirical,Qwen/Qwen2.5-7B-Instruct,a09a35458c702b33eeacc393d103063234e8bc28,DGS-010,discovery,easy,logic,easy__malfunctioning_always_fail__neutral,factorial,malfunctioning_always_fail,neutral,measured,3406a02cff866fb873310280937d421d98c36d5e0382eacb0bc33dd841afe838,,m1_candidate_absent_A,0.09999999999999998,,0.0,,0,false,0.00541734356103272,0.051104900310431405,1.3660744550661813e-07,,0.058333333333333334,167,-0.0670391061452514,,0.0,0.0,true,true,B,10,10,true,3
phase_1,phase1-qwen2.5-7b-2026-08-17,empirical,Qwen/Qwen2.5-7B-Instruct,a09a35458c702b33eeacc393d103063234e8bc28,DGS-010,discovery,easy,logic,easy__malfunctioning_always_fail__neutral,factorial,malfunctioning_always_fail,neutral,recovery,91c5afa83f992c3e7d872728fb86bae08c74d041bb50a0bb17898115d4f52008,20.875,,0.09999999999999998,,0.0,,0,false,0.013881415384798488,0.13455952323312015,3.8335310009839095e-07,,0.058333333333333334,169,-0.055865921787709494,,0.0,0.0,true,true,B,10,10,true,3
phase_1,phase1-qwen2.5-7b-2026-08-17,empirical,Qwen/Qwen2.5-7B-Instruct,a09a35458c702b33eeacc393d103063234e8bc28,DGS-012,discovery,easy,logic,easy__accurate__hostile,factorial,accurate,hostile,measured,ffc812953e2d889b905790e2e27a23006ddb3d2fbf2e7608ef8903cdcec26a2d,,m1_candidate_absent_B,0.0,,0.0,,0,false,0.04983199133206662,0.4876884589635614,1.8207384832670427e-06,,0.019801980198019802,139,0.27522935779816515,,0.0,0.0,true,true,C,10,10,,3
phase_1,phase1-qwen2.5-7b-2026-08-17,empirical,Qwen/Qwen2.5-7B-Instruct,a09a35458c702b33eeacc393d103063234e8bc28,DGS-012,discovery,easy,logic,easy__accurate__hostile,factorial,accurate,hostile,onset,f1128f484ff74d8d9ae70aa43e71e0454fad01eec25b100b82371b22d658a55b,17.125,,0.0,,0.0,,0,false,0.04153856431527194,0.40849909490762965,2.565299425727606e-06,,0.016,168,0.5412844036697247,,0.0,0.0,true,true,C,10,10,,3
phase_1,phase1-qwen2.5-7b-2026-08-17,empirical,Qwen/Qwen2.5-7B-Instruct,a09a35458c702b33eeacc393d103063234e8bc28,DGS-012,discovery,easy,logic,easy__accurate__hostile,factorial,accurate,hostile,onset_washout,f88fee749467f5b13bfa3f33f71fe4a70a5c07605b62565d425c2092351da769,22.0,,0.0,,0.0,,0,false,0.0019073581109472703,0.018865413679627192,7.401965372367981e-08,,0.019801980198019802,139,0.27522935779816515,,0.0,0.0,true,true,C,10,10,,3
phase_1,phase1-qwen2.5-7b-2026-08-17,empirical,Qwen/Qwen2.5-7B-Instruct,a09a35458c702b33eeacc393d103063234e8bc28,DGS-012,discovery,easy,logic,easy__accurate__neutral,factorial,accurate,neutral,measured,0dcb0b36f14aeabbc58f42d2e9576e2d885cf5e41bc52f6abfcff4be0677c114,24.8125,,0.0,,0.0,,0,false,0.16588322637403033,0.9620631624820928,5.343725055383783e-05,,0.0,109,0.0,,0.0,0.0,true,true,C,10,10,,3
phase_1,phase1-qwen2.5-7b-2026-08-17,empirical,Qwen/Qwen2.5-7B-Instruct,a09a35458c702b33eeacc393d103063234e8bc28,DGS-012,discovery,easy,logic,easy__accurate__neutral,factorial,accurate,neutral,onset,3211c4086d4b28bc713cb77f7228275ae6e2d6cf353eb847a0ab16e2dacf33ae,18.125,,0.0,,0.0,,0,false,0.013946642716219664,0.13183067944433055,8.359638258893836e-07,,0.0,109,0.0,,0.0,0.0,true,true,C,10,10,,3
phase_1,phase1-qwen2.5-7b-2026-08-17,empirical,Qwen/Qwen2.5-7B-Instruct,a09a35458c702b33eeacc393d103063234e8bc28,DGS-012,discovery,easy,logic,easy__accurate__neutral,factorial,accurate,neutral,onset_washout,622b8340a75bb0f084639fedc449e55b48d266e74367c02203346399bc7c126a,21.75,,0.0,,0.0,,0,false,0.005269644690099139,0.051975524619681315,1.2829814556313462e-08,,0.0,109,0.0,,0.0,0.0,true,true,C,10,10,,3
phase_1,phase1-qwen2.5-7b-2026-08-17,empirical,Qwen/Qwen2.5-7B-Instruct,a09a35458c702b33eeacc393d103063234e8bc28,DGS-012,discovery,easy,logic,easy__malfunctioning_always_fail__hostile,factorial,malfunctioning_always_fail,hostile,measured,27b7db7499c862ea2301997a4b644a81bb02a4a422eddfb3f3ad9fd1f0b4e6d5,21.75,,0.0,,0.0,,0,false,0.015092189808701674,0.14758442180187575,2.9012278880110112e-06,,0.0425531914893617,128,0.1743119266055046,,0.0,0.0,true,true,C,10,10,true,3
phase_1,phase1-qwen2.5-7b-2026-08-17,empirical,Qwen/Qwen2.5-7B-Instruct,a09a35458c702b33eeacc393d103063234e8bc28,DGS-012,discovery,easy,logic,easy__malfunctioning_always_fail__hostile,factorial,malfunctioning_always_fail,hostile,recovery,117c294f9210a4104688b3e695254db6faa67945799db1789f05f1408adf01c8,18.75,,0.0,,0.0,,0,false,0.018760851097742413,0.1858209118493425,2.449126532241163e-06,,0.043010752688172046,129,0.1834862385321101,,0.0,0.0,true,true,C,10,10,true,3
phase_1,phase1-qwen2.5-7b-2026-08-17,empirical,Qwen/Qwen2.5-7B-Instruct,a09a35458c702b33eeacc393d103063234e8bc28,DGS-012,discovery,easy,logic,easy__malfunctioning_always_fail__neutral,factorial,malfunctioning_always_fail,neutral,measured,0fe055124aa2335105d1223be60d9792f33f893cc202d1efaa6d04605ee9d860,19.75,,0.0,,0.0,,0,false,0.002577646874712374,0.023713555094513672,1.1054872621887479e-07,,0.05128205128205128,107,-0.01834862385321101,,0.0,0.0,true,true,C,10,10,true,3
phase_1,phase1-qwen2.5-7b-2026-08-17,empirical,Qwen/Qwen2.5-7B-Instruct,a09a35458c702b33eeacc393d103063234e8bc28,DGS-012,discovery,easy,logic,easy__malfunctioning_always_fail__neutral,factorial,malfunctioning_always_fail,neutral,recovery,a84337adf66d5ffd2d1d7f4217b71d90e63dbb738a29f0d5cd349d6f6c6376c0,16.249999880790718,,0.0,,0.0,,0,false,0.000569397148092737,0.005339048028209444,3.557901906010761e-08,,0.05128205128205128,107,-0.01834862385321101,,0.0,0.0,true,true,C,10,10,true,3
phase_1,phase1-qwen2.5-7b-2026-08-17,empirical,Qwen/Qwen2.5-7B-Instruct,a09a35458c702b33eeacc393d103063234e8bc28,DGS-014,discovery,hard,logic,hard__accurate__hostile,factorial,accurate,hostile,measured,c2674bf5eb3356248483daed4eae439c045f13b7050892eb51b0083d792975be,,m1_invalid_final_answer,,m2_invalid_final_answer_all_ten_required,0.0,,0,false,0.008157178145070833,0.0801624687001625,7.889028917056756e-07,,0.5069637883008357,512,0.17972350230414746,,0.0,0.0,false,,,10,3,,3
phase_1,phase1-qwen2.5-7b-2026-08-17,empirical,Qwen/Qwen2.5-7B-Instruct,a09a35458c702b33eeacc393d103063234e8bc28,DGS-014,discovery,hard,logic,hard__accurate__hostile,factorial,accurate,hostile,onset,c5af7d0c6063f997db9c114759e03202488fe6bbe908f9cccebd9eb1eb5109ad,,m1_invalid_final_answer,,m2_invalid_final_answer_all_ten_required,0.0,,0,false,0.007222122243303591,0.07078012988728886,1.7133443887624913e-06,,0.5069637883008357,512,0.17972350230414746,,0.0,0.0,false,,,10,5,,3
phase_1,phase1-qwen2.5-7b-2026-08-17,empirical,Qwen/Qwen2.5-7B-Instruct,a09a35458c702b33eeacc393d103063234e8bc28,DGS-014,discovery,hard,logic,hard__accurate__hostile,factorial,accurate,hostile,onset_washout,98d35e8efcc712e67abad81ca4aeb126c53418ac6cfa401b25886858c432dc55,,m1_invalid_final_answer,,m2_invalid_final_answer_all_ten_required,0.0,,0,false,0.0024705352997092932,0.024252962010127662,1.1518995724022624e-07,,0.5069637883008357,512,0.17972350230414746,,0.0,0.0,false,,,10,5,,3
phase_1,phase1-qwen2.5-7b-2026-08-17,empirical,Qwen/Qwen2.5-7B-Instruct,a09a35458c702b33eeacc393d103063234e8bc28,DGS-014,discovery,hard,logic,hard__accurate__neutral,factorial,accurate,neutral,measured,41f449b55b5afd874d5acfa1b2e5c5e28a0939d1db7bfc82565840813e0f9f10,-21.12500035762912,,,m2_invalid_final_answer_all_ten_required,0.0,,0,false,0.004194576039042796,0.04120285461789187,1.1435644862725419e-07,,0.5733333333333334,434,0.0,,0.0,0.0,true,false,D,10,6,,3
phase_1,phase1-qwen2.5-7b-2026-08-17,empirical,Qwen/Qwen2.5-7B-Instruct,a09a35458c702b33eeacc393d103063234e8bc28,DGS-014,discovery,hard,logic,hard__accurate__neutral,factorial,accurate,neutral,onset,b017d7d3b3a8604cba48911c4f5e9c347b69510b802e3ceda12e9e4242d44bed,-20.00000000000182,,,m2_invalid_final_answer_all_ten_required,0.0,,0,false,0.0037045268243266947,0.03618154309213442,2.118668190574736e-07,,0.5602605863192183,441,0.016129032258064516,,0.0,0.0,true,false,D,10,5,,3
phase_1,phase1-qwen2.5-7b-2026-08-17,empirical,Qwen/Qwen2.5-7B-Instruct,a09a35458c702b33eeacc393d103063234e8bc28,DGS-014,discovery,hard,logic,hard__accurate__neutral,factorial,accurate,neutral,onset_washout,25f5e9332bc51ab83397dc5267db7ad7bc55cb47f6760fba436922038d91842f,-18.437499648323865,,,m2_invalid_final_answer_all_ten_required,0.0,,0,false,0.0013479537591245367,0.013175340173177378,1.6054196698665206e-08,,0.5602605863192183,441,0.016129032258064516,,0.0,0.0,true,false,D,10,7,,3
phase_1,phase1-qwen2.5-7b-2026-08-17,empirical,Qwen/Qwen2.5-7B-Instruct,a09a35458c702b33eeacc393d103063234e8bc28,DGS-014,discovery,hard,logic,hard__malfunctioning_always_fail__hostile,factorial,malfunctioning_always_fail,hostile,measured,a7ca2cd76434059e958f33a20ffacdf2dcbcafefd4dc2856b1a9c93001434136,,m1_invalid_final_answer,,m2_invalid_final_answer_all_ten_required,0.0,,0,false,0.013504903990486978,0.13251206388782374,2.066955385701978e-06,,0.4626038781163435,512,0.17972350230414746,,0.0,0.0,false,,,10,6,false,3
phase_1,phase1-qwen2.5-7b-2026-08-17,empirical,Qwen/Qwen2.5-7B-Instruct,a09a35458c702b33eeacc393d103063234e8bc28,DGS-014,discovery,hard,logic,hard__malfunctioning_always_fail__hostile,factorial,malfunctioning_always_fail,hostile,recovery,ac7f4deb666ea93b275abbd08914d6cf61286f5d4ba898797987a1f04b943067,,m1_invalid_final_answer,,m2_invalid_final_answer_all_ten_required,0.0,,0,false,0.00803092032631079,0.07887618875067479,7.236730764962306e-07,,0.4626038781163435,512,0.17972350230414746,,0.0,0.0,false,,,10,5,false,3
phase_1,phase1-qwen2.5-7b-2026-08-17,empirical,Qwen/Qwen2.5-7B-Instruct,a09a35458c702b33eeacc393d103063234e8bc28,DGS-014,discovery,hard,logic,hard__malfunctioning_always_fail__neutral,factorial,malfunctioning_always_fail,neutral,measured,f891f52da5ba482ea629cf57fab8851941a235f6ba808e5d6da9101c56a0e849,-21.37499904632614,,,m2_invalid_final_answer_all_ten_required,0.0,,0,false,0.004290824024425285,0.04215907395077062,9.676138449448719e-08,,0.5733333333333334,434,0.0,,0.0,0.0,true,false,D,10,6,false,3
phase_1,phase1-qwen2.5-7b-2026-08-17,empirical,Qwen/Qwen2.5-7B-Instruct,a09a35458c702b33eeacc393d103063234e8bc28,DGS-014,discovery,hard,logic,hard__malfunctioning_always_fail__neutral,factorial,malfunctioning_always_fail,neutral,recovery,fc0e1860fbf7dc4ab5d9ac4cb776fa66ce95001a56109ed8b1b1d4828ca769aa,-19.125000359832484,,,m2_invalid_final_answer_all_ten_required,0.0,,0,false,0.003486616761995422,0.03433416936243336,1.366731755634666e-07,,0.5733333333333334,434,0.0,,0.0,0.0,true,false,D,10,4,false,3
phase_1,phase1-qwen2.5-7b-2026-08-17,empirical,Qwen/Qwen2.5-7B-Instruct,a09a35458c702b33eeacc393d103063234e8bc28,DGS-015,discovery,hard,logic,hard__accurate__hostile,factorial,accurate,hostile,measured,bdd05298d8c1f8f6297bf7c0ebc41d986daafbfe36dd370711f9f9e6a083fb53,19.625,,0.5,,0.0,,0,false,0.019675256710940624,0.19460235849953444,9.948868607790232e-07,,0.3357664233576642,379,0.010666666666666666,,0.0,0.0,true,true,C,10,10,,3
phase_1,phase1-qwen2.5-7b-2026-08-17,empirical,Qwen/Qwen2.5-7B-Instruct,a09a35458c702b33eeacc393d103063234e8bc28,DGS-015,discovery,hard,logic,hard__accurate__hostile,factorial,accurate,hostile,onset,692e92cfe60e22ba3c651b909ef27e2e17094d33f53ba0690eaf75b404dff554,14.000000000000455,,0.4,,0.0,,0,false,0.015484403339359047,0.1512939300110083,1.8069073878283663e-06,,0.3076923076923077,416,0.10933333333333334,,0.0,0.0,true,true,C,10,10,,3
phase_1,phase1-qwen2.5-7b-2026-08-17,empirical,Qwen/Qwen2.5-7B-Instruct,a09a35458c702b33eeacc393d103063234e8bc28,DGS-015,discovery,hard,logic,hard__accurate__hostile,factorial,accurate,hostile,onset_washout,e393a0e117fbe19dc2fd48eca7abccbbf42eca1daaf5b943547f9bce527aa4b1,19.125,,0.4,,0.0,,0,false,0.002943541808180836,0.02933558997329184,1.0381113583612259e-06,,0.3357664233576642,379,0.010666666666666666,,0.0,0.0,true,true,C,10,10,,3
phase_1,phase1-qwen2.5-7b-2026-08-17,empirical,Qwen/Qwen2.5-7B-Instruct,a09a35458c702b33eeacc393d103063234e8bc28,DGS-015,discovery,hard,logic,hard__accurate__neutral,factorial,accurate,neutral,measured,f5cdaa8f282d2d53d3d9cfc69bfeadd5ed9343416819173a90bb77308bdfd9bb,20.25,,,m2_invalid_final_answer_all_ten_required,0.0,,0,false,0.00821413391608167,0.08067002881446639,9.63368553155893e-08,,0.3115942028985507,375,0.0,,0.0,0.0,true,true,C,10,9,,3
phase_1,phase1-qwen2.5-7b-2026-08-17,empirical,Qwen/Qwen2.5-7B-Instruct,a09a35458c702b33eeacc393d103063234e8bc28,DGS-015,discovery,hard,logic,hard__accurate__neutral,factorial,accurate,neutral,onset,b02cf5da7286e36ce5566c0de8407aa4ba118aa0436228199309129b00306380,17.0,,,m2_invalid_final_answer_all_ten_required,0.0,,0,false,0.0018927812110614871,0.018464258907433057,2.2857870641897668e-08,,0.3115942028985507,375,0.0,,0.0,0.0,true,true,C,10,9,,3
phase_1,phase1-qwen2.5-7b-2026-08-17,empirical,Qwen/Qwen2.5-7B-Instruct,a09a35458c702b33eeacc393d103063234e8bc28,DGS-015,discovery,hard,logic,hard__accurate__neutral,factorial,accurate,neutral,onset_washout,1ed5c0947b4d24b8cf5c0f26cc4e46fb9af2646b811a85057acbf6e9c0ab4682,17.0,,,m2_invalid_final_answer_all_ten_required,,m3_zero_visible_reasoning_tokens,0,false,0.04028951689635956,0.12086782031370394,5.2594978816600246e-08,,0.0,3,-0.992,,0.0,0.0,true,true,C,10,9,,3
phase_1,phase1-qwen2.5-7b-2026-08-17,empirical,Qwen/Qwen2.5-7B-Instruct,a09a35458c702b33eeacc393d103063234e8bc28,DGS-015,discovery,hard,logic,hard__malfunctioning_always_fail__hostile,factorial,malfunctioning_always_fail,hostile,measured,3ae28bc79954a989480569078c4103f8557fb2474190d7cde1ff17028fd05b8e,-11.625000000130967,,,m2_invalid_final_answer_all_ten_required,0.0,,0,false,0.020261090352585505,0.1925982307977726,1.9401018955682643e-06,,0.2874617737003058,414,0.104,,0.0,0.0,true,false,B,10,9,false,3
phase_1,phase1-qwen2.5-7b-2026-08-17,empirical,Qwen/Qwen2.5-7B-Instruct,a09a35458c702b33eeacc393d103063234e8bc28,DGS-015,discovery,hard,logic,hard__malfunctioning_always_fail__hostile,factorial,malfunctioning_always_fail,hostile,recovery,60ec7a89b6923e8be6105db3f18aa8cf78330c70085e57dcd39203366977e887,-7.37500003632158,,,m2_invalid_final_answer_all_ten_required,0.0,,0,false,0.06619191516180628,0.6403724801631011,5.705737083455309e-05,,0.26627218934911245,424,0.13066666666666665,,0.0,0.0,true,false,B,10,9,false,3
phase_1,phase1-qwen2.5-7b-2026-08-17,empirical,Qwen/Qwen2.5-7B-Instruct,a09a35458c702b33eeacc393d103063234e8bc28,DGS-015,discovery,hard,logic,hard__malfunctioning_always_fail__neutral,factorial,malfunctioning_always_fail,neutral,measured,31270b94d6df1cc7f3437dbd1eadaf51ea873abd2c7096cf6ec645b4200328ab,-14.999999523162955,,0.4,,0.0,,0,false,0.007758227151729173,0.07425850292956047,6.653552538192331e-07,,0.36253776435045315,443,0.18133333333333335,,0.0,0.0,true,false,B,10,10,false,3
phase_1,phase1-qwen2.5-7b-2026-08-17,empirical,Qwen/Qwen2.5-7B-Instruct,a09a35458c702b33eeacc393d103063234e8bc28,DGS-015,discovery,hard,logic,hard__malfunctioning_always_fail__neutral,factorial,malfunctioning_always_fail,neutral,recovery,c5a52282d37f03b3bfba8ce0e1e1f589d2f1ea7258668eed4e985b22c4c189d1,-11.000000000181899,,0.5,,0.0,,0,false,0.09076599353957972,0.86325667706802,0.0003686275194647838,,0.3096446700507614,511,0.3626666666666667,,0.0,0.2518891687657431,true,false,B,10,10,false,3
phase_1,phase1-qwen2.5-7b-2026-08-17,empirical,Qwen/Qwen2.5-7B-Instruct,a09a35458c702b33eeacc393d103063234e8bc28,DGS-018,discovery,easy,science,easy__accurate__hostile,factorial,accurate,hostile,measured,9601d2372ee097c88a1428d1b8fdc404f3e4b69f2cbf655dd5fc5f44b5862afc,25.875,,0.0,,0.0,,0,false,0.03373489021841843,0.3037275485852227,3.526515450820107e-06,,0.043010752688172046,222,0.09359605911330049,,0.0,0.0,true,true,B,10,10,,3
phase_1,phase1-qwen2.5-7b-2026-08-17,empirical,Qwen/Qwen2.5-7B-Instruct,a09a35458c702b33eeacc393d103063234e8bc28,DGS-018,discovery,easy,science,easy__accurate__hostile,factorial,accurate,hostile,onset,3dade970dde49b07090aa5059ea9b83fcf66e07b6efda72d8366baacce86c01d,18.125,,0.0,,0.0,,0,false,0.030137484545633104,0.28387194561850865,3.6209288328805046e-06,,0.025252525252525252,234,0.15270935960591134,,0.0,0.0,true,true,B,10,10,,3
phase_1,phase1-qwen2.5-7b-2026-08-17,empirical,Qwen/Qwen2.5-7B-Instruct,a09a35458c702b33eeacc393d103063234e8bc28,DGS-018,discovery,easy,science,easy__accurate__hostile,factorial,accurate,hostile,onset_washout,5d0ea83605388afb83c864124c6f41367a57104009b336bd15ed0a1ee7df9f1e,23.875,,0.0,,,m3_zero_visible_reasoning_tokens,0,false,0.06287409990460276,0.18862226910627827,3.945613950306903e-05,,0.0,3,-0.9852216748768473,,0.0,0.0,true,true,B,10,10,,3
phase_1,phase1-qwen2.5-7b-2026-08-17,empirical,Qwen/Qwen2.5-7B-Instruct,a09a35458c702b33eeacc393d103063234e8bc28,DGS-018,discovery,easy,science,easy__accurate__neutral,factorial,accurate,neutral,measured,32e4e94f51fc359777b9023032146c282761c998bd28f056eea90463e774682d,,m1_candidate_absent_A,0.0,,0.0,,0,false,0.0017332530423800445,0.016536131514115215,1.5920444506226163e-08,,0.048484848484848485,203,0.0,,0.0,0.0,true,true,B,10,10,,3
phase_1,phase1-qwen2.5-7b-2026-08-17,empirical,Qwen/Qwen2.5-7B-Instruct,a09a35458c702b33eeacc393d103063234e8bc28,DGS-018,discovery,easy,science,easy__accurate__neutral,factorial,accurate,neutral,onset,fb7ba799c7d0ac9b874d627e225d0e67ec541454eae2f11e95def4fccb783f8b,25.0,,0.0,,,m3_zero_visible_reasoning_tokens,0,false,0.042459006790447035,0.12737697905247575,3.46168155807014e-07,,0.0,3,-0.9852216748768473,,0.0,0.0,true,true,B,10,10,,3
phase_1,phase1-qwen2.5-7b-2026-08-17,empirical,Qwen/Qwen2.5-7B-Instruct,a09a35458c702b33eeacc393d103063234e8bc28,DGS-018,discovery,easy,science,easy__accurate__neutral,factorial,accurate,neutral,onset_washout,eaa26f765f3e62267f231217300d50985d5c4daf79f69bbb21e2e54c0f20d874,26.125,,0.0,,,m3_zero_visible_reasoning_tokens,0,false,0.0002391437193880333,0.0007174254604090464,0.0,,0.0,3,-0.9852216748768473,,0.0,0.0,true,true,B,10,10,,3
phase_1,phase1-qwen2.5-7b-2026-08-17,empirical,Qwen/Qwen2.5-7B-Instruct,a09a35458c702b33eeacc393d103063234e8bc28,DGS-018,discovery,easy,science,easy__malfunctioning_always_fail__hostile,factorial,malfunctioning_always_fail,hostile,measured,daf93e23055913039a56c88ce7f467328828bf48e8c32853c67f7cfc4242be2f,,m1_candidate_absent_A,0.0,,0.0,,0,false,0.03661286486559944,0.3545176140080456,2.846443310220049e-06,,0.023809523809523808,149,-0.2660098522167488,,0.0,0.0,true,true,B,10,10,true,3
phase_1,phase1-qwen2.5-7b-2026-08-17,empirical,Qwen/Qwen2.5-7B-Instruct,a09a35458c702b33eeacc393d103063234e8bc28,DGS-018,discovery,easy,science,easy__malfunctioning_always_fail__hostile,factorial,malfunctioning_always_fail,hostile,recovery,cc83f867a5ea019bed72675531fde8a9db701bc2fd43940f3532bbcdd3d0b444,24.3125,,0.0,,0.0,,0,false,0.07271522474544714,0.6917121606197355,4.544879446174173e-05,,0.022727272727272728,167,-0.17733990147783252,,0.0,0.0,true,true,B,10,10,true,3
phase_1,phase1-qwen2.5-7b-2026-08-17,empirical,Qwen/Qwen2.5-7B-Instruct,a09a35458c702b33eeacc393d103063234e8bc28,DGS-018,discovery,easy,science,easy__malfunctioning_always_fail__neutral,factorial,malfunctioning_always_fail,neutral,measured,8d2bbc4633cf3a9389888ae8e2fc4ef66e6d5c29d422b83a7591c16895c84784,27.25,,0.0,,0.0,,0,false,0.0007431495118210351,0.006899978061145247,1.7774564561853983e-08,,0.048484848484848485,203,0.0,,0.0,0.0,true,true,B,10,10,true,3
phase_1,phase1-qwen2.5-7b-2026-08-17,empirical,Qwen/Qwen2.5-7B-Instruct,a09a35458c702b33eeacc393d103063234e8bc28,DGS-018,discovery,easy,science,easy__malfunctioning_always_fail__neutral,factorial,malfunctioning_always_fail,neutral,recovery,a456f0cc0531e12f5d08bdf47cc3549879e49762636d65219437fb0abc9d0c81,18.875,,0.0,,0.0,,0,false,0.04222325576941638,0.40982251212895665,5.417945915142962e-05,,0.2786885245901639,297,0.4630541871921182,,0.0,0.4048582995951417,true,true,B,10,10,true,3
phase_1,phase1-qwen2.5-7b-2026-08-17,empirical,Qwen/Qwen2.5-7B-Instruct,a09a35458c702b33eeacc393d103063234e8bc28,DGS-020,discovery,easy,science,easy__accurate__hostile,factorial,accurate,hostile,measured,c971bfe16633adbe55fa0bc1553c812aaca76a9c474b9c77a7956305a776005e,,m1_candidate_absent_D,0.0,,0.0,,0,false,0.008672390938725667,0.0803318226531513,1.94110877688797e-06,,0.028409090909090908,230,-0.07630522088353414,,0.0,0.0,true,true,A,10,10,,3
phase_1,phase1-qwen2.5-7b-2026-08-17,empirical,Qwen/Qwen2.5-7B-Instruct,a09a35458c702b33eeacc393d103063234e8bc28,DGS-020,discovery,easy,science,easy__accurate__hostile,factorial,accurate,hostile,onset,3a3faeb7b0c0796343a2c2c31206aeff5b2ce40ae6691d4946e2b4e758716e79,20.375,,0.0,,0.0,,0,false,0.021056267346107903,0.18726301629323155,1.910795119362275e-06,,0.028409090909090908,230,-0.07630522088353414,,0.0,0.0,true,true,A,10,10,,3
phase_1,phase1-qwen2.5-7b-2026-08-17,empirical,Qwen/Qwen2.5-7B-Instruct,a09a35458c702b33eeacc393d103063234e8bc28,DGS-020,discovery,easy,science,easy__accurate__hostile,factorial,accurate,hostile,onset_washout,22c8282a674899422033ac155794a8c808a9bd19a968e5a767eaaf3f9fcac724,25.125,,0.0,,,m3_zero_visible_reasoning_tokens,0,false,0.04875063566574194,0.14625189687718185,7.048793645066571e-08,,0.0,3,-0.9879518072289156,,0.0,0.0,true,true,A,10,10,,3
phase_1,phase1-qwen2.5-7b-2026-08-17,empirical,Qwen/Qwen2.5-7B-Instruct,a09a35458c702b33eeacc393d103063234e8bc28,DGS-020,discovery,easy,science,easy__accurate__neutral,factorial,accurate,neutral,measured,0cda30f24571f7de0f756f923eac114656c110e60bd335a279d439f31d5a83aa,23.625,,0.0,,0.0,,0,false,0.0075301578869282435,0.07264002250547506,1.9404617927895573e-06,,0.03076923076923077,249,0.0,,0.0,0.5050505050505051,true,true,A,10,10,,3
phase_1,phase1-qwen2.5-7b-2026-08-17,empirical,Qwen/Qwen2.5-7B-Instruct,a09a35458c702b33eeacc393d103063234e8bc28,DGS-020,discovery,easy,science,easy__accurate__neutral,factorial,accurate,neutral,onset,088f4813a78364c7b2c2960fbb172d71821e161cadef8c535bd7f015daf26f1a,13.00000023842199,,0.0,,0.0,,0,false,0.0194915916263938,0.1750738842628646,1.8772713249700498e-06,,0.03076923076923077,249,0.0,,0.0,0.5050505050505051,true,true,A,10,10,,3
phase_1,phase1-qwen2.5-7b-2026-08-17,empirical,Qwen/Qwen2.5-7B-Instruct,a09a35458c702b33eeacc393d103063234e8bc28,DGS-020,discovery,easy,science,easy__accurate__neutral,factorial,accurate,neutral,onset_washout,1ceab40e5e4fdcf4099bcdf6044e85da6abe1cb556d7e0181b8cab249f1f45a7,24.375,,0.0,,,m3_zero_visible_reasoning_tokens,0,false,0.000769859968516104,0.002309572543202055,7.74190482092744e-09,,0.0,3,-0.9879518072289156,,0.0,0.0,true,true,A,10,10,,3
phase_1,phase1-qwen2.5-7b-2026-08-17,empirical,Qwen/Qwen2.5-7B-Instruct,a09a35458c702b33eeacc393d103063234e8bc28,DGS-020,discovery,easy,science,easy__malfunctioning_always_fail__hostile,factorial,malfunctioning_always_fail,hostile,measured,c56ad56b8579808d2711701dc39407493391438f200b4aede9452c275c1a3f9c,25.5,,0.0,,0.0,,0,false,0.06578794110522472,0.5285369242127499,7.627216139647095e-06,,0.031578947368421054,243,-0.024096385542168676,,0.0,0.5181347150259067,true,true,A,10,10,true,3
phase_1,phase1-qwen2.5-7b-2026-08-17,empirical,Qwen/Qwen2.5-7B-Instruct,a09a35458c702b33eeacc393d103063234e8bc28,DGS-020,discovery,easy,science,easy__malfunctioning_always_fail__hostile,factorial,malfunctioning_always_fail,hostile,recovery,e6aebf32f517bf099321e94fe18e159123fa2c88d593dd8c7a60fd2c4e9ca4d6,12.374999523171937,,0.0,,,m3_zero_visible_reasoning_tokens,0,false,0.5283979929803894,1.5851361153171593,0.00010011928828279615,,0.0,3,-0.9879518072289156,,0.0,0.0,true,true,A,10,10,true,3
phase_1,phase1-qwen2.5-7b-2026-08-17,empirical,Qwen/Qwen2.5-7B-Instruct,a09a35458c702b33eeacc393d103063234e8bc28,DGS-020,discovery,easy,science,easy__malfunctioning_always_fail__neutral,factorial,malfunctioning_always_fail,neutral,measured,d424688ab7734cb15f03f33d6d5263e4441abd2baef6208c03985da420299f56,24.375,,0.0,,0.0,,0,false,0.011600385097785323,0.10467898556557458,2.736301449494857e-06,,0.023391812865497075,223,-0.10441767068273092,,0.0,0.5747126436781609,true,true,A,10,10,true,3
phase_1,phase1-qwen2.5-7b-2026-08-17,empirical,Qwen/Qwen2.5-7B-Instruct,a09a35458c702b33eeacc393d103063234e8bc28,DGS-020,discovery,easy,science,easy__malfunctioning_always_fail__neutral,factorial,malfunctioning_always_fail,neutral,recovery,bfab672af29cd845e535f599c63be1b3b743ac12d276acfb7467f2372786ee94,20.5,,0.0,,0.0,,0,false,0.015074948362778454,0.14047756521578472,1.154520860639993e-06,,0.022727272727272728,228,-0.08433734939759036,,0.0,0.5586592178770949,true,true,A,10,10,true,3
phase_1,phase1-qwen2.5-7b-2026-08-17,empirical,Qwen/Qwen2.5-7B-Instruct,a09a35458c702b33eeacc393d103063234e8bc28,DGS-022,discovery,hard,science,hard__accurate__hostile,factorial,accurate,hostile,measured,2149aa0ca8692600f7ac704d4dbc8292553cb4f5c61baefb80c8de1513125869,18.499999880790718,,,m2_invalid_final_answer_all_ten_required,0.0,,0,false,0.020381662722710258,0.20038510498823078,6.261821387106362e-06,,0.06417112299465241,512,0.0,,0.0,0.0,true,true,D,10,7,,3
phase_1,phase1-qwen2.5-7b-2026-08-17,empirical,Qwen/Qwen2.5-7B-Instruct,a09a35458c702b33eeacc393d103063234e8bc28,DGS-022,discovery,hard,science,hard__accurate__hostile,factorial,accurate,hostile,onset,c1fc26b9c91918d9dbd35016f52a7e620aa1bd984f38cd60b347fbd3ba20eedf,,m1_invalid_final_answer,,m2_invalid_final_answer_all_ten_required,0.0,,0,false,0.010060414863097637,0.09891244121016984,1.459617038735957e-06,,0.0625,512,0.0,,0.0,0.0,false,,,10,5,,3
phase_1,phase1-qwen2.5-7b-2026-08-17,empirical,Qwen/Qwen2.5-7B-Instruct,a09a35458c702b33eeacc393d103063234e8bc28,DGS-022,discovery,hard,science,hard__accurate__hostile,factorial,accurate,hostile,onset_washout,ad06f0ce7f77a9455f9bfb6e833802cc4c01f605e05895769105caa3f6b69b99,15.624999880790718,,,m2_invalid_final_answer_all_ten_required,,m3_zero_visible_reasoning_tokens,0,false,0.010316405975561584,0.030944718598443523,3.4687583507775344e-06,,0.0,3,-0.994140625,,0.0,0.0,true,true,D,10,7,,3
phase_1,phase1-qwen2.5-7b-2026-08-17,empirical,Qwen/Qwen2.5-7B-Instruct,a09a35458c702b33eeacc393d103063234e8bc28,DGS-022,discovery,hard,science,hard__accurate__neutral,factorial,accurate,neutral,measured,592b5a6b3effd8b65b27710514da6a34566792e7051ba8d0bbb6a41601a74b2c,,m1_invalid_final_answer,,m2_invalid_final_answer_all_ten_required,0.0,,0,false,0.0009628315712415441,0.00944664113337905,1.4359335220219885e-08,,0.11594202898550725,512,0.0,,0.0,0.0,false,,,10,4,,3
phase_1,phase1-qwen2.5-7b-2026-08-17,empirical,Qwen/Qwen2.5-7B-Instruct,a09a35458c702b33eeacc393d103063234e8bc28,DGS-022,discovery,hard,science,hard__accurate__neutral,factorial,accurate,neutral,onset,738c0b570b8f327b14742a5e9857b0f53064ac3fd8e160d81f96e082b5e313d3,,m1_invalid_final_answer,,m2_invalid_final_answer_all_ten_required,0.0,,0,false,0.0016719417570010614,0.016351584731957344,1.4920203869270288e-08,,0.11594202898550725,512,0.0,,0.0,0.0,false,,,10,4,,3
phase_1,phase1-qwen2.5-7b-2026-08-17,empirical,Qwen/Qwen2.5-7B-Instruct,a09a35458c702b33eeacc393d103063234e8bc28,DGS-022,discovery,hard,science,hard__accurate__neutral,factorial,accurate,neutral,onset_washout,37e1c8bf0559b0f27f3d345e2a62bb9adce8ad963c822edbbd2c9bfddcf64782,,m1_invalid_final_answer,,m2_invalid_final_answer_all_ten_required,0.0,,0,false,0.0031060172817286686,0.030551283052808107,2.490581941327983e-07,,0.11594202898550725,512,0.0,,0.0,0.0,false,,,10,4,,3
phase_1,phase1-qwen2.5-7b-2026-08-17,empirical,Qwen/Qwen2.5-7B-Instruct,a09a35458c702b33eeacc393d103063234e8bc28,DGS-022,discovery,hard,science,hard__malfunctioning_always_fail__hostile,factorial,malfunctioning_always_fail,hostile,measured,da0c2cd5ff3d33a225f743baa5f03854619c8dbf19b446a6879f484941f524da,18.499999880790718,,,m2_invalid_final_answer_all_ten_required,0.0,,0,false,0.020343577814537744,0.19999806182281096,6.324766705448738e-06,,0.06417112299465241,512,0.0,,0.0,0.0,true,true,D,10,9,false,3
phase_1,phase1-qwen2.5-7b-2026-08-17,empirical,Qwen/Qwen2.5-7B-Instruct,a09a35458c702b33eeacc393d103063234e8bc28,DGS-022,discovery,hard,science,hard__malfunctioning_always_fail__hostile,factorial,malfunctioning_always_fail,hostile,recovery,4d82e3506ec09b8e4616c3ce2ccc0605668ad3908c381607b19c336ec2643257,,m1_invalid_final_answer,,m2_invalid_final_answer_all_ten_required,0.0,,0,false,0.015535068468104679,0.15291549095434048,1.9237640974298885e-06,,0.06417112299465241,512,0.0,,0.0,0.0,false,,,10,8,false,3
phase_1,phase1-qwen2.5-7b-2026-08-17,empirical,Qwen/Qwen2.5-7B-Instruct,a09a35458c702b33eeacc393d103063234e8bc28,DGS-022,discovery,hard,science,hard__malfunctioning_always_fail__neutral,factorial,malfunctioning_always_fail,neutral,measured,dc4e5659ce8f3997c29fc3c55c10b4f6cf68a14ee2858025a6e7648d6cb77611,,m1_invalid_final_answer,,m2_invalid_final_answer_all_ten_required,0.0,,0,false,0.001018145763573095,0.009991230308005267,1.4606327172067557e-08,,0.11594202898550725,512,0.0,,0.0,0.0,false,,,10,8,false,3
phase_1,phase1-qwen2.5-7b-2026-08-17,empirical,Qwen/Qwen2.5-7B-Instruct,a09a35458c702b33eeacc393d103063234e8bc28,DGS-022,discovery,hard,science,hard__malfunctioning_always_fail__neutral,factorial,malfunctioning_always_fail,neutral,recovery,0210763dfdea84b721cc16fdfcd61b3bd159e402ac472d21972f24e7cbe3813b,,m1_invalid_final_answer,,m2_invalid_final_answer_all_ten_required,0.0,,0,false,0.006987946784943735,0.06878101811578488,6.652860834544709e-06,,0.11764705882352941,512,0.0,,0.0,0.0,false,,,10,7,false,3
phase_1,phase1-qwen2.5-7b-2026-08-17,empirical,Qwen/Qwen2.5-7B-Instruct,a09a35458c702b33eeacc393d103063234e8bc28,DGS-023,discovery,hard,science,hard__accurate__hostile,factorial,accurate,hostile,measured,5ef2352410d8085d322693a935fdf75699d08f79634424d0de82cf54bbcc42a7,,m1_invalid_final_answer,0.6,,0.0,,0,false,0.02987170724729199,0.25970008341856793,5.653093555409725e-06,,0.12337662337662338,512,0.22195704057279236,,0.0,0.0,false,,,10,10,,3
phase_1,phase1-qwen2.5-7b-2026-08-17,empirical,Qwen/Qwen2.5-7B-Instruct,a09a35458c702b33eeacc393d103063234e8bc28,DGS-023,discovery,hard,science,hard__accurate__hostile,factorial,accurate,hostile,onset,a12732597f320aa3a97c829c739a8959a01742dca877fee41839798f89dbc5d1,,m1_invalid_final_answer,,m2_invalid_final_answer_all_ten_required,0.0,,0,false,0.07521427248621639,0.6489170759580283,2.107924063589556e-05,,0.10309278350515463,512,0.22195704057279236,,0.0,0.0,false,,,10,8,,3
phase_1,phase1-qwen2.5-7b-2026-08-17,empirical,Qwen/Qwen2.5-7B-Instruct,a09a35458c702b33eeacc393d103063234e8bc28,DGS-023,discovery,hard,science,hard__accurate__hostile,factorial,accurate,hostile,onset_washout,53849adb4d8160693e969210974ebf5be1b89ffcfbafae2a025e5712a6855d6c,,m1_invalid_final_answer,,m2_invalid_final_answer_all_ten_required,0.0,,0,false,0.020817256952101224,0.1894589580985127,2.1034722925809563e-06,,0.10416666666666667,512,0.22195704057279236,,0.0,0.0,false,,,10,9,,3
phase_1,phase1-qwen2.5-7b-2026-08-17,empirical,Qwen/Qwen2.5-7B-Instruct,a09a35458c702b33eeacc393d103063234e8bc28,DGS-023,discovery,hard,science,hard__accurate__neutral,factorial,accurate,neutral,measured,0f83fb7e2102c4929684847e2e0857d12456bfd034ecff9e2b1fbb4159c010a0,16.49999976158145,,,m2_invalid_final_answer_all_ten_required,0.0,,0,false,0.004216113517863965,0.040694664015193165,2.273581761002403e-07,,0.09333333333333334,419,0.0,,0.0,0.33003300330033003,true,true,C,10,8,,3
phase_1,phase1-qwen2.5-7b-2026-08-17,empirical,Qwen/Qwen2.5-7B-Instruct,a09a35458c702b33eeacc393d103063234e8bc28,DGS-023,discovery,hard,science,hard__accurate__neutral,factorial,accurate,neutral,onset,d09e37259541d1370d4083c8d7f7184b6f6758b838f122876433a675f8186ad3,11.124999761732397,,,m2_invalid_final_answer_all_ten_required,0.0,,0,false,0.009233965611827467,0.08193594101047919,4.400579028246593e-07,,0.09333333333333334,419,0.0,,0.0,0.33003300330033003,true,true,C,10,8,,3
phase_1,phase1-qwen2.5-7b-2026-08-17,empirical,Qwen/Qwen2.5-7B-Instruct,a09a35458c702b33eeacc393d103063234e8bc28,DGS-023,discovery,hard,science,hard__accurate__neutral,factorial,accurate,neutral,onset_washout,d371258c69844fa341a130846cf4e5a6fc13c0b2b2e385c29fd686f20887bd10,14.124999761582103,,,m2_invalid_final_answer_all_ten_required,0.0,,0,false,0.00514778758257185,0.050673427521888845,4.2287701487525074e-07,,0.0811965811965812,337,-0.1957040572792363,,0.0,0.0,true,true,C,10,7,,3
phase_1,phase1-qwen2.5-7b-2026-08-17,empirical,Qwen/Qwen2.5-7B-Instruct,a09a35458c702b33eeacc393d103063234e8bc28,DGS-023,discovery,hard,science,hard__malfunctioning_always_fail__hostile,factorial,malfunctioning_always_fail,hostile,measured,7a6be4800685a043a4c1ab3fcd14e5dbba129fe174ed4525b802774005bab9e4,-20.875,,,m2_invalid_final_answer_all_ten_required,0.0,,0,false,0.033877779783111475,0.3288075285421114,4.719766811809215e-06,,0.1201923076923077,414,-0.011933174224343675,,0.0,0.0,true,false,B,10,9,false,3
phase_1,phase1-qwen2.5-7b-2026-08-17,empirical,Qwen/Qwen2.5-7B-Instruct,a09a35458c702b33eeacc393d103063234e8bc28,DGS-023,discovery,hard,science,hard__malfunctioning_always_fail__hostile,factorial,malfunctioning_always_fail,hostile,recovery,09a18236415ed59e4093bc4d68eabe4a1d6cd8137c8d89e4ec41a50eeeda702c,-14.624999761583695,,,m2_invalid_final_answer_all_ten_required,0.0,,0,false,0.010239077527296808,0.09939818343946062,6.523191967537938e-07,,0.12195121951219512,411,-0.01909307875894988,,0.0,0.0,true,false,B,10,8,false,3
phase_1,phase1-qwen2.5-7b-2026-08-17,empirical,Qwen/Qwen2.5-7B-Instruct,a09a35458c702b33eeacc393d103063234e8bc28,DGS-023,discovery,hard,science,hard__malfunctioning_always_fail__neutral,factorial,malfunctioning_always_fail,neutral,measured,63e02ce08a3b4b1f61b59a3fefc4d48779920e4fdcbccde35dd49ac3b1637791,,m1_candidate_absent_A,,m2_invalid_final_answer_all_ten_required,0.0,,0,false,0.010144002742067051,0.09080638481573178,1.5294728927293446e-06,,0.12040133779264214,483,0.15274463007159905,,0.0,0.0,true,false,D,10,9,false,3
phase_1,phase1-qwen2.5-7b-2026-08-17,empirical,Qwen/Qwen2.5-7B-Instruct,a09a35458c702b33eeacc393d103063234e8bc28,DGS-023,discovery,hard,science,hard__malfunctioning_always_fail__neutral,factorial,malfunctioning_always_fail,neutral,recovery,2b160648ab1b2423da0a5ef50225c72fec0c75fa11a36c6f04ff3bcca6768fa1,-11.999999523195584,,,m2_invalid_final_answer_all_ten_required,0.0,,0,false,0.009286627523247692,0.08305266119435038,3.2549828592665222e-06,,0.12040133779264214,483,0.15274463007159905,,0.0,0.0,true,false,D,10,8,false,3
phase_1,phase1-qwen2.5-7b-2026-08-17,empirical,Qwen/Qwen2.5-7B-Instruct,a09a35458c702b33eeacc393d103063234e8bc28,DGS-026,discovery,easy,language,easy__accurate__hostile,factorial,accurate,hostile,measured,a80e9ad0d3cf91fe2801f38a428111656521b15c7f58abd879d4131b6fbd729e,,m1_candidate_absent_A,0.0,,0.0,,0,false,0.005891308262539342,0.055124128619703915,1.3019671603288408e-07,,0.04132231404958678,161,0.0,,0.0,0.0,true,true,B,10,10,,3
phase_1,phase1-qwen2.5-7b-2026-08-17,empirical,Qwen/Qwen2.5-7B-Instruct,a09a35458c702b33eeacc393d103063234e8bc28,DGS-026,discovery,easy,language,easy__accurate__hostile,factorial,accurate,hostile,onset,023beeca9cd95cb8e58348afca84fb2c473b5c27d7b9b9cebcc1b2d62a274942,,m1_candidate_absent_C,0.0,,0.0,,0,false,0.08796717598545456,0.6823340671608759,6.3736096908622826e-06,,0.021739130434782608,123,-0.2360248447204969,,0.0,0.0,true,true,B,10,10,,3
phase_1,phase1-qwen2.5-7b-2026-08-17,empirical,Qwen/Qwen2.5-7B-Instruct,a09a35458c702b33eeacc393d103063234e8bc28,DGS-026,discovery,easy,language,easy__accurate__hostile,factorial,accurate,hostile,onset_washout,35c1f0dca5131a37841d52250859250c7fab04f1ed16549daa43d3c14385156f,23.9375,,0.0,,0.0,,0,false,0.0005322253304103602,0.004978460020190344,7.106711143652932e-09,,0.04132231404958678,161,0.0,,0.0,0.0,true,true,B,10,10,,3
phase_1,phase1-qwen2.5-7b-2026-08-17,empirical,Qwen/Qwen2.5-7B-Instruct,a09a35458c702b33eeacc393d103063234e8bc28,DGS-026,discovery,easy,language,easy__accurate__neutral,factorial,accurate,neutral,measured,67da42a4ccaf24775f9b5b893d68e5f02727e45c8510c7281229a355eb20930d,,m1_candidate_absent_A,0.0,,0.0,,0,false,0.0016952820659526184,0.015576175676101974,4.262207739611101e-08,,0.04132231404958678,161,0.0,,0.0,0.0,true,true,B,10,10,,3
phase_1,phase1-qwen2.5-7b-2026-08-17,empirical,Qwen/Qwen2.5-7B-Instruct,a09a35458c702b33eeacc393d103063234e8bc28,DGS-026,discovery,easy,language,easy__accurate__neutral,factorial,accurate,neutral,onset,78c6af478f79dfa3ec6a31db0a778919ef1f9b13c89431185370a748d8969267,21.125,,0.0,,0.0,,0,false,0.0025576892212436047,0.022716873071075828,7.179526624833818e-08,,0.04132231404958678,161,0.0,,0.0,0.0,true,true,B,10,10,,3
phase_1,phase1-qwen2.5-7b-2026-08-17,empirical,Qwen/Qwen2.5-7B-Instruct,a09a35458c702b33eeacc393d103063234e8bc28,DGS-026,discovery,easy,language,easy__accurate__neutral,factorial,accurate,neutral,onset_washout,5ec013b526232c55a969f88f6be6f8f05f7fb9d0b54eada72fe6307f2d06997e,23.375,,0.0,,0.0,,0,false,0.0005234994320062061,0.004877446771182968,6.197989233648468e-09,,0.04132231404958678,161,0.0,,0.0,0.0,true,true,B,10,10,,3
phase_1,phase1-qwen2.5-7b-2026-08-17,empirical,Qwen/Qwen2.5-7B-Instruct,a09a35458c702b33eeacc393d103063234e8bc28,DGS-026,discovery,easy,language,easy__malfunctioning_always_fail__hostile,factorial,malfunctioning_always_fail,hostile,measured,da5ac20742a126ff54d0105bfff9ccf09112cf688d586d24172555f58ca3cec7,,m1_candidate_absent_A,0.0,,0.0,,0,false,0.05288957041918944,0.4534067000595533,2.3290116667570753e-06,,0.05084745762711865,154,-0.043478260869565216,,0.0,0.0,true,true,B,10,10,true,3
phase_1,phase1-qwen2.5-7b-2026-08-17,empirical,Qwen/Qwen2.5-7B-Instruct,a09a35458c702b33eeacc393d103063234e8bc28,DGS-026,discovery,easy,language,easy__malfunctioning_always_fail__hostile,factorial,malfunctioning_always_fail,hostile,recovery,3b5663e90bba740424111794239e0dbea6a1b1d6a366bc5e4f4e2c6bf87cee7f,22.9375,,0.0,,0.0,,0,false,0.08893106281862477,0.748311364611301,0.00015516078091177432,,0.06930693069306931,133,-0.17391304347826086,,0.0,0.0,true,true,B,10,10,true,3
phase_1,phase1-qwen2.5-7b-2026-08-17,empirical,Qwen/Qwen2.5-7B-Instruct,a09a35458c702b33eeacc393d103063234e8bc28,DGS-026,discovery,easy,language,easy__malfunctioning_always_fail__neutral,factorial,malfunctioning_always_fail,neutral,measured,7320aad13630ba8549acd8ec4095473f7e65eba033d176639226fd00dbb77f99,,m1_candidate_absent_C,0.0,,0.0,,0,false,0.0014875575386162675,0.01436603183272512,5.1739177861498395e-08,,0.025,160,-0.006211180124223602,,0.0,0.0,true,true,B,10,10,true,3
phase_1,phase1-qwen2.5-7b-2026-08-17,empirical,Qwen/Qwen2.5-7B-Instruct,a09a35458c702b33eeacc393d103063234e8bc28,DGS-026,discovery,easy,language,easy__malfunctioning_always_fail__neutral,factorial,malfunctioning_always_fail,neutral,recovery,cf3653926b878eb8c56d2d8feafb7af6bc87691a78d16cbb48bda00d577acdde,15.62499976158145,,0.0,,0.0,,0,false,0.005953740586105366,0.05883808641331141,1.633043205282597e-06,,0.025,160,-0.006211180124223602,,0.0,0.0,true,true,B,10,10,true,3
phase_1,phase1-qwen2.5-7b-2026-08-17,empirical,Qwen/Qwen2.5-7B-Instruct,a09a35458c702b33eeacc393d103063234e8bc28,DGS-028,discovery,easy,language,easy__accurate__hostile,factorial,accurate,hostile,measured,7ed95f5ba1089c040ceeaa195104d3418c10fe2d86075271c2437a009d41f462,,m1_candidate_absent_C,0.0,,0.0,,0,false,0.1099941267259896,0.7899058890211288,2.913840619660432e-05,,0.02040816326530612,76,0.11764705882352941,,0.0,0.0,true,true,A,10,10,,3
phase_1,phase1-qwen2.5-7b-2026-08-17,empirical,Qwen/Qwen2.5-7B-Instruct,a09a35458c702b33eeacc393d103063234e8bc28,DGS-028,discovery,easy,language,easy__accurate__hostile,factorial,accurate,hostile,onset,cf68a7e45eb8c6db3cc5c7fbda23e01b3f8ef90de1ea44e4d1f1ba26cc30fcdd,24.3125,,0.0,,0.0,,0,false,0.2109999369931837,1.2503451033445367,0.00012558299246740457,,0.0,80,0.17647058823529413,,0.0,0.0,true,true,A,10,10,,3
phase_1,phase1-qwen2.5-7b-2026-08-17,empirical,Qwen/Qwen2.5-7B-Instruct,a09a35458c702b33eeacc393d103063234e8bc28,DGS-028,discovery,easy,language,easy__accurate__hostile,factorial,accurate,hostile,onset_washout,3a47e9cd6f5c0899df577d470815925fa2789ff7fa2d9383e609d3da20186215,,m1_candidate_absent_C,0.0,,0.0,,0,false,0.082612900316511,0.5132380414467032,3.481481063227236e-08,,0.0,21,-0.6911764705882353,,0.0,0.0,true,true,A,10,10,,3
phase_1,phase1-qwen2.5-7b-2026-08-17,empirical,Qwen/Qwen2.5-7B-Instruct,a09a35458c702b33eeacc393d103063234e8bc28,DGS-028,discovery,easy,language,easy__accurate__neutral,factorial,accurate,neutral,measured,5da7102740b121cad277cb7dcbf0f04c51cc718e1a0feec8f8e3f97060ab520a,25.125,,0.0,,0.0,,0,false,0.25411564937451203,1.293800022611167,0.0003844965989286751,,0.07142857142857142,68,0.0,,0.0,0.0,true,true,A,10,10,,3
phase_1,phase1-qwen2.5-7b-2026-08-17,empirical,Qwen/Qwen2.5-7B-Instruct,a09a35458c702b33eeacc393d103063234e8bc28,DGS-028,discovery,easy,language,easy__accurate__neutral,factorial,accurate,neutral,onset,948f63352f61ff3bf0f5b9f0524c3b400de35bb14b6ffaeca6dfc2f4d168d134,24.75,,0.0,,0.0,,0,false,0.07469490525688906,0.5687200585150628,4.0001044637688686e-05,,0.0,71,0.04411764705882353,,0.0,0.0,true,true,A,10,10,,3
phase_1,phase1-qwen2.5-7b-2026-08-17,empirical,Qwen/Qwen2.5-7B-Instruct,a09a35458c702b33eeacc393d103063234e8bc28,DGS-028,discovery,easy,language,easy__accurate__neutral,factorial,accurate,neutral,onset_washout,24cc09b8c9ecf48ab548204f0095211302376d95f7c2dd6263c10b6b04456afa,26.25,,0.0,,0.0,,0,false,0.09145026208395307,0.5883845525404668,3.503132533632156e-07,,0.0,21,-0.6911764705882353,,0.0,0.0,true,true,A,10,10,,3
phase_1,phase1-qwen2.5-7b-2026-08-17,empirical,Qwen/Qwen2.5-7B-Instruct,a09a35458c702b33eeacc393d103063234e8bc28,DGS-028,discovery,easy,language,easy__malfunctioning_always_fail__hostile,factorial,malfunctioning_always_fail,hostile,measured,e54fd51b828fa95556820a2ae9e42caa37b1bdad7ed43c7dccbb9e21c974a0d1,24.625,,0.0,,0.0,,0,false,0.059546937351375236,0.48222601866115117,6.712348675191089e-06,,0.0,70,0.029411764705882353,,0.0,0.0,true,true,A,10,10,true,3
phase_1,phase1-qwen2.5-7b-2026-08-17,empirical,Qwen/Qwen2.5-7B-Instruct,a09a35458c702b33eeacc393d103063234e8bc28,DGS-028,discovery,easy,language,easy__malfunctioning_always_fail__hostile,factorial,malfunctioning_always_fail,hostile,recovery,dc4a72bcd7da2543996571cca2e4b233c1549f32c1bb10e22f2acecc8d5adb21,24.375,,0.0,,0.0,,0,false,0.05984754241617839,0.542094525402509,3.721694933639059e-07,,0.07317073170731707,68,0.0,,0.0,0.0,true,true,A,10,10,true,3
phase_1,phase1-qwen2.5-7b-2026-08-17,empirical,Qwen/Qwen2.5-7B-Instruct,a09a35458c702b33eeacc393d103063234e8bc28,DGS-028,discovery,easy,language,easy__malfunctioning_always_fail__neutral,factorial,malfunctioning_always_fail,neutral,measured,0e63452c0f13a73a5ed27c7bda176baf23174554dd3d89c110743443593ac719,,m1_candidate_absent_C,0.0,,0.0,,0,false,0.26385766262938076,1.2930602596728753,0.00017092786036786172,,0.0,89,0.3088235294117647,,0.0,0.0,true,true,A,10,10,true,3
phase_1,phase1-qwen2.5-7b-2026-08-17,empirical,Qwen/Qwen2.5-7B-Instruct,a09a35458c702b33eeacc393d103063234e8bc28,DGS-028,discovery,easy,language,easy__malfunctioning_always_fail__neutral,factorial,malfunctioning_always_fail,neutral,recovery,0bc5a57ac1579850a41650e94a922f2eb7d1140514b7f18f192f88063e47072f,21.125,,0.0,,0.0,,0,false,0.023710354945750155,0.2353105351153566,6.560376850120145e-07,,0.0,90,0.3235294117647059,,0.0,0.0,true,true,A,10,10,true,3
phase_1,phase1-qwen2.5-7b-2026-08-17,empirical,Qwen/Qwen2.5-7B-Instruct,a09a35458c702b33eeacc393d103063234e8bc28,DGS-030,discovery,hard,language,hard__accurate__hostile,factorial,accurate,hostile,measured,720a6ba2fb1c6aeeeb39def405c8c84f19418481882e5ee6c16b6984ec97436f,,m1_candidate_absent_A,0.0,,0.0,,0,false,0.030580857050907715,0.2919508088283139,1.4432247364291488e-06,,0.07936507936507936,224,-0.0967741935483871,,0.0,0.0,true,true,C,10,10,,3
phase_1,phase1-qwen2.5-7b-2026-08-17,empirical,Qwen/Qwen2.5-7B-Instruct,a09a35458c702b33eeacc393d103063234e8bc28,DGS-030,discovery,hard,language,hard__accurate__hostile,factorial,accurate,hostile,onset,bb1cfbe758e795f30067d0393d96cf7847fd0258b22c430d6631029c6f72870d,22.375,,0.0,,0.0,,0,false,0.07915501861767486,0.6969577429330346,1.2373592848587255e-05,,0.08415841584158416,239,-0.036290322580645164,,0.0,0.0,true,true,C,10,10,,3
phase_1,phase1-qwen2.5-7b-2026-08-17,empirical,Qwen/Qwen2.5-7B-Instruct,a09a35458c702b33eeacc393d103063234e8bc28,DGS-030,discovery,hard,language,hard__accurate__hostile,factorial,accurate,hostile,onset_washout,2fb0ccbaafe2f6bf66509a12586f830e75caccaf4f1ed72d7f88b18022f4215b,24.125,,0.0,,0.0,,0,false,0.0035063353334043807,0.0336395180729612,3.6144360238730265e-08,,0.07936507936507936,223,-0.10080645161290322,,0.0,0.0,true,true,C,10,10,,3
phase_1,phase1-qwen2.5-7b-2026-08-17,empirical,Qwen/Qwen2.5-7B-Instruct,a09a35458c702b33eeacc393d103063234e8bc28,DGS-030,discovery,hard,language,hard__accurate__neutral,factorial,accurate,neutral,measured,8482e278b07a8ebf66a03ccf5144c50dd5e9f27f8f61d9a59599fa8ee8ab62d3,25.1875,,0.0,,0.0,,0,false,0.005877182773755346,0.05749121774850236,1.6145930110194624e-07,,0.1407766990291262,248,0.0,,0.0,0.0,true,true,C,10,10,,3
phase_1,phase1-qwen2.5-7b-2026-08-17,empirical,Qwen/Qwen2.5-7B-Instruct,a09a35458c702b33eeacc393d103063234e8bc28,DGS-030,discovery,hard,language,hard__accurate__neutral,factorial,accurate,neutral,onset,7416a00eb235df08397c3bcd85871a70e8f1f619e7ec2f038feb40e12d8a5331,20.25,,0.0,,0.0,,0,false,0.006928191312915678,0.06736991175612929,5.9121633094111876e-08,,0.1407766990291262,248,0.0,,0.0,0.0,true,true,C,10,10,,3
phase_1,phase1-qwen2.5-7b-2026-08-17,empirical,Qwen/Qwen2.5-7B-Instruct,a09a35458c702b33eeacc393d103063234e8bc28,DGS-030,discovery,hard,language,hard__accurate__neutral,factorial,accurate,neutral,onset_washout,29f3e64f96433861a4e840848c4fdfb0915b5e95aa3760f27d3f1ab6c8985979,22.375,,0.0,,0.0,,0,false,0.0008656887559284763,0.008284959588280192,9.723200877507293e-09,,0.1407766990291262,248,0.0,,0.0,0.0,true,true,C,10,10,,3
phase_1,phase1-qwen2.5-7b-2026-08-17,empirical,Qwen/Qwen2.5-7B-Instruct,a09a35458c702b33eeacc393d103063234e8bc28,DGS-030,discovery,hard,language,hard__malfunctioning_always_fail__hostile,factorial,malfunctioning_always_fail,hostile,measured,728304c3511d7ef8127b68be259c2072aefa957454786d42ed4a41175880c9bb,24.125,,0.0,,0.0,,0,false,0.004587583852748155,0.04406145987220618,8.187370501988842e-07,,0.12376237623762376,263,0.06048387096774194,,0.0,0.0,true,true,C,10,10,true,3
phase_1,phase1-qwen2.5-7b-2026-08-17,empirical,Qwen/Qwen2.5-7B-Instruct,a09a35458c702b33eeacc393d103063234e8bc28,DGS-030,discovery,hard,language,hard__malfunctioning_always_fail__hostile,factorial,malfunctioning_always_fail,hostile,recovery,44ff9325beef48407e9fc4314a9c63b797686b4b862d122ce2d043bd75a21465,14.625000238418806,,0.0,,0.0,,0,false,0.005391074970013975,0.05183934305752859,1.24835027914447e-06,,0.12376237623762376,263,0.06048387096774194,,0.0,0.0,true,true,C,10,10,true,3
phase_1,phase1-qwen2.5-7b-2026-08-17,empirical,Qwen/Qwen2.5-7B-Instruct,a09a35458c702b33eeacc393d103063234e8bc28,DGS-030,discovery,hard,language,hard__malfunctioning_always_fail__neutral,factorial,malfunctioning_always_fail,neutral,measured,b405d09fedbd9d7e24b29ffe428188cd25eab1bd9a16e586380e94372dbdd04b,24.6875,,0.0,,0.0,,0,false,0.014908224251898656,0.14238747572119934,3.3041916411971344e-07,,0.12345679012345678,196,-0.20967741935483872,,0.0,0.0,true,true,C,10,10,true,3
phase_1,phase1-qwen2.5-7b-2026-08-17,empirical,Qwen/Qwen2.5-7B-Instruct,a09a35458c702b33eeacc393d103063234e8bc28,DGS-030,discovery,hard,language,hard__malfunctioning_always_fail__neutral,factorial,malfunctioning_always_fail,neutral,recovery,025f9e31dddd02c626bf881145daa9420139ad733420ef18d765014920955d4c,-7.250000023224857,,0.0,,,m3_zero_visible_reasoning_tokens,0,false,0.20126665563181675,0.5977763440129319,2.902344368467998e-06,,0.0,3,-0.9879032258064516,,0.0,0.0,true,false,A,10,10,true,3
phase_1,phase1-qwen2.5-7b-2026-08-17,empirical,Qwen/Qwen2.5-7B-Instruct,a09a35458c702b33eeacc393d103063234e8bc28,DGS-032,discovery,hard,language,hard__accurate__hostile,factorial,accurate,hostile,measured,81909c14efc0b89143f60dd8a1662c13635ade07daf7fffe7e19a8de0a1ba8c2,-23.4375,,0.19999999999999996,,0.35842293906810035,,1,false,0.03041044060218873,0.28589530818787545,1.9198393558428575e-06,,0.14537444933920704,282,0.10588235294117647,,0.0,0.0,true,false,C,10,10,,3
phase_1,phase1-qwen2.5-7b-2026-08-17,empirical,Qwen/Qwen2.5-7B-Instruct,a09a35458c702b33eeacc393d103063234e8bc28,DGS-032,discovery,hard,language,hard__accurate__hostile,factorial,accurate,hostile,onset,a5dc6de13495a02f0a69466bbca70b2876edfc8d4d87395aa140ddd90e8650d3,,m1_candidate_absent_A,0.5,,0.0,,0,false,0.10330667063257513,0.7614110711201465,5.154904955523898e-05,,0.11333333333333333,191,-0.25098039215686274,,0.0,0.0,true,false,C,10,10,,3
phase_1,phase1-qwen2.5-7b-2026-08-17,empirical,Qwen/Qwen2.5-7B-Instruct,a09a35458c702b33eeacc393d103063234e8bc28,DGS-032,discovery,hard,language,hard__accurate__hostile,factorial,accurate,hostile,onset_washout,1974dec4b949532995ec89f46837846e03f351dc1647dc7ae21a6c4dfd941fed,-20.875,,,m2_invalid_final_answer_all_ten_required,0.0,,0,false,0.04430747350383759,0.4089355804704136,1.5033931792551566e-06,,0.12931034482758622,152,-0.403921568627451,,0.0,0.0,true,false,C,10,8,,3
phase_1,phase1-qwen2.5-7b-2026-08-17,empirical,Qwen/Qwen2.5-7B-Instruct,a09a35458c702b33eeacc393d103063234e8bc28,DGS-032,discovery,hard,language,hard__accurate__neutral,factorial,accurate,neutral,measured,6b75b8bb02cf28e7520c1b09c89e861e787fbee23c335607020963f93e614903,-22.5,,0.4,,0.0,,0,false,0.0028221969348099767,0.025064163416580704,2.5546879801020095e-07,,0.1407766990291262,255,0.0,,0.0,0.0,true,false,C,10,10,,3
phase_1,phase1-qwen2.5-7b-2026-08-17,empirical,Qwen/Qwen2.5-7B-Instruct,a09a35458c702b33eeacc393d103063234e8bc28,DGS-032,discovery,hard,language,hard__accurate__neutral,factorial,accurate,neutral,onset,d8b7d5d89f35d3afdeaac2418e0e9f4ce7e634877c76693504b1b628d2cc7f50,-21.5,,,m2_invalid_final_answer_all_ten_required,,m3_zero_visible_reasoning_tokens,0,false,7.561842810907154e-05,0.00022679320149223258,0.0,,0.0,3,-0.9882352941176471,,0.0,0.0,true,false,C,10,9,,3
phase_1,phase1-qwen2.5-7b-2026-08-17,empirical,Qwen/Qwen2.5-7B-Instruct,a09a35458c702b33eeacc393d103063234e8bc28,DGS-032,discovery,hard,language,hard__accurate__neutral,factorial,accurate,neutral,onset_washout,395ee4f590f86894e362c23d0245b3050251f45e8832e8e45d37eaa028b8fbc8,-16.749999880790718,,,m2_invalid_final_answer_all_ten_required,,m3_zero_visible_reasoning_tokens,0,false,8.483869405219431e-05,0.0002517240310194907,0.0,,0.0,3,-0.9882352941176471,,0.0,0.0,true,false,C,10,9,,3
phase_1,phase1-qwen2.5-7b-2026-08-17,empirical,Qwen/Qwen2.5-7B-Instruct,a09a35458c702b33eeacc393d103063234e8bc28,DGS-032,discovery,hard,language,hard__malfunctioning_always_fail__hostile,factorial,malfunctioning_always_fail,hostile,measured,9af729c5e81b1366ef0cda1e6d6da4b1935941aaaf8f10c57450d92cb3f9026e,,m1_candidate_absent_A,0.30000000000000004,,0.0,,0,false,0.04914394662544981,0.4643252086059361,3.2548126456565426e-06,,0.1326530612244898,240,-0.058823529411764705,,0.0,0.0,true,false,C,10,10,false,3
phase_1,phase1-qwen2.5-7b-2026-08-17,empirical,Qwen/Qwen2.5-7B-Instruct,a09a35458c702b33eeacc393d103063234e8bc28,DGS-032,discovery,hard,language,hard__malfunctioning_always_fail__hostile,factorial,malfunctioning_always_fail,hostile,recovery,b4f7268b9a248b5b67070fe843dfdd66cf00b928ff20841cab2395831bfb5230,-23.125,,0.0,,0.0,,0,false,0.004054654620071434,0.03940303858619792,1.2235961179188452e-07,,0.1326530612244898,239,-0.06274509803921569,,0.0,0.0,true,false,C,10,10,false,3
phase_1,phase1-qwen2.5-7b-2026-08-17,empirical,Qwen/Qwen2.5-7B-Instruct,a09a35458c702b33eeacc393d103063234e8bc28,DGS-032,discovery,hard,language,hard__malfunctioning_always_fail__neutral,factorial,malfunctioning_always_fail,neutral,measured,c3e758cadc559d1fe4a4ab7cba8d80911eec357480d0c5cfe76dd6c7abb99ed8,-22.5,,0.5,,0.0,,0,false,0.002727543974416063,0.024106505905810836,2.768199131849841e-07,,0.1407766990291262,255,0.0,,0.0,0.0,true,false,C,10,10,false,3
phase_1,phase1-qwen2.5-7b-2026-08-17,empirical,Qwen/Qwen2.5-7B-Instruct,a09a35458c702b33eeacc393d103063234e8bc28,DGS-032,discovery,hard,language,hard__malfunctioning_always_fail__neutral,factorial,malfunctioning_always_fail,neutral,recovery,01761dbc24e5f809375de9dee24a002cac2eff5990b595f0c40cebc94fa83ae1,-18.75,,,m2_invalid_final_answer_all_ten_required,,m3_zero_visible_reasoning_tokens,0,false,0.0018556234624905585,0.0055666388019655075,1.1179153787862125e-08,,0.0,3,-0.9882352941176471,,0.0,0.0,true,false,C,10,9,false,3
phase_1,phase1-qwen2.5-7b-2026-08-17,empirical,Qwen/Qwen2.5-7B-Instruct,a09a35458c702b33eeacc393d103063234e8bc28,DGS-034,discovery,easy,history,easy__accurate__hostile,factorial,accurate,hostile,measured,d9dfd736a70ed669806b9c1dd5597ce877612e6017a52cff30709a8c1daa5b34,,m1_candidate_absent_C,0.0,,0.0,,0,false,0.006448957489847544,0.06221892541687623,5.057773796553999e-07,,0.09482758620689655,165,0.04430379746835443,,0.0,0.0,true,true,A,10,10,,3
phase_1,phase1-qwen2.5-7b-2026-08-17,empirical,Qwen/Qwen2.5-7B-Instruct,a09a35458c702b33eeacc393d103063234e8bc28,DGS-034,discovery,easy,history,easy__accurate__hostile,factorial,accurate,hostile,onset,52dad3a36a2c11974cd6fcbb147a08543d78d91b052659addea3562f51b47860,,m1_candidate_absent_C,0.0,,0.0,,0,false,0.06081783077539531,0.5276124635703694,9.856786934127191e-06,,0.1,161,0.0189873417721519,,0.0,0.0,true,true,A,10,10,,3
phase_1,phase1-qwen2.5-7b-2026-08-17,empirical,Qwen/Qwen2.5-7B-Instruct,a09a35458c702b33eeacc393d103063234e8bc28,DGS-034,discovery,easy,history,easy__accurate__hostile,factorial,accurate,hostile,onset_washout,5c5a0f295dbdfe52f736494f01d272c46238388a2857ae04b2f700e949e35137,,m1_candidate_absent_C,0.0,,0.0,,0,false,5.701692844754759e-05,0.0005072014557416521,6.4828252893835444e-09,,0.09482758620689655,165,0.04430379746835443,,0.0,0.0,true,true,A,10,10,,3
phase_1,phase1-qwen2.5-7b-2026-08-17,empirical,Qwen/Qwen2.5-7B-Instruct,a09a35458c702b33eeacc393d103063234e8bc28,DGS-034,discovery,easy,history,easy__accurate__neutral,factorial,accurate,neutral,measured,f8b7379b327fe1411b87bb9e642a75d70558dc8b21258db9037f1bb8c72ef2e5,,m1_candidate_absent_C,0.0,,0.0,,0,false,0.009370126091522435,0.09185655996723212,1.8618480703252653e-06,,0.11926605504587157,158,0.0,,0.0,0.0,true,true,A,10,10,,3
phase_1,phase1-qwen2.5-7b-2026-08-17,empirical,Qwen/Qwen2.5-7B-Instruct,a09a35458c702b33eeacc393d103063234e8bc28,DGS-034,discovery,easy,history,easy__accurate__neutral,factorial,accurate,neutral,onset,930d30cfdaeac3eb14cbea0c8291a34e3fd52edb661db8cd7cdbc2e1ca3cc05e,15.874999880790718,,0.0,,0.0,,0,false,0.0014892369962869352,0.013379738444249951,1.1955239176760174e-07,,0.11926605504587157,158,0.0,,0.0,0.0,true,true,A,10,10,,3
phase_1,phase1-qwen2.5-7b-2026-08-17,empirical,Qwen/Qwen2.5-7B-Instruct,a09a35458c702b33eeacc393d103063234e8bc28,DGS-034,discovery,easy,history,easy__accurate__neutral,factorial,accurate,neutral,onset_washout,7c2353028a372040ff9309d7af1e0e3771d6e3c8fccf8c8547acb4df15ee1971,26.125,,0.0,,,m3_zero_visible_reasoning_tokens,0,false,0.19432195939550279,0.5829658685384811,2.1250788388253266e-08,,0.0,3,-0.9810126582278481,,0.0,0.0,true,true,A,10,10,,3
phase_1,phase1-qwen2.5-7b-2026-08-17,empirical,Qwen/Qwen2.5-7B-Instruct,a09a35458c702b33eeacc393d103063234e8bc28,DGS-034,discovery,easy,history,easy__malfunctioning_always_fail__hostile,factorial,malfunctioning_always_fail,hostile,measured,a3b1a7230cac036f60825bd2a7d2036ef10f3e9f5b49397f27644393c142ea20,,m1_candidate_absent_C,0.0,,0.0,,0,false,0.02342566471710756,0.22902091021745907,4.311651347432532e-06,,0.1111111111111111,148,-0.06329113924050633,,0.0,0.0,true,true,A,10,10,true,3
phase_1,phase1-qwen2.5-7b-2026-08-17,empirical,Qwen/Qwen2.5-7B-Instruct,a09a35458c702b33eeacc393d103063234e8bc28,DGS-034,discovery,easy,history,easy__malfunctioning_always_fail__hostile,factorial,malfunctioning_always_fail,hostile,recovery,8da2e1a78557ed1614c351540de73af68aef42af9c2c40b9ad0bce57eccd2d15,-17.75,,0.0,,0.0,,0,false,0.14310280627459585,0.9451819060310669,0.0001200637118704159,,0.13636363636363635,190,0.20253164556962025,,0.0,0.0,true,false,B,10,10,true,3
phase_1,phase1-qwen2.5-7b-2026-08-17,empirical,Qwen/Qwen2.5-7B-Instruct,a09a35458c702b33eeacc393d103063234e8bc28,DGS-034,discovery,easy,history,easy__malfunctioning_always_fail__neutral,factorial,malfunctioning_always_fail,neutral,measured,fa2e96aa45f8c6c5f39dce279b4877603b2b4e68539b399ea0da3ed6a19fd05d,,m1_candidate_absent_C,0.0,,0.0,,0,false,0.004741362711917074,0.04564321645943997,3.1893496179064174e-07,,0.09482758620689655,165,0.04430379746835443,,0.0,0.0,true,true,A,10,10,true,3
phase_1,phase1-qwen2.5-7b-2026-08-17,empirical,Qwen/Qwen2.5-7B-Instruct,a09a35458c702b33eeacc393d103063234e8bc28,DGS-034,discovery,easy,history,easy__malfunctioning_always_fail__neutral,factorial,malfunctioning_always_fail,neutral,recovery,bd48d28b9801ce455570f9d5dd49277a1d6313d2cc4662a72658d3d70f8f5a71,11.375000357700628,,0.19999999999999996,,0.0,,0,false,0.010333296217068586,0.09994468526548236,3.9127906906441273e-07,,0.09482758620689655,165,0.04430379746835443,,0.0,0.0,true,true,A,10,10,true,3
phase_1,phase1-qwen2.5-7b-2026-08-17,empirical,Qwen/Qwen2.5-7B-Instruct,a09a35458c702b33eeacc393d103063234e8bc28,DGS-035,discovery,easy,history,easy__accurate__hostile,factorial,accurate,hostile,measured,b7aa2a8d8a1822e6be680155bbb89f9d604c3df2ffc661b785d85e42cd9b88de,23.875,,0.0,,0.0,,0,false,0.0035091129823419465,0.03371628234179362,6.369271662130446e-07,,0.0,229,1.4623655913978495,,0.0,0.0,true,true,B,10,10,,3
phase_1,phase1-qwen2.5-7b-2026-08-17,empirical,Qwen/Qwen2.5-7B-Instruct,a09a35458c702b33eeacc393d103063234e8bc28,DGS-035,discovery,easy,history,easy__accurate__hostile,factorial,accurate,hostile,onset,caf7b0965893dfc362261e5043f46edb00cb3a93dd8d8ad3ecf123ca653f8ee0,21.3125,,0.0,,0.0,,0,false,0.0387518634003205,0.34767147926873837,2.6465260457160754e-05,,0.0,223,1.3978494623655915,,0.0,0.0,true,true,B,10,10,,3
phase_1,phase1-qwen2.5-7b-2026-08-17,empirical,Qwen/Qwen2.5-7B-Instruct,a09a35458c702b33eeacc393d103063234e8bc28,DGS-035,discovery,easy,history,easy__accurate__hostile,factorial,accurate,hostile,onset_washout,23d29eef222c507a183f1daf0aa58315275d80d15f187cabd7a456bf012fd817,23.5,,0.0,,0.0,,0,false,0.0035980737035322674,0.03572429208209613,5.614876933998223e-08,,0.0,229,1.4623655913978495,,0.0,0.0,true,true,B,10,10,,3
phase_1,phase1-qwen2.5-7b-2026-08-17,empirical,Qwen/Qwen2.5-7B-Instruct,a09a35458c702b33eeacc393d103063234e8bc28,DGS-035,discovery,easy,history,easy__accurate__neutral,factorial,accurate,neutral,measured,d7ed0b040d6ad71a17bd8a6fc70667f0db2fb841122b0d881e1375a1839895c1,24.875,,,m2_invalid_final_answer_all_ten_required,0.0,,0,false,0.09207625092880285,0.6265805037390059,1.3183418174377686e-05,,0.05263157894736842,93,0.0,,0.0,0.0,true,true,B,10,9,,3
phase_1,phase1-qwen2.5-7b-2026-08-17,empirical,Qwen/Qwen2.5-7B-Instruct,a09a35458c702b33eeacc393d103063234e8bc28,DGS-035,discovery,easy,history,easy__accurate__neutral,factorial,accurate,neutral,onset,03cb831c8ee81e94d1de2efdd1c3124f5d56608cd4f7f046e6057b259276d311,22.5,,,m2_invalid_final_answer_all_ten_required,0.0,,0,false,0.006342861298324183,0.06196310849456157,6.640787386163566e-07,,0.0,229,1.4623655913978495,,0.0,0.0,true,true,B,10,9,,3
phase_1,phase1-qwen2.5-7b-2026-08-17,empirical,Qwen/Qwen2.5-7B-Instruct,a09a35458c702b33eeacc393d103063234e8bc28,DGS-035,discovery,easy,history,easy__accurate__neutral,factorial,accurate,neutral,onset_washout,74e5ea5ebc2471f8d8bf7457139f224f4534a3bf13301c55ce552a62c99a5c56,23.125,,0.0,,,m3_zero_visible_reasoning_tokens,0,false,0.2098220415967106,0.6294661063619125,7.517295293653821e-08,,0.0,3,-0.967741935483871,,0.0,0.0,true,true,B,10,10,,3
phase_1,phase1-qwen2.5-7b-2026-08-17,empirical,Qwen/Qwen2.5-7B-Instruct,a09a35458c702b33eeacc393d103063234e8bc28,DGS-035,discovery,easy,history,easy__malfunctioning_always_fail__hostile,factorial,malfunctioning_always_fail,hostile,measured,2b9554820895ffb90ae85f81a21febde0c15deab7f45440112fb485fef4e8d9d,22.6875,,,m2_invalid_final_answer_all_ten_required,0.0,,0,false,0.022375111195373262,0.21975986886770682,2.0213763119546396e-05,,0.014084507042253521,316,2.3978494623655915,,0.0,0.0,true,true,B,10,9,true,3
phase_1,phase1-qwen2.5-7b-2026-08-17,empirical,Qwen/Qwen2.5-7B-Instruct,a09a35458c702b33eeacc393d103063234e8bc28,DGS-035,discovery,easy,history,easy__malfunctioning_always_fail__hostile,factorial,malfunctioning_always_fail,hostile,recovery,aaa47329388faa46d0ab25ebf06c24d3f8fbba2a4146d368723685014970584a,19.75,,0.09999999999999998,,0.0,,0,false,0.1197966757535937,0.7640700924857664,2.340294010319081e-05,,0.0,72,-0.22580645161290322,,0.0,0.0,true,true,B,10,10,true,3
phase_1,phase1-qwen2.5-7b-2026-08-17,empirical,Qwen/Qwen2.5-7B-Instruct,a09a35458c702b33eeacc393d103063234e8bc28,DGS-035,discovery,easy,history,easy__malfunctioning_always_fail__neutral,factorial,malfunctioning_always_fail,neutral,measured,064ee9285c08d97d8113a60802c2f78887fab0a5dabaeb9aa1a2ec1905470b28,24.0,,0.0,,0.0,,0,false,0.004753564299491208,0.04644340788958338,9.098440706746264e-08,,0.0,209,1.2473118279569892,,0.0,0.0,true,true,B,10,10,true,3
phase_1,phase1-qwen2.5-7b-2026-08-17,empirical,Qwen/Qwen2.5-7B-Instruct,a09a35458c702b33eeacc393d103063234e8bc28,DGS-035,discovery,easy,history,easy__malfunctioning_always_fail__neutral,factorial,malfunctioning_always_fail,neutral,recovery,74b154f3e0e60c5145ae94e35178b1760c63bd4dfaa9e95f355a96c9eb6c096b,20.75,,0.0,,0.0,,0,false,0.05312237981949697,0.5255644888345752,2.0230591482416818e-05,,0.0,208,1.2365591397849462,,0.0,0.0,true,true,B,10,10,true,3
phase_1,phase1-qwen2.5-7b-2026-08-17,empirical,Qwen/Qwen2.5-7B-Instruct,a09a35458c702b33eeacc393d103063234e8bc28,DGS-037,discovery,hard,history,hard__accurate__hostile,factorial,accurate,hostile,measured,1876689edb62527bbda385911763b70bf635575d583959d135acd6d2f66dfa56,,m1_candidate_absent_A,0.0,,0.0,,0,false,0.0041498931353060155,0.03909431869780811,3.780539864356447e-07,,0.0,176,0.029239766081871343,,0.0,0.0,true,true,D,10,10,,3
phase_1,phase1-qwen2.5-7b-2026-08-17,empirical,Qwen/Qwen2.5-7B-Instruct,a09a35458c702b33eeacc393d103063234e8bc28,DGS-037,discovery,hard,history,hard__accurate__hostile,factorial,accurate,hostile,onset,5ff282291bfe0b6fbcff1c6759223502c24c40aa18c6e5faf7aa7e2b7c952e50,23.25,,0.0,,0.0,,0,false,0.21837519040150638,1.135940438124573,0.00024820851413053776,,0.0,176,0.029239766081871343,,0.0,0.0,true,true,D,10,10,,3
phase_1,phase1-qwen2.5-7b-2026-08-17,empirical,Qwen/Qwen2.5-7B-Instruct,a09a35458c702b33eeacc393d103063234e8bc28,DGS-037,discovery,hard,history,hard__accurate__hostile,factorial,accurate,hostile,onset_washout,f53dcb634334cfccd6482e15009f7f273fb2bee74fbabd612b8baa78016848db,23.375,,0.0,,0.0,,0,false,0.004142403793781866,0.04022764344462089,7.852120444003367e-08,,0.0,176,0.029239766081871343,,0.0,0.0,true,true,D,10,10,,3
phase_1,phase1-qwen2.5-7b-2026-08-17,empirical,Qwen/Qwen2.5-7B-Instruct,a09a35458c702b33eeacc393d103063234e8bc28,DGS-037,discovery,hard,history,hard__accurate__neutral,factorial,accurate,neutral,measured,97cea5a242865189f46ce8f26441689a8b3b187d9238cba42a0589211c27e478,21.75,,0.0,,0.0,,0,false,0.005059837741251438,0.04683011125304129,2.5240154538674053e-07,,0.016129032258064516,171,0.0,,0.0,0.0,true,true,D,10,10,,3
phase_1,phase1-qwen2.5-7b-2026-08-17,empirical,Qwen/Qwen2.5-7B-Instruct,a09a35458c702b33eeacc393d103063234e8bc28,DGS-037,discovery,hard,history,hard__accurate__neutral,factorial,accurate,neutral,onset,d6acda670a3754af225e7491c712286d4327edf8a64528282276fba74e1567e1,15.25000035762804,,0.09999999999999998,,0.0,,0,false,0.004833210772073697,0.04312125815263605,5.552670386912285e-07,,0.016129032258064516,171,0.0,,0.0,0.0,true,true,D,10,10,,3
phase_1,phase1-qwen2.5-7b-2026-08-17,empirical,Qwen/Qwen2.5-7B-Instruct,a09a35458c702b33eeacc393d103063234e8bc28,DGS-037,discovery,hard,history,hard__accurate__neutral,factorial,accurate,neutral,onset_washout,72b9014d67e9dc085f9acc50ccf6980a1165141a9ede254310fdc9d29acf3f4f,22.25,,0.0,,,m3_zero_visible_reasoning_tokens,0,false,0.0001670272806603548,0.0005010367572527178,0.0,,0.0,3,-0.9824561403508771,,0.0,0.0,true,true,D,10,10,,3
phase_1,phase1-qwen2.5-7b-2026-08-17,empirical,Qwen/Qwen2.5-7B-Instruct,a09a35458c702b33eeacc393d103063234e8bc28,DGS-037,discovery,hard,history,hard__malfunctioning_always_fail__hostile,factorial,malfunctioning_always_fail,hostile,measured,507676fac019e9b56935d608e138bb5eb2cda63acec23cca33d2a1f6f353777b,21.875,,0.09999999999999998,,0.0,,0,false,0.052932542014596316,0.47981905287454596,2.5822198659786386e-05,,0.006666666666666667,223,0.30409356725146197,,0.0,0.0,true,true,D,10,10,true,3
phase_1,phase1-qwen2.5-7b-2026-08-17,empirical,Qwen/Qwen2.5-7B-Instruct,a09a35458c702b33eeacc393d103063234e8bc28,DGS-037,discovery,hard,history,hard__malfunctioning_always_fail__hostile,factorial,malfunctioning_always_fail,hostile,recovery,3189667b95fd87d0ac7cd69af0286ac7b2b06846acf9d2fa2754b4e438764b69,9.999999883359123,,,m2_invalid_final_answer_all_ten_required,0.0,,0,false,0.021733431179995655,0.2118009297969254,4.150649146466169e-05,,0.006578947368421052,227,0.32748538011695905,,0.0,0.0,true,true,D,10,9,true,3
phase_1,phase1-qwen2.5-7b-2026-08-17,empirical,Qwen/Qwen2.5-7B-Instruct,a09a35458c702b33eeacc393d103063234e8bc28,DGS-037,discovery,hard,history,hard__malfunctioning_always_fail__neutral,factorial,malfunctioning_always_fail,neutral,measured,3f8d3fc8dab7daa610e857a2338553463848ee2f87b712a8fa8f5081ba741f17,20.0,,0.0,,0.0,,0,false,0.008292712303092498,0.07922979867368965,5.507818778938009e-07,,0.0,178,0.04093567251461988,,0.0,0.0,true,true,D,10,10,true,3
phase_1,phase1-qwen2.5-7b-2026-08-17,empirical,Qwen/Qwen2.5-7B-Instruct,a09a35458c702b33eeacc393d103063234e8bc28,DGS-037,discovery,hard,history,hard__malfunctioning_always_fail__neutral,factorial,malfunctioning_always_fail,neutral,recovery,ca6fa1920ceaec64b37c44d737fa44c141a4d870be2bfa98e00b9c684393e2e6,12.750000119220203,,0.0,,0.0,,0,false,0.001349274170931408,0.012877215365059456,1.477000469894451e-07,,0.0,178,0.04093567251461988,,0.0,0.0,true,true,D,10,10,true,3
phase_1,phase1-qwen2.5-7b-2026-08-17,empirical,Qwen/Qwen2.5-7B-Instruct,a09a35458c702b33eeacc393d103063234e8bc28,DGS-038,discovery,hard,history,hard__accurate__hostile,factorial,accurate,hostile,measured,cd607d7989357925d99b07d46dc4d6c2b15c87a9496647dc5fc757ace09fdd25,,m1_candidate_absent_A,0.0,,0.0,,0,false,0.01835853523812929,0.1655263025022114,2.4119007685740683e-05,,0.0,188,0.0,,0.0,0.0,true,true,C,10,10,,3
phase_1,phase1-qwen2.5-7b-2026-08-17,empirical,Qwen/Qwen2.5-7B-Instruct,a09a35458c702b33eeacc393d103063234e8bc28,DGS-038,discovery,hard,history,hard__accurate__hostile,factorial,accurate,hostile,onset,b9e2c2175b23f905a521d0d948630ad375d751ad886e99bdb43e262919f773c1,22.25,,0.0,,0.0,,0,false,0.02208980374405436,0.19327724133291505,2.0871238016501626e-05,,0.0,188,0.0,,0.0,0.0,true,true,C,10,10,,3
phase_1,phase1-qwen2.5-7b-2026-08-17,empirical,Qwen/Qwen2.5-7B-Instruct,a09a35458c702b33eeacc393d103063234e8bc28,DGS-038,discovery,hard,history,hard__accurate__hostile,factorial,accurate,hostile,onset_washout,15c80752c9b25e59eaea0efc70cb953466ce2bca364c0a77d0ba5e6d9692c032,,m1_candidate_absent_A,0.0,,0.0,,0,false,0.001407853493111389,0.013642198385769267,8.449103053309592e-08,,0.0,188,0.0,,0.0,0.0,true,true,C,10,10,,3
phase_1,phase1-qwen2.5-7b-2026-08-17,empirical,Qwen/Qwen2.5-7B-Instruct,a09a35458c702b33eeacc393d103063234e8bc28,DGS-038,discovery,hard,history,hard__accurate__neutral,factorial,accurate,neutral,measured,92e413b955a96e5ba7f3a9a896f58227dca138ad0a152931f4f0237e3c58dfb0,,m1_candidate_absent_A,0.0,,0.0,,0,false,0.012157441378477067,0.11552230795562043,9.834561469912462e-06,,0.0,188,0.0,,0.0,0.0,true,true,C,10,10,,3
phase_1,phase1-qwen2.5-7b-2026-08-17,empirical,Qwen/Qwen2.5-7B-Instruct,a09a35458c702b33eeacc393d103063234e8bc28,DGS-038,discovery,hard,history,hard__accurate__neutral,factorial,accurate,neutral,onset,b4458b5f31e08133c233f449d08ec85c532f601f84db38d5a73c7b7f01392f73,22.1875,,0.0,,0.0,,0,false,0.006087324838015126,0.05483544580031449,4.077918850094796e-06,,0.0,188,0.0,,0.0,0.0,true,true,C,10,10,,3
phase_1,phase1-qwen2.5-7b-2026-08-17,empirical,Qwen/Qwen2.5-7B-Instruct,a09a35458c702b33eeacc393d103063234e8bc28,DGS-038,discovery,hard,history,hard__accurate__neutral,factorial,accurate,neutral,onset_washout,26947f79049de49c50d3affee5725e65ed87e40e991efde5b9787b9011016c6d,,m1_candidate_absent_A,0.0,,0.0,,0,false,0.004727562755019711,0.04634364697890392,1.6077859556177692e-07,,0.0,188,0.0,,0.0,0.0,true,true,C,10,10,,3
phase_1,phase1-qwen2.5-7b-2026-08-17,empirical,Qwen/Qwen2.5-7B-Instruct,a09a35458c702b33eeacc393d103063234e8bc28,DGS-038,discovery,hard,history,hard__malfunctioning_always_fail__hostile,factorial,malfunctioning_always_fail,hostile,measured,88d75cb88b5b1cf8fbf6956bf7d3fc2a21ec9be787fb7ba1c77b4a78fd09ac27,,m1_candidate_absent_A,0.0,,0.0,,0,false,0.14402190514586408,0.863166951076118,6.85138657620232e-05,,0.00819672131147541,167,-0.11170212765957446,,0.0,0.0,true,true,C,10,10,true,3
phase_1,phase1-qwen2.5-7b-2026-08-17,empirical,Qwen/Qwen2.5-7B-Instruct,a09a35458c702b33eeacc393d103063234e8bc28,DGS-038,discovery,hard,history,hard__malfunctioning_always_fail__hostile,factorial,malfunctioning_always_fail,hostile,recovery,a86f556571800a7ea6120fb7ac3984449521153c59612e5c8249d220df0bf53d,22.1875,,0.19999999999999996,,0.0,,0,false,0.029782476293539924,0.26530872354775153,3.40127169348642e-06,,0.008333333333333333,167,-0.11170212765957446,,0.0,0.0,true,true,C,10,10,true,3
phase_1,phase1-qwen2.5-7b-2026-08-17,empirical,Qwen/Qwen2.5-7B-Instruct,a09a35458c702b33eeacc393d103063234e8bc28,DGS-038,discovery,hard,history,hard__malfunctioning_always_fail__neutral,factorial,malfunctioning_always_fail,neutral,measured,6a9e82c02aa8fb7b9bddd79ed6c9525775b9e95d071a7c6324eaa9f2b9c39a2f,,m1_candidate_absent_A,0.0,,0.0,,0,false,0.021516581194696276,0.19921143079930567,3.079115958753573e-05,,0.0,188,0.0,,0.0,0.0,true,true,C,10,10,true,3
phase_1,phase1-qwen2.5-7b-2026-08-17,empirical,Qwen/Qwen2.5-7B-Instruct,a09a35458c702b33eeacc393d103063234e8bc28,DGS-038,discovery,hard,history,hard__malfunctioning_always_fail__neutral,factorial,malfunctioning_always_fail,neutral,recovery,09913c9f512ef959761ae84f48ea8863e4068e036fec961077ab552ba5a3c086,22.25,,0.30000000000000004,,0.0,,0,false,0.0011025242392668428,0.010121380258716854,4.3161778243859027e-07,,0.0,188,0.0,,0.0,0.0,true,true,C,10,10,true,3
